-- ========================================================
-- PRODUCTION SIMULATION SEED SCRIPT (Render/Aiven MySQL Safe)
-- Generates: 24 Regions, 52 Delegations, 10 Schools,
-- 200 Users, and 60 Evaluation Activities & Reports.
-- All generated simulation IDs start from 1000+ to preserve
-- your existing database records (IDs < 1000).
-- ========================================================

SET FOREIGN_KEY_CHECKS = 0;

-- 1. SAFE CLEANUP (Deletes simulation/old seeded records, leaves manual records safe)
DELETE FROM `lesson_progress` WHERE `id` >= 10;
DELETE FROM `inspections` WHERE `id` >= 10;
DELETE FROM `action_logs` WHERE `user_id` >= 10;
DELETE FROM `notifications` WHERE `recipient_id` >= 10;
DELETE FROM `messages` WHERE `sender_id` >= 10;
DELETE FROM `conversations` WHERE `user1_id` >= 10 OR `user2_id` >= 10;
DELETE FROM `activity_guests` WHERE `teacher_profile_id` >= 10 OR `activity_id` >= 1000 OR `activity_id` IN (SELECT `id` FROM `activities` WHERE `inspector_user_id` >= 100);
DELETE FROM `activity_reports` WHERE `id` >= 1000 OR `inspector_user_id` >= 100;
DELETE FROM `activities` WHERE `id` >= 1000 OR `inspector_user_id` >= 100;
DELETE FROM `quiz_submissions` WHERE `id` >= 10;
DELETE FROM `quiz_questions` WHERE `id` >= 10;
DELETE FROM `quiz_assignments` WHERE `quiz_id` >= 10 OR `teacher_id` >= 10;
DELETE FROM `quizzes` WHERE `id` >= 10;
DELETE FROM `course_assignments` WHERE `id` >= 10;
DELETE FROM `course_lessons` WHERE `id` >= 10;
DELETE FROM `course_modules` WHERE `id` >= 10;
DELETE FROM `courses` WHERE `id` >= 10;
DELETE FROM `timetable_slots` WHERE `id` >= 10;
DELETE FROM `profile_delegations` WHERE `profile_id` >= 10;
DELETE FROM `profile_dependencies` WHERE `profile_id` >= 10;
DELETE FROM `profile_departments` WHERE `profile_id` >= 10;
DELETE FROM `profile_etablissements` WHERE `profile_id` >= 10;
DELETE FROM `teacher_profiles` WHERE `id` >= 10;
DELETE FROM `inspector_profiles` WHERE `id` >= 10;
DELETE FROM `etablissements` WHERE `id` >= 10;
DELETE FROM `dependencies` WHERE `id` >= 10;
DELETE FROM `departments` WHERE `id` >= 10;
DELETE FROM `delegations` WHERE `id` >= 10;
DELETE FROM `regions` WHERE `id` >= 10;
DELETE FROM `users` WHERE `id` >= 10;

-- 2. SEED REGIONS (The 24 Governorates of Tunisia, offset to 1000)
INSERT INTO `regions` (`id`, `name`) VALUES 
(1000, 'Tunis Region'),
(1001, 'Ariana Region'),
(1002, 'Ben Arous Region'),
(1003, 'Manouba Region'),
(1004, 'Nabeul Region'),
(1005, 'Zaghouan Region'),
(1006, 'Bizerte Region'),
(1007, 'Béja Region'),
(1008, 'Jendouba Region'),
(1009, 'Le Kef Region'),
(1010, 'Siliana Region'),
(1011, 'Sousse Region'),
(1012, 'Monastir Region'),
(1013, 'Mahdia Region'),
(1014, 'Sfax Region'),
(1015, 'Kairouan Region'),
(1016, 'Kasserine Region'),
(1017, 'Sidi Bouzid Region'),
(1018, 'Gabès Region'),
(1019, 'Medenine Region'),
(1020, 'Tataouine Region'),
(1021, 'Gafsa Region'),
(1022, 'Tozeur Region'),
(1023, 'Kebili Region');

-- 3. SEED DELEGATIONS (52 delegations offset to 1000)
INSERT INTO `delegations` (`id`, `name`, `region_id`) VALUES 
(1000, 'Tunis Medina Del', 1000),
(1001, 'Sidi El Béchir Del', 1000),
(1002, 'La Marsa Del', 1000),
(1003, 'Le Bardo Del', 1000),
(1004, 'Carthage Del', 1000),
(1005, 'El Omrane Del', 1000),
(1006, 'El Menzah Del', 1000),
(1007, 'Hay El Khadra Del', 1000),
(1008, 'La Goulette Del', 1000),
(1009, 'Sidi Hassine Del', 1000),
(1010, 'Ariana Ville Del', 1001),
(1011, 'La Soukra Del', 1001),
(1012, 'Raoued Del', 1001),
(1013, 'Kalâat el-Andalous Del', 1001),
(1014, 'Sidi Thabet Del', 1001),
(1015, 'Mnihla Del', 1001),
(1016, 'Ben Arous Ville Del', 1002),
(1017, 'Megrine Del', 1002),
(1018, 'Radès Del', 1002),
(1019, 'Hammam Lif Del', 1002),
(1020, 'Bou Mhel el-Bassatine Del', 1002),
(1021, 'Ezzahra Del', 1002),
(1022, 'Nabeul Ville Del', 1004),
(1023, 'Hammamet Del', 1004),
(1024, 'Korba Del', 1004),
(1025, 'Menzel Temime Del', 1004),
(1026, 'Kelibia Del', 1004),
(1027, 'Soliman Del', 1004),
(1028, 'Grombalia Del', 1004),
(1029, 'Dar Châabane El Fehri Del', 1004),
(1030, 'Sousse Medina Del', 1011),
(1031, 'Sousse Riadh Del', 1011),
(1032, 'Akouda Del', 1011),
(1033, 'Hammam Sousse Del', 1011),
(1034, 'Kalaâ Kebira Del', 1011),
(1035, 'Kalaâ Seghira Del', 1011),
(1036, 'Msaken Del', 1011),
(1037, 'Sousse Jaouhara Del', 1011),
(1038, 'Monastir Ville Del', 1012),
(1039, 'Moknine Del', 1012),
(1040, 'Jemmal Del', 1012),
(1041, 'Ksar Hellal Del', 1012),
(1042, 'Téboulba Del', 1012),
(1043, 'Bekalta Del', 1012),
(1044, 'Sfax Ville Del', 1014),
(1045, 'Sfax Ouest Del', 1014),
(1046, 'Sakiet Ezzit Del', 1014),
(1047, 'Sakiet Eddaier Del', 1014),
(1048, 'Sfax Sud Del', 1014),
(1049, 'Thyna Del', 1014),
(1050, 'El Hencha Del', 1014),
(1051, 'Jebeniana Del', 1014);

-- 4. SEED DEPARTMENTS (Starting at ID 1000)
INSERT INTO `departments` (`id`, `name`, `delegation_id`) VALUES
(1000, 'Direction Régionale Tunis 1', 1000),
(1001, 'Direction Régionale Sousse', 1030),
(1002, 'Direction Régionale Sfax', 1044);

-- 5. SEED DEPENDENCIES (Starting at ID 1000)
INSERT INTO `dependencies` (`id`, `name`, `delegation_id`) VALUES
(1000, 'Circonscription Tunis 1', 1000),
(1001, 'Circonscription Sousse Nord', 1030),
(1002, 'Circonscription Sfax Est', 1044);

-- 6. SEED ETABLISSEMENTS (Schools starting at ID 1000)
INSERT INTO `etablissements` (`id`, `name`, `school_level`, `dependency_id`) VALUES 
(1000, 'Lycée Pilote Tunis', 'SECONDARY', 1000),
(1001, 'Lycée Rue du Pacha', 'SECONDARY', 1000),
(1002, 'Collège Sadiki', 'PREPARATORY', 1000),
(1003, 'Lycée Pilote Sousse', 'SECONDARY', 1001),
(1004, 'Lycée Tahar Sfar Sousse', 'SECONDARY', 1001),
(1005, 'Lycée Pilote Sfax', 'SECONDARY', 1002),
(1006, 'Collège Majida Boulila', 'PREPARATORY', 1002),
(1007, 'Lycée Carthage Presidence', 'SECONDARY', 1000),
(1008, 'Lycée Ibn Charaf Tunis', 'SECONDARY', 1000),
(1009, 'Collège Pilote Les Berges du Lac', 'PREPARATORY', 1000);

-- 7. SEED USERS (200 Users: 1 Admin, 30 Inspectors, 169 Teachers)
-- Password for all is 'password' (bcrypt hash below)

-- 7.1 Admin (1 User)
INSERT INTO `users` (`id`, `enabled`, `is_microsoft_connected`, `profile_completed`, `created_at`, `serial_code`, `email`, `password`, `role`) VALUES
(1000, 1, 0, 1, NOW(), 'ADMIN-1000', 'admin.system@inspector.tn', '$2a$10$8.UnVuG9HHgffUDAlk8qfOuVGkqRzgVymGe07xd00DMxs.TVu4ATA', 'ADMIN');

-- 7.2 Inspectors (30 Users: IDs 1101 to 1130)
INSERT INTO `users` (`id`, `enabled`, `is_microsoft_connected`, `profile_completed`, `created_at`, `serial_code`, `email`, `password`, `role`) VALUES
(1101, 1, 0, 1, NOW(), 'I-1101', 'inspector.1@inspector.tn', '$2a$10$8.UnVuG9HHgffUDAlk8qfOuVGkqRzgVymGe07xd00DMxs.TVu4ATA', 'INSPECTOR'),
(1102, 1, 0, 1, NOW(), 'I-1102', 'inspector.2@inspector.tn', '$2a$10$8.UnVuG9HHgffUDAlk8qfOuVGkqRzgVymGe07xd00DMxs.TVu4ATA', 'INSPECTOR'),
(1103, 1, 0, 1, NOW(), 'I-1103', 'inspector.3@inspector.tn', '$2a$10$8.UnVuG9HHgffUDAlk8qfOuVGkqRzgVymGe07xd00DMxs.TVu4ATA', 'INSPECTOR'),
(1104, 1, 0, 1, NOW(), 'I-1104', 'inspector.4@inspector.tn', '$2a$10$8.UnVuG9HHgffUDAlk8qfOuVGkqRzgVymGe07xd00DMxs.TVu4ATA', 'INSPECTOR'),
(1105, 1, 0, 1, NOW(), 'I-1105', 'inspector.5@inspector.tn', '$2a$10$8.UnVuG9HHgffUDAlk8qfOuVGkqRzgVymGe07xd00DMxs.TVu4ATA', 'INSPECTOR'),
(1106, 1, 0, 1, NOW(), 'I-1106', 'inspector.6@inspector.tn', '$2a$10$8.UnVuG9HHgffUDAlk8qfOuVGkqRzgVymGe07xd00DMxs.TVu4ATA', 'INSPECTOR'),
(1107, 1, 0, 1, NOW(), 'I-1107', 'inspector.7@inspector.tn', '$2a$10$8.UnVuG9HHgffUDAlk8qfOuVGkqRzgVymGe07xd00DMxs.TVu4ATA', 'INSPECTOR'),
(1108, 1, 0, 1, NOW(), 'I-1108', 'inspector.8@inspector.tn', '$2a$10$8.UnVuG9HHgffUDAlk8qfOuVGkqRzgVymGe07xd00DMxs.TVu4ATA', 'INSPECTOR'),
(1109, 1, 0, 1, NOW(), 'I-1109', 'inspector.9@inspector.tn', '$2a$10$8.UnVuG9HHgffUDAlk8qfOuVGkqRzgVymGe07xd00DMxs.TVu4ATA', 'INSPECTOR'),
(1110, 1, 0, 1, NOW(), 'I-1110', 'inspector.10@inspector.tn', '$2a$10$8.UnVuG9HHgffUDAlk8qfOuVGkqRzgVymGe07xd00DMxs.TVu4ATA', 'INSPECTOR'),
(1111, 1, 0, 1, NOW(), 'I-1111', 'inspector.11@inspector.tn', '$2a$10$8.UnVuG9HHgffUDAlk8qfOuVGkqRzgVymGe07xd00DMxs.TVu4ATA', 'INSPECTOR'),
(1112, 1, 0, 1, NOW(), 'I-1112', 'inspector.12@inspector.tn', '$2a$10$8.UnVuG9HHgffUDAlk8qfOuVGkqRzgVymGe07xd00DMxs.TVu4ATA', 'INSPECTOR'),
(1113, 1, 0, 1, NOW(), 'I-1113', 'inspector.13@inspector.tn', '$2a$10$8.UnVuG9HHgffUDAlk8qfOuVGkqRzgVymGe07xd00DMxs.TVu4ATA', 'INSPECTOR'),
(1114, 1, 0, 1, NOW(), 'I-1114', 'inspector.14@inspector.tn', '$2a$10$8.UnVuG9HHgffUDAlk8qfOuVGkqRzgVymGe07xd00DMxs.TVu4ATA', 'INSPECTOR'),
(1115, 1, 0, 1, NOW(), 'I-1115', 'inspector.15@inspector.tn', '$2a$10$8.UnVuG9HHgffUDAlk8qfOuVGkqRzgVymGe07xd00DMxs.TVu4ATA', 'INSPECTOR'),
(1116, 1, 0, 1, NOW(), 'I-1116', 'inspector.16@inspector.tn', '$2a$10$8.UnVuG9HHgffUDAlk8qfOuVGkqRzgVymGe07xd00DMxs.TVu4ATA', 'INSPECTOR'),
(1117, 1, 0, 1, NOW(), 'I-1117', 'inspector.17@inspector.tn', '$2a$10$8.UnVuG9HHgffUDAlk8qfOuVGkqRzgVymGe07xd00DMxs.TVu4ATA', 'INSPECTOR'),
(1118, 1, 0, 1, NOW(), 'I-1118', 'inspector.18@inspector.tn', '$2a$10$8.UnVuG9HHgffUDAlk8qfOuVGkqRzgVymGe07xd00DMxs.TVu4ATA', 'INSPECTOR'),
(1119, 1, 0, 1, NOW(), 'I-1119', 'inspector.19@inspector.tn', '$2a$10$8.UnVuG9HHgffUDAlk8qfOuVGkqRzgVymGe07xd00DMxs.TVu4ATA', 'INSPECTOR'),
(1120, 1, 0, 1, NOW(), 'I-1120', 'inspector.20@inspector.tn', '$2a$10$8.UnVuG9HHgffUDAlk8qfOuVGkqRzgVymGe07xd00DMxs.TVu4ATA', 'INSPECTOR'),
(1121, 1, 0, 1, NOW(), 'I-1121', 'inspector.21@inspector.tn', '$2a$10$8.UnVuG9HHgffUDAlk8qfOuVGkqRzgVymGe07xd00DMxs.TVu4ATA', 'INSPECTOR'),
(1122, 1, 0, 1, NOW(), 'I-1122', 'inspector.22@inspector.tn', '$2a$10$8.UnVuG9HHgffUDAlk8qfOuVGkqRzgVymGe07xd00DMxs.TVu4ATA', 'INSPECTOR'),
(1123, 1, 0, 1, NOW(), 'I-1123', 'inspector.23@inspector.tn', '$2a$10$8.UnVuG9HHgffUDAlk8qfOuVGkqRzgVymGe07xd00DMxs.TVu4ATA', 'INSPECTOR'),
(1124, 1, 0, 1, NOW(), 'I-1124', 'inspector.24@inspector.tn', '$2a$10$8.UnVuG9HHgffUDAlk8qfOuVGkqRzgVymGe07xd00DMxs.TVu4ATA', 'INSPECTOR'),
(1125, 1, 0, 1, NOW(), 'I-1125', 'inspector.25@inspector.tn', '$2a$10$8.UnVuG9HHgffUDAlk8qfOuVGkqRzgVymGe07xd00DMxs.TVu4ATA', 'INSPECTOR'),
(1126, 1, 0, 1, NOW(), 'I-1126', 'inspector.26@inspector.tn', '$2a$10$8.UnVuG9HHgffUDAlk8qfOuVGkqRzgVymGe07xd00DMxs.TVu4ATA', 'INSPECTOR'),
(1127, 1, 0, 1, NOW(), 'I-1127', 'inspector.27@inspector.tn', '$2a$10$8.UnVuG9HHgffUDAlk8qfOuVGkqRzgVymGe07xd00DMxs.TVu4ATA', 'INSPECTOR'),
(1128, 1, 0, 1, NOW(), 'I-1128', 'inspector.28@inspector.tn', '$2a$10$8.UnVuG9HHgffUDAlk8qfOuVGkqRzgVymGe07xd00DMxs.TVu4ATA', 'INSPECTOR'),
(1129, 1, 0, 1, NOW(), 'I-1129', 'inspector.29@inspector.tn', '$2a$10$8.UnVuG9HHgffUDAlk8qfOuVGkqRzgVymGe07xd00DMxs.TVu4ATA', 'INSPECTOR'),
(1130, 1, 0, 1, NOW(), 'I-1130', 'inspector.30@inspector.tn', '$2a$10$8.UnVuG9HHgffUDAlk8qfOuVGkqRzgVymGe07xd00DMxs.TVu4ATA', 'INSPECTOR');

-- 7.3 Teachers (169 Users: IDs 1200 to 1368)
INSERT INTO `users` (`id`, `enabled`, `is_microsoft_connected`, `profile_completed`, `created_at`, `serial_code`, `email`, `password`, `role`) VALUES
(1200, 1, 0, 1, NOW(), 'T-1200', 'teacher.0@edu.tn', '$2a$10$8.UnVuG9HHgffUDAlk8qfOuVGkqRzgVymGe07xd00DMxs.TVu4ATA', 'TEACHER'),
(1201, 1, 0, 1, NOW(), 'T-1201', 'teacher.1@edu.tn', '$2a$10$8.UnVuG9HHgffUDAlk8qfOuVGkqRzgVymGe07xd00DMxs.TVu4ATA', 'TEACHER'),
(1202, 1, 0, 1, NOW(), 'T-1202', 'teacher.2@edu.tn', '$2a$10$8.UnVuG9HHgffUDAlk8qfOuVGkqRzgVymGe07xd00DMxs.TVu4ATA', 'TEACHER'),
(1203, 1, 0, 1, NOW(), 'T-1203', 'teacher.3@edu.tn', '$2a$10$8.UnVuG9HHgffUDAlk8qfOuVGkqRzgVymGe07xd00DMxs.TVu4ATA', 'TEACHER'),
(1204, 1, 0, 1, NOW(), 'T-1204', 'teacher.4@edu.tn', '$2a$10$8.UnVuG9HHgffUDAlk8qfOuVGkqRzgVymGe07xd00DMxs.TVu4ATA', 'TEACHER'),
(1205, 1, 0, 1, NOW(), 'T-1205', 'teacher.5@edu.tn', '$2a$10$8.UnVuG9HHgffUDAlk8qfOuVGkqRzgVymGe07xd00DMxs.TVu4ATA', 'TEACHER'),
(1206, 1, 0, 1, NOW(), 'T-1206', 'teacher.6@edu.tn', '$2a$10$8.UnVuG9HHgffUDAlk8qfOuVGkqRzgVymGe07xd00DMxs.TVu4ATA', 'TEACHER'),
(1207, 1, 0, 1, NOW(), 'T-1207', 'teacher.7@edu.tn', '$2a$10$8.UnVuG9HHgffUDAlk8qfOuVGkqRzgVymGe07xd00DMxs.TVu4ATA', 'TEACHER'),
(1208, 1, 0, 1, NOW(), 'T-1208', 'teacher.8@edu.tn', '$2a$10$8.UnVuG9HHgffUDAlk8qfOuVGkqRzgVymGe07xd00DMxs.TVu4ATA', 'TEACHER'),
(1209, 1, 0, 1, NOW(), 'T-1209', 'teacher.9@edu.tn', '$2a$10$8.UnVuG9HHgffUDAlk8qfOuVGkqRzgVymGe07xd00DMxs.TVu4ATA', 'TEACHER'),
(1210, 1, 0, 1, NOW(), 'T-1210', 'teacher.10@edu.tn', '$2a$10$8.UnVuG9HHgffUDAlk8qfOuVGkqRzgVymGe07xd00DMxs.TVu4ATA', 'TEACHER'),
(1211, 1, 0, 1, NOW(), 'T-1211', 'teacher.11@edu.tn', '$2a$10$8.UnVuG9HHgffUDAlk8qfOuVGkqRzgVymGe07xd00DMxs.TVu4ATA', 'TEACHER'),
(1212, 1, 0, 1, NOW(), 'T-1212', 'teacher.12@edu.tn', '$2a$10$8.UnVuG9HHgffUDAlk8qfOuVGkqRzgVymGe07xd00DMxs.TVu4ATA', 'TEACHER'),
(1213, 1, 0, 1, NOW(), 'T-1213', 'teacher.13@edu.tn', '$2a$10$8.UnVuG9HHgffUDAlk8qfOuVGkqRzgVymGe07xd00DMxs.TVu4ATA', 'TEACHER'),
(1214, 1, 0, 1, NOW(), 'T-1214', 'teacher.14@edu.tn', '$2a$10$8.UnVuG9HHgffUDAlk8qfOuVGkqRzgVymGe07xd00DMxs.TVu4ATA', 'TEACHER'),
(1215, 1, 0, 1, NOW(), 'T-1215', 'teacher.15@edu.tn', '$2a$10$8.UnVuG9HHgffUDAlk8qfOuVGkqRzgVymGe07xd00DMxs.TVu4ATA', 'TEACHER'),
(1216, 1, 0, 1, NOW(), 'T-1216', 'teacher.16@edu.tn', '$2a$10$8.UnVuG9HHgffUDAlk8qfOuVGkqRzgVymGe07xd00DMxs.TVu4ATA', 'TEACHER'),
(1217, 1, 0, 1, NOW(), 'T-1217', 'teacher.17@edu.tn', '$2a$10$8.UnVuG9HHgffUDAlk8qfOuVGkqRzgVymGe07xd00DMxs.TVu4ATA', 'TEACHER'),
(1218, 1, 0, 1, NOW(), 'T-1218', 'teacher.18@edu.tn', '$2a$10$8.UnVuG9HHgffUDAlk8qfOuVGkqRzgVymGe07xd00DMxs.TVu4ATA', 'TEACHER'),
(1219, 1, 0, 1, NOW(), 'T-1219', 'teacher.19@edu.tn', '$2a$10$8.UnVuG9HHgffUDAlk8qfOuVGkqRzgVymGe07xd00DMxs.TVu4ATA', 'TEACHER'),
(1220, 1, 0, 1, NOW(), 'T-1220', 'teacher.20@edu.tn', '$2a$10$8.UnVuG9HHgffUDAlk8qfOuVGkqRzgVymGe07xd00DMxs.TVu4ATA', 'TEACHER'),
(1221, 1, 0, 1, NOW(), 'T-1221', 'teacher.21@edu.tn', '$2a$10$8.UnVuG9HHgffUDAlk8qfOuVGkqRzgVymGe07xd00DMxs.TVu4ATA', 'TEACHER'),
(1222, 1, 0, 1, NOW(), 'T-1222', 'teacher.22@edu.tn', '$2a$10$8.UnVuG9HHgffUDAlk8qfOuVGkqRzgVymGe07xd00DMxs.TVu4ATA', 'TEACHER'),
(1223, 1, 0, 1, NOW(), 'T-1223', 'teacher.23@edu.tn', '$2a$10$8.UnVuG9HHgffUDAlk8qfOuVGkqRzgVymGe07xd00DMxs.TVu4ATA', 'TEACHER'),
(1224, 1, 0, 1, NOW(), 'T-1224', 'teacher.24@edu.tn', '$2a$10$8.UnVuG9HHgffUDAlk8qfOuVGkqRzgVymGe07xd00DMxs.TVu4ATA', 'TEACHER'),
(1225, 1, 0, 1, NOW(), 'T-1225', 'teacher.25@edu.tn', '$2a$10$8.UnVuG9HHgffUDAlk8qfOuVGkqRzgVymGe07xd00DMxs.TVu4ATA', 'TEACHER'),
(1226, 1, 0, 1, NOW(), 'T-1226', 'teacher.26@edu.tn', '$2a$10$8.UnVuG9HHgffUDAlk8qfOuVGkqRzgVymGe07xd00DMxs.TVu4ATA', 'TEACHER'),
(1227, 1, 0, 1, NOW(), 'T-1227', 'teacher.27@edu.tn', '$2a$10$8.UnVuG9HHgffUDAlk8qfOuVGkqRzgVymGe07xd00DMxs.TVu4ATA', 'TEACHER'),
(1228, 1, 0, 1, NOW(), 'T-1228', 'teacher.28@edu.tn', '$2a$10$8.UnVuG9HHgffUDAlk8qfOuVGkqRzgVymGe07xd00DMxs.TVu4ATA', 'TEACHER'),
(1229, 1, 0, 1, NOW(), 'T-1229', 'teacher.29@edu.tn', '$2a$10$8.UnVuG9HHgffUDAlk8qfOuVGkqRzgVymGe07xd00DMxs.TVu4ATA', 'TEACHER'),
(1230, 1, 0, 1, NOW(), 'T-1230', 'teacher.30@edu.tn', '$2a$10$8.UnVuG9HHgffUDAlk8qfOuVGkqRzgVymGe07xd00DMxs.TVu4ATA', 'TEACHER'),
(1231, 1, 0, 1, NOW(), 'T-1231', 'teacher.31@edu.tn', '$2a$10$8.UnVuG9HHgffUDAlk8qfOuVGkqRzgVymGe07xd00DMxs.TVu4ATA', 'TEACHER'),
(1232, 1, 0, 1, NOW(), 'T-1232', 'teacher.32@edu.tn', '$2a$10$8.UnVuG9HHgffUDAlk8qfOuVGkqRzgVymGe07xd00DMxs.TVu4ATA', 'TEACHER'),
(1233, 1, 0, 1, NOW(), 'T-1233', 'teacher.33@edu.tn', '$2a$10$8.UnVuG9HHgffUDAlk8qfOuVGkqRzgVymGe07xd00DMxs.TVu4ATA', 'TEACHER'),
(1234, 1, 0, 1, NOW(), 'T-1234', 'teacher.34@edu.tn', '$2a$10$8.UnVuG9HHgffUDAlk8qfOuVGkqRzgVymGe07xd00DMxs.TVu4ATA', 'TEACHER'),
(1235, 1, 0, 1, NOW(), 'T-1235', 'teacher.35@edu.tn', '$2a$10$8.UnVuG9HHgffUDAlk8qfOuVGkqRzgVymGe07xd00DMxs.TVu4ATA', 'TEACHER'),
(1236, 1, 0, 1, NOW(), 'T-1236', 'teacher.36@edu.tn', '$2a$10$8.UnVuG9HHgffUDAlk8qfOuVGkqRzgVymGe07xd00DMxs.TVu4ATA', 'TEACHER'),
(1237, 1, 0, 1, NOW(), 'T-1237', 'teacher.37@edu.tn', '$2a$10$8.UnVuG9HHgffUDAlk8qfOuVGkqRzgVymGe07xd00DMxs.TVu4ATA', 'TEACHER'),
(1238, 1, 0, 1, NOW(), 'T-1238', 'teacher.38@edu.tn', '$2a$10$8.UnVuG9HHgffUDAlk8qfOuVGkqRzgVymGe07xd00DMxs.TVu4ATA', 'TEACHER'),
(1239, 1, 0, 1, NOW(), 'T-1239', 'teacher.39@edu.tn', '$2a$10$8.UnVuG9HHgffUDAlk8qfOuVGkqRzgVymGe07xd00DMxs.TVu4ATA', 'TEACHER'),
(1240, 1, 0, 1, NOW(), 'T-1240', 'teacher.40@edu.tn', '$2a$10$8.UnVuG9HHgffUDAlk8qfOuVGkqRzgVymGe07xd00DMxs.TVu4ATA', 'TEACHER'),
(1241, 1, 0, 1, NOW(), 'T-1241', 'teacher.41@edu.tn', '$2a$10$8.UnVuG9HHgffUDAlk8qfOuVGkqRzgVymGe07xd00DMxs.TVu4ATA', 'TEACHER'),
(1242, 1, 0, 1, NOW(), 'T-1242', 'teacher.42@edu.tn', '$2a$10$8.UnVuG9HHgffUDAlk8qfOuVGkqRzgVymGe07xd00DMxs.TVu4ATA', 'TEACHER'),
(1243, 1, 0, 1, NOW(), 'T-1243', 'teacher.43@edu.tn', '$2a$10$8.UnVuG9HHgffUDAlk8qfOuVGkqRzgVymGe07xd00DMxs.TVu4ATA', 'TEACHER'),
(1244, 1, 0, 1, NOW(), 'T-1244', 'teacher.44@edu.tn', '$2a$10$8.UnVuG9HHgffUDAlk8qfOuVGkqRzgVymGe07xd00DMxs.TVu4ATA', 'TEACHER'),
(1245, 1, 0, 1, NOW(), 'T-1245', 'teacher.45@edu.tn', '$2a$10$8.UnVuG9HHgffUDAlk8qfOuVGkqRzgVymGe07xd00DMxs.TVu4ATA', 'TEACHER'),
(1246, 1, 0, 1, NOW(), 'T-1246', 'teacher.46@edu.tn', '$2a$10$8.UnVuG9HHgffUDAlk8qfOuVGkqRzgVymGe07xd00DMxs.TVu4ATA', 'TEACHER'),
(1247, 1, 0, 1, NOW(), 'T-1247', 'teacher.47@edu.tn', '$2a$10$8.UnVuG9HHgffUDAlk8qfOuVGkqRzgVymGe07xd00DMxs.TVu4ATA', 'TEACHER'),
(1248, 1, 0, 1, NOW(), 'T-1248', 'teacher.48@edu.tn', '$2a$10$8.UnVuG9HHgffUDAlk8qfOuVGkqRzgVymGe07xd00DMxs.TVu4ATA', 'TEACHER'),
(1249, 1, 0, 1, NOW(), 'T-1249', 'teacher.49@edu.tn', '$2a$10$8.UnVuG9HHgffUDAlk8qfOuVGkqRzgVymGe07xd00DMxs.TVu4ATA', 'TEACHER'),
(1250, 1, 0, 1, NOW(), 'T-1250', 'teacher.50@edu.tn', '$2a$10$8.UnVuG9HHgffUDAlk8qfOuVGkqRzgVymGe07xd00DMxs.TVu4ATA', 'TEACHER'),
(1251, 1, 0, 1, NOW(), 'T-1251', 'teacher.51@edu.tn', '$2a$10$8.UnVuG9HHgffUDAlk8qfOuVGkqRzgVymGe07xd00DMxs.TVu4ATA', 'TEACHER'),
(1252, 1, 0, 1, NOW(), 'T-1252', 'teacher.52@edu.tn', '$2a$10$8.UnVuG9HHgffUDAlk8qfOuVGkqRzgVymGe07xd00DMxs.TVu4ATA', 'TEACHER'),
(1253, 1, 0, 1, NOW(), 'T-1253', 'teacher.53@edu.tn', '$2a$10$8.UnVuG9HHgffUDAlk8qfOuVGkqRzgVymGe07xd00DMxs.TVu4ATA', 'TEACHER'),
(1254, 1, 0, 1, NOW(), 'T-1254', 'teacher.54@edu.tn', '$2a$10$8.UnVuG9HHgffUDAlk8qfOuVGkqRzgVymGe07xd00DMxs.TVu4ATA', 'TEACHER'),
(1255, 1, 0, 1, NOW(), 'T-1255', 'teacher.55@edu.tn', '$2a$10$8.UnVuG9HHgffUDAlk8qfOuVGkqRzgVymGe07xd00DMxs.TVu4ATA', 'TEACHER'),
(1256, 1, 0, 1, NOW(), 'T-1256', 'teacher.56@edu.tn', '$2a$10$8.UnVuG9HHgffUDAlk8qfOuVGkqRzgVymGe07xd00DMxs.TVu4ATA', 'TEACHER'),
(1257, 1, 0, 1, NOW(), 'T-1257', 'teacher.57@edu.tn', '$2a$10$8.UnVuG9HHgffUDAlk8qfOuVGkqRzgVymGe07xd00DMxs.TVu4ATA', 'TEACHER'),
(1258, 1, 0, 1, NOW(), 'T-1258', 'teacher.58@edu.tn', '$2a$10$8.UnVuG9HHgffUDAlk8qfOuVGkqRzgVymGe07xd00DMxs.TVu4ATA', 'TEACHER'),
(1259, 1, 0, 1, NOW(), 'T-1259', 'teacher.59@edu.tn', '$2a$10$8.UnVuG9HHgffUDAlk8qfOuVGkqRzgVymGe07xd00DMxs.TVu4ATA', 'TEACHER'),
(1260, 1, 0, 1, NOW(), 'T-1260', 'teacher.60@edu.tn', '$2a$10$8.UnVuG9HHgffUDAlk8qfOuVGkqRzgVymGe07xd00DMxs.TVu4ATA', 'TEACHER'),
(1261, 1, 0, 1, NOW(), 'T-1261', 'teacher.61@edu.tn', '$2a$10$8.UnVuG9HHgffUDAlk8qfOuVGkqRzgVymGe07xd00DMxs.TVu4ATA', 'TEACHER'),
(1262, 1, 0, 1, NOW(), 'T-1262', 'teacher.62@edu.tn', '$2a$10$8.UnVuG9HHgffUDAlk8qfOuVGkqRzgVymGe07xd00DMxs.TVu4ATA', 'TEACHER'),
(1263, 1, 0, 1, NOW(), 'T-1263', 'teacher.63@edu.tn', '$2a$10$8.UnVuG9HHgffUDAlk8qfOuVGkqRzgVymGe07xd00DMxs.TVu4ATA', 'TEACHER'),
(1264, 1, 0, 1, NOW(), 'T-1264', 'teacher.64@edu.tn', '$2a$10$8.UnVuG9HHgffUDAlk8qfOuVGkqRzgVymGe07xd00DMxs.TVu4ATA', 'TEACHER'),
(1265, 1, 0, 1, NOW(), 'T-1265', 'teacher.65@edu.tn', '$2a$10$8.UnVuG9HHgffUDAlk8qfOuVGkqRzgVymGe07xd00DMxs.TVu4ATA', 'TEACHER'),
(1266, 1, 0, 1, NOW(), 'T-1266', 'teacher.66@edu.tn', '$2a$10$8.UnVuG9HHgffUDAlk8qfOuVGkqRzgVymGe07xd00DMxs.TVu4ATA', 'TEACHER'),
(1267, 1, 0, 1, NOW(), 'T-1267', 'teacher.67@edu.tn', '$2a$10$8.UnVuG9HHgffUDAlk8qfOuVGkqRzgVymGe07xd00DMxs.TVu4ATA', 'TEACHER'),
(1268, 1, 0, 1, NOW(), 'T-1268', 'teacher.68@edu.tn', '$2a$10$8.UnVuG9HHgffUDAlk8qfOuVGkqRzgVymGe07xd00DMxs.TVu4ATA', 'TEACHER'),
(1269, 1, 0, 1, NOW(), 'T-1269', 'teacher.69@edu.tn', '$2a$10$8.UnVuG9HHgffUDAlk8qfOuVGkqRzgVymGe07xd00DMxs.TVu4ATA', 'TEACHER'),
(1270, 1, 0, 1, NOW(), 'T-1270', 'teacher.70@edu.tn', '$2a$10$8.UnVuG9HHgffUDAlk8qfOuVGkqRzgVymGe07xd00DMxs.TVu4ATA', 'TEACHER'),
(1271, 1, 0, 1, NOW(), 'T-1271', 'teacher.71@edu.tn', '$2a$10$8.UnVuG9HHgffUDAlk8qfOuVGkqRzgVymGe07xd00DMxs.TVu4ATA', 'TEACHER'),
(1272, 1, 0, 1, NOW(), 'T-1272', 'teacher.72@edu.tn', '$2a$10$8.UnVuG9HHgffUDAlk8qfOuVGkqRzgVymGe07xd00DMxs.TVu4ATA', 'TEACHER'),
(1273, 1, 0, 1, NOW(), 'T-1273', 'teacher.73@edu.tn', '$2a$10$8.UnVuG9HHgffUDAlk8qfOuVGkqRzgVymGe07xd00DMxs.TVu4ATA', 'TEACHER'),
(1274, 1, 0, 1, NOW(), 'T-1274', 'teacher.74@edu.tn', '$2a$10$8.UnVuG9HHgffUDAlk8qfOuVGkqRzgVymGe07xd00DMxs.TVu4ATA', 'TEACHER'),
(1275, 1, 0, 1, NOW(), 'T-1275', 'teacher.75@edu.tn', '$2a$10$8.UnVuG9HHgffUDAlk8qfOuVGkqRzgVymGe07xd00DMxs.TVu4ATA', 'TEACHER'),
(1276, 1, 0, 1, NOW(), 'T-1276', 'teacher.76@edu.tn', '$2a$10$8.UnVuG9HHgffUDAlk8qfOuVGkqRzgVymGe07xd00DMxs.TVu4ATA', 'TEACHER'),
(1277, 1, 0, 1, NOW(), 'T-1277', 'teacher.77@edu.tn', '$2a$10$8.UnVuG9HHgffUDAlk8qfOuVGkqRzgVymGe07xd00DMxs.TVu4ATA', 'TEACHER'),
(1278, 1, 0, 1, NOW(), 'T-1278', 'teacher.78@edu.tn', '$2a$10$8.UnVuG9HHgffUDAlk8qfOuVGkqRzgVymGe07xd00DMxs.TVu4ATA', 'TEACHER'),
(1279, 1, 0, 1, NOW(), 'T-1279', 'teacher.79@edu.tn', '$2a$10$8.UnVuG9HHgffUDAlk8qfOuVGkqRzgVymGe07xd00DMxs.TVu4ATA', 'TEACHER'),
(1280, 1, 0, 1, NOW(), 'T-1280', 'teacher.80@edu.tn', '$2a$10$8.UnVuG9HHgffUDAlk8qfOuVGkqRzgVymGe07xd00DMxs.TVu4ATA', 'TEACHER'),
(1281, 1, 0, 1, NOW(), 'T-1281', 'teacher.81@edu.tn', '$2a$10$8.UnVuG9HHgffUDAlk8qfOuVGkqRzgVymGe07xd00DMxs.TVu4ATA', 'TEACHER'),
(1282, 1, 0, 1, NOW(), 'T-1282', 'teacher.82@edu.tn', '$2a$10$8.UnVuG9HHgffUDAlk8qfOuVGkqRzgVymGe07xd00DMxs.TVu4ATA', 'TEACHER'),
(1283, 1, 0, 1, NOW(), 'T-1283', 'teacher.83@edu.tn', '$2a$10$8.UnVuG9HHgffUDAlk8qfOuVGkqRzgVymGe07xd00DMxs.TVu4ATA', 'TEACHER'),
(1284, 1, 0, 1, NOW(), 'T-1284', 'teacher.84@edu.tn', '$2a$10$8.UnVuG9HHgffUDAlk8qfOuVGkqRzgVymGe07xd00DMxs.TVu4ATA', 'TEACHER'),
(1285, 1, 0, 1, NOW(), 'T-1285', 'teacher.85@edu.tn', '$2a$10$8.UnVuG9HHgffUDAlk8qfOuVGkqRzgVymGe07xd00DMxs.TVu4ATA', 'TEACHER'),
(1286, 1, 0, 1, NOW(), 'T-1286', 'teacher.86@edu.tn', '$2a$10$8.UnVuG9HHgffUDAlk8qfOuVGkqRzgVymGe07xd00DMxs.TVu4ATA', 'TEACHER'),
(1287, 1, 0, 1, NOW(), 'T-1287', 'teacher.87@edu.tn', '$2a$10$8.UnVuG9HHgffUDAlk8qfOuVGkqRzgVymGe07xd00DMxs.TVu4ATA', 'TEACHER'),
(1288, 1, 0, 1, NOW(), 'T-1288', 'teacher.88@edu.tn', '$2a$10$8.UnVuG9HHgffUDAlk8qfOuVGkqRzgVymGe07xd00DMxs.TVu4ATA', 'TEACHER'),
(1289, 1, 0, 1, NOW(), 'T-1289', 'teacher.89@edu.tn', '$2a$10$8.UnVuG9HHgffUDAlk8qfOuVGkqRzgVymGe07xd00DMxs.TVu4ATA', 'TEACHER'),
(1290, 1, 0, 1, NOW(), 'T-1290', 'teacher.90@edu.tn', '$2a$10$8.UnVuG9HHgffUDAlk8qfOuVGkqRzgVymGe07xd00DMxs.TVu4ATA', 'TEACHER'),
(1291, 1, 0, 1, NOW(), 'T-1291', 'teacher.91@edu.tn', '$2a$10$8.UnVuG9HHgffUDAlk8qfOuVGkqRzgVymGe07xd00DMxs.TVu4ATA', 'TEACHER'),
(1292, 1, 0, 1, NOW(), 'T-1292', 'teacher.92@edu.tn', '$2a$10$8.UnVuG9HHgffUDAlk8qfOuVGkqRzgVymGe07xd00DMxs.TVu4ATA', 'TEACHER'),
(1293, 1, 0, 1, NOW(), 'T-1293', 'teacher.93@edu.tn', '$2a$10$8.UnVuG9HHgffUDAlk8qfOuVGkqRzgVymGe07xd00DMxs.TVu4ATA', 'TEACHER'),
(1294, 1, 0, 1, NOW(), 'T-1294', 'teacher.94@edu.tn', '$2a$10$8.UnVuG9HHgffUDAlk8qfOuVGkqRzgVymGe07xd00DMxs.TVu4ATA', 'TEACHER'),
(1295, 1, 0, 1, NOW(), 'T-1295', 'teacher.95@edu.tn', '$2a$10$8.UnVuG9HHgffUDAlk8qfOuVGkqRzgVymGe07xd00DMxs.TVu4ATA', 'TEACHER'),
(1296, 1, 0, 1, NOW(), 'T-1296', 'teacher.96@edu.tn', '$2a$10$8.UnVuG9HHgffUDAlk8qfOuVGkqRzgVymGe07xd00DMxs.TVu4ATA', 'TEACHER'),
(1297, 1, 0, 1, NOW(), 'T-1297', 'teacher.97@edu.tn', '$2a$10$8.UnVuG9HHgffUDAlk8qfOuVGkqRzgVymGe07xd00DMxs.TVu4ATA', 'TEACHER'),
(1298, 1, 0, 1, NOW(), 'T-1298', 'teacher.98@edu.tn', '$2a$10$8.UnVuG9HHgffUDAlk8qfOuVGkqRzgVymGe07xd00DMxs.TVu4ATA', 'TEACHER'),
(1299, 1, 0, 1, NOW(), 'T-1299', 'teacher.99@edu.tn', '$2a$10$8.UnVuG9HHgffUDAlk8qfOuVGkqRzgVymGe07xd00DMxs.TVu4ATA', 'TEACHER'),
(1300, 1, 0, 1, NOW(), 'T-1300', 'teacher.100@edu.tn', '$2a$10$8.UnVuG9HHgffUDAlk8qfOuVGkqRzgVymGe07xd00DMxs.TVu4ATA', 'TEACHER'),
(1301, 1, 0, 1, NOW(), 'T-1301', 'teacher.101@edu.tn', '$2a$10$8.UnVuG9HHgffUDAlk8qfOuVGkqRzgVymGe07xd00DMxs.TVu4ATA', 'TEACHER'),
(1302, 1, 0, 1, NOW(), 'T-1302', 'teacher.102@edu.tn', '$2a$10$8.UnVuG9HHgffUDAlk8qfOuVGkqRzgVymGe07xd00DMxs.TVu4ATA', 'TEACHER'),
(1303, 1, 0, 1, NOW(), 'T-1303', 'teacher.103@edu.tn', '$2a$10$8.UnVuG9HHgffUDAlk8qfOuVGkqRzgVymGe07xd00DMxs.TVu4ATA', 'TEACHER'),
(1304, 1, 0, 1, NOW(), 'T-1304', 'teacher.104@edu.tn', '$2a$10$8.UnVuG9HHgffUDAlk8qfOuVGkqRzgVymGe07xd00DMxs.TVu4ATA', 'TEACHER'),
(1305, 1, 0, 1, NOW(), 'T-1305', 'teacher.105@edu.tn', '$2a$10$8.UnVuG9HHgffUDAlk8qfOuVGkqRzgVymGe07xd00DMxs.TVu4ATA', 'TEACHER'),
(1306, 1, 0, 1, NOW(), 'T-1306', 'teacher.106@edu.tn', '$2a$10$8.UnVuG9HHgffUDAlk8qfOuVGkqRzgVymGe07xd00DMxs.TVu4ATA', 'TEACHER'),
(1307, 1, 0, 1, NOW(), 'T-1307', 'teacher.107@edu.tn', '$2a$10$8.UnVuG9HHgffUDAlk8qfOuVGkqRzgVymGe07xd00DMxs.TVu4ATA', 'TEACHER'),
(1308, 1, 0, 1, NOW(), 'T-1308', 'teacher.108@edu.tn', '$2a$10$8.UnVuG9HHgffUDAlk8qfOuVGkqRzgVymGe07xd00DMxs.TVu4ATA', 'TEACHER'),
(1309, 1, 0, 1, NOW(), 'T-1309', 'teacher.109@edu.tn', '$2a$10$8.UnVuG9HHgffUDAlk8qfOuVGkqRzgVymGe07xd00DMxs.TVu4ATA', 'TEACHER'),
(1310, 1, 0, 1, NOW(), 'T-1310', 'teacher.110@edu.tn', '$2a$10$8.UnVuG9HHgffUDAlk8qfOuVGkqRzgVymGe07xd00DMxs.TVu4ATA', 'TEACHER'),
(1311, 1, 0, 1, NOW(), 'T-1311', 'teacher.111@edu.tn', '$2a$10$8.UnVuG9HHgffUDAlk8qfOuVGkqRzgVymGe07xd00DMxs.TVu4ATA', 'TEACHER'),
(1312, 1, 0, 1, NOW(), 'T-1312', 'teacher.112@edu.tn', '$2a$10$8.UnVuG9HHgffUDAlk8qfOuVGkqRzgVymGe07xd00DMxs.TVu4ATA', 'TEACHER'),
(1313, 1, 0, 1, NOW(), 'T-1313', 'teacher.113@edu.tn', '$2a$10$8.UnVuG9HHgffUDAlk8qfOuVGkqRzgVymGe07xd00DMxs.TVu4ATA', 'TEACHER'),
(1314, 1, 0, 1, NOW(), 'T-1314', 'teacher.114@edu.tn', '$2a$10$8.UnVuG9HHgffUDAlk8qfOuVGkqRzgVymGe07xd00DMxs.TVu4ATA', 'TEACHER'),
(1315, 1, 0, 1, NOW(), 'T-1315', 'teacher.115@edu.tn', '$2a$10$8.UnVuG9HHgffUDAlk8qfOuVGkqRzgVymGe07xd00DMxs.TVu4ATA', 'TEACHER'),
(1316, 1, 0, 1, NOW(), 'T-1316', 'teacher.116@edu.tn', '$2a$10$8.UnVuG9HHgffUDAlk8qfOuVGkqRzgVymGe07xd00DMxs.TVu4ATA', 'TEACHER'),
(1317, 1, 0, 1, NOW(), 'T-1317', 'teacher.117@edu.tn', '$2a$10$8.UnVuG9HHgffUDAlk8qfOuVGkqRzgVymGe07xd00DMxs.TVu4ATA', 'TEACHER'),
(1318, 1, 0, 1, NOW(), 'T-1318', 'teacher.118@edu.tn', '$2a$10$8.UnVuG9HHgffUDAlk8qfOuVGkqRzgVymGe07xd00DMxs.TVu4ATA', 'TEACHER'),
(1319, 1, 0, 1, NOW(), 'T-1319', 'teacher.119@edu.tn', '$2a$10$8.UnVuG9HHgffUDAlk8qfOuVGkqRzgVymGe07xd00DMxs.TVu4ATA', 'TEACHER'),
(1320, 1, 0, 1, NOW(), 'T-1320', 'teacher.120@edu.tn', '$2a$10$8.UnVuG9HHgffUDAlk8qfOuVGkqRzgVymGe07xd00DMxs.TVu4ATA', 'TEACHER'),
(1321, 1, 0, 1, NOW(), 'T-1321', 'teacher.121@edu.tn', '$2a$10$8.UnVuG9HHgffUDAlk8qfOuVGkqRzgVymGe07xd00DMxs.TVu4ATA', 'TEACHER'),
(1322, 1, 0, 1, NOW(), 'T-1322', 'teacher.122@edu.tn', '$2a$10$8.UnVuG9HHgffUDAlk8qfOuVGkqRzgVymGe07xd00DMxs.TVu4ATA', 'TEACHER'),
(1323, 1, 0, 1, NOW(), 'T-1323', 'teacher.123@edu.tn', '$2a$10$8.UnVuG9HHgffUDAlk8qfOuVGkqRzgVymGe07xd00DMxs.TVu4ATA', 'TEACHER'),
(1324, 1, 0, 1, NOW(), 'T-1324', 'teacher.124@edu.tn', '$2a$10$8.UnVuG9HHgffUDAlk8qfOuVGkqRzgVymGe07xd00DMxs.TVu4ATA', 'TEACHER'),
(1325, 1, 0, 1, NOW(), 'T-1325', 'teacher.125@edu.tn', '$2a$10$8.UnVuG9HHgffUDAlk8qfOuVGkqRzgVymGe07xd00DMxs.TVu4ATA', 'TEACHER'),
(1326, 1, 0, 1, NOW(), 'T-1326', 'teacher.126@edu.tn', '$2a$10$8.UnVuG9HHgffUDAlk8qfOuVGkqRzgVymGe07xd00DMxs.TVu4ATA', 'TEACHER'),
(1327, 1, 0, 1, NOW(), 'T-1327', 'teacher.127@edu.tn', '$2a$10$8.UnVuG9HHgffUDAlk8qfOuVGkqRzgVymGe07xd00DMxs.TVu4ATA', 'TEACHER'),
(1328, 1, 0, 1, NOW(), 'T-1328', 'teacher.128@edu.tn', '$2a$10$8.UnVuG9HHgffUDAlk8qfOuVGkqRzgVymGe07xd00DMxs.TVu4ATA', 'TEACHER'),
(1329, 1, 0, 1, NOW(), 'T-1329', 'teacher.129@edu.tn', '$2a$10$8.UnVuG9HHgffUDAlk8qfOuVGkqRzgVymGe07xd00DMxs.TVu4ATA', 'TEACHER'),
(1330, 1, 0, 1, NOW(), 'T-1330', 'teacher.130@edu.tn', '$2a$10$8.UnVuG9HHgffUDAlk8qfOuVGkqRzgVymGe07xd00DMxs.TVu4ATA', 'TEACHER'),
(1331, 1, 0, 1, NOW(), 'T-1331', 'teacher.131@edu.tn', '$2a$10$8.UnVuG9HHgffUDAlk8qfOuVGkqRzgVymGe07xd00DMxs.TVu4ATA', 'TEACHER'),
(1332, 1, 0, 1, NOW(), 'T-1332', 'teacher.132@edu.tn', '$2a$10$8.UnVuG9HHgffUDAlk8qfOuVGkqRzgVymGe07xd00DMxs.TVu4ATA', 'TEACHER'),
(1333, 1, 0, 1, NOW(), 'T-1333', 'teacher.133@edu.tn', '$2a$10$8.UnVuG9HHgffUDAlk8qfOuVGkqRzgVymGe07xd00DMxs.TVu4ATA', 'TEACHER'),
(1334, 1, 0, 1, NOW(), 'T-1334', 'teacher.134@edu.tn', '$2a$10$8.UnVuG9HHgffUDAlk8qfOuVGkqRzgVymGe07xd00DMxs.TVu4ATA', 'TEACHER'),
(1335, 1, 0, 1, NOW(), 'T-1335', 'teacher.135@edu.tn', '$2a$10$8.UnVuG9HHgffUDAlk8qfOuVGkqRzgVymGe07xd00DMxs.TVu4ATA', 'TEACHER'),
(1336, 1, 0, 1, NOW(), 'T-1336', 'teacher.136@edu.tn', '$2a$10$8.UnVuG9HHgffUDAlk8qfOuVGkqRzgVymGe07xd00DMxs.TVu4ATA', 'TEACHER'),
(1337, 1, 0, 1, NOW(), 'T-1337', 'teacher.137@edu.tn', '$2a$10$8.UnVuG9HHgffUDAlk8qfOuVGkqRzgVymGe07xd00DMxs.TVu4ATA', 'TEACHER'),
(1338, 1, 0, 1, NOW(), 'T-1338', 'teacher.138@edu.tn', '$2a$10$8.UnVuG9HHgffUDAlk8qfOuVGkqRzgVymGe07xd00DMxs.TVu4ATA', 'TEACHER'),
(1339, 1, 0, 1, NOW(), 'T-1339', 'teacher.139@edu.tn', '$2a$10$8.UnVuG9HHgffUDAlk8qfOuVGkqRzgVymGe07xd00DMxs.TVu4ATA', 'TEACHER'),
(1340, 1, 0, 1, NOW(), 'T-1340', 'teacher.140@edu.tn', '$2a$10$8.UnVuG9HHgffUDAlk8qfOuVGkqRzgVymGe07xd00DMxs.TVu4ATA', 'TEACHER'),
(1341, 1, 0, 1, NOW(), 'T-1341', 'teacher.141@edu.tn', '$2a$10$8.UnVuG9HHgffUDAlk8qfOuVGkqRzgVymGe07xd00DMxs.TVu4ATA', 'TEACHER'),
(1342, 1, 0, 1, NOW(), 'T-1342', 'teacher.142@edu.tn', '$2a$10$8.UnVuG9HHgffUDAlk8qfOuVGkqRzgVymGe07xd00DMxs.TVu4ATA', 'TEACHER'),
(1343, 1, 0, 1, NOW(), 'T-1343', 'teacher.143@edu.tn', '$2a$10$8.UnVuG9HHgffUDAlk8qfOuVGkqRzgVymGe07xd00DMxs.TVu4ATA', 'TEACHER'),
(1344, 1, 0, 1, NOW(), 'T-1344', 'teacher.144@edu.tn', '$2a$10$8.UnVuG9HHgffUDAlk8qfOuVGkqRzgVymGe07xd00DMxs.TVu4ATA', 'TEACHER'),
(1345, 1, 0, 1, NOW(), 'T-1345', 'teacher.145@edu.tn', '$2a$10$8.UnVuG9HHgffUDAlk8qfOuVGkqRzgVymGe07xd00DMxs.TVu4ATA', 'TEACHER'),
(1346, 1, 0, 1, NOW(), 'T-1346', 'teacher.146@edu.tn', '$2a$10$8.UnVuG9HHgffUDAlk8qfOuVGkqRzgVymGe07xd00DMxs.TVu4ATA', 'TEACHER'),
(1347, 1, 0, 1, NOW(), 'T-1347', 'teacher.147@edu.tn', '$2a$10$8.UnVuG9HHgffUDAlk8qfOuVGkqRzgVymGe07xd00DMxs.TVu4ATA', 'TEACHER'),
(1348, 1, 0, 1, NOW(), 'T-1348', 'teacher.148@edu.tn', '$2a$10$8.UnVuG9HHgffUDAlk8qfOuVGkqRzgVymGe07xd00DMxs.TVu4ATA', 'TEACHER'),
(1349, 1, 0, 1, NOW(), 'T-1349', 'teacher.149@edu.tn', '$2a$10$8.UnVuG9HHgffUDAlk8qfOuVGkqRzgVymGe07xd00DMxs.TVu4ATA', 'TEACHER'),
(1350, 1, 0, 1, NOW(), 'T-1350', 'teacher.150@edu.tn', '$2a$10$8.UnVuG9HHgffUDAlk8qfOuVGkqRzgVymGe07xd00DMxs.TVu4ATA', 'TEACHER'),
(1351, 1, 0, 1, NOW(), 'T-1351', 'teacher.151@edu.tn', '$2a$10$8.UnVuG9HHgffUDAlk8qfOuVGkqRzgVymGe07xd00DMxs.TVu4ATA', 'TEACHER'),
(1352, 1, 0, 1, NOW(), 'T-1352', 'teacher.152@edu.tn', '$2a$10$8.UnVuG9HHgffUDAlk8qfOuVGkqRzgVymGe07xd00DMxs.TVu4ATA', 'TEACHER'),
(1353, 1, 0, 1, NOW(), 'T-1353', 'teacher.153@edu.tn', '$2a$10$8.UnVuG9HHgffUDAlk8qfOuVGkqRzgVymGe07xd00DMxs.TVu4ATA', 'TEACHER'),
(1354, 1, 0, 1, NOW(), 'T-1354', 'teacher.154@edu.tn', '$2a$10$8.UnVuG9HHgffUDAlk8qfOuVGkqRzgVymGe07xd00DMxs.TVu4ATA', 'TEACHER'),
(1355, 1, 0, 1, NOW(), 'T-1355', 'teacher.155@edu.tn', '$2a$10$8.UnVuG9HHgffUDAlk8qfOuVGkqRzgVymGe07xd00DMxs.TVu4ATA', 'TEACHER'),
(1356, 1, 0, 1, NOW(), 'T-1356', 'teacher.156@edu.tn', '$2a$10$8.UnVuG9HHgffUDAlk8qfOuVGkqRzgVymGe07xd00DMxs.TVu4ATA', 'TEACHER'),
(1357, 1, 0, 1, NOW(), 'T-1357', 'teacher.157@edu.tn', '$2a$10$8.UnVuG9HHgffUDAlk8qfOuVGkqRzgVymGe07xd00DMxs.TVu4ATA', 'TEACHER'),
(1358, 1, 0, 1, NOW(), 'T-1358', 'teacher.158@edu.tn', '$2a$10$8.UnVuG9HHgffUDAlk8qfOuVGkqRzgVymGe07xd00DMxs.TVu4ATA', 'TEACHER'),
(1359, 1, 0, 1, NOW(), 'T-1359', 'teacher.159@edu.tn', '$2a$10$8.UnVuG9HHgffUDAlk8qfOuVGkqRzgVymGe07xd00DMxs.TVu4ATA', 'TEACHER'),
(1360, 1, 0, 1, NOW(), 'T-1360', 'teacher.160@edu.tn', '$2a$10$8.UnVuG9HHgffUDAlk8qfOuVGkqRzgVymGe07xd00DMxs.TVu4ATA', 'TEACHER'),
(1361, 1, 0, 1, NOW(), 'T-1361', 'teacher.161@edu.tn', '$2a$10$8.UnVuG9HHgffUDAlk8qfOuVGkqRzgVymGe07xd00DMxs.TVu4ATA', 'TEACHER'),
(1362, 1, 0, 1, NOW(), 'T-1362', 'teacher.162@edu.tn', '$2a$10$8.UnVuG9HHgffUDAlk8qfOuVGkqRzgVymGe07xd00DMxs.TVu4ATA', 'TEACHER'),
(1363, 1, 0, 1, NOW(), 'T-1363', 'teacher.163@edu.tn', '$2a$10$8.UnVuG9HHgffUDAlk8qfOuVGkqRzgVymGe07xd00DMxs.TVu4ATA', 'TEACHER'),
(1364, 1, 0, 1, NOW(), 'T-1364', 'teacher.164@edu.tn', '$2a$10$8.UnVuG9HHgffUDAlk8qfOuVGkqRzgVymGe07xd00DMxs.TVu4ATA', 'TEACHER'),
(1365, 1, 0, 1, NOW(), 'T-1365', 'teacher.165@edu.tn', '$2a$10$8.UnVuG9HHgffUDAlk8qfOuVGkqRzgVymGe07xd00DMxs.TVu4ATA', 'TEACHER'),
(1366, 1, 0, 1, NOW(), 'T-1366', 'teacher.166@edu.tn', '$2a$10$8.UnVuG9HHgffUDAlk8qfOuVGkqRzgVymGe07xd00DMxs.TVu4ATA', 'TEACHER'),
(1367, 1, 0, 1, NOW(), 'T-1367', 'teacher.167@edu.tn', '$2a$10$8.UnVuG9HHgffUDAlk8qfOuVGkqRzgVymGe07xd00DMxs.TVu4ATA', 'TEACHER'),
(1368, 1, 0, 1, NOW(), 'T-1368', 'teacher.168@edu.tn', '$2a$10$8.UnVuG9HHgffUDAlk8qfOuVGkqRzgVymGe07xd00DMxs.TVu4ATA', 'TEACHER');

-- 8. SEED INSPECTOR PROFILES (30 Profiles: IDs 1101 to 1130, matching user_id)
INSERT INTO `inspector_profiles` (`id`, `user_id`, `first_name`, `last_name`, `phone`, `language`, `rank`, `school_level`, `subject`) VALUES
(1101, 1101, 'Mohamed', 'Ali', '+21698000001', 'French', 'INSPECTOR_GENERAL', 'PRIMARY', 'ARABIC'),
(1102, 1102, 'Ahmed', 'Ben Ali', '+21698000002', 'English', 'INSPECTOR_PRINCIPAL', 'PREPARATORY', 'FRENCH'),
(1103, 1103, 'Fatma', 'Mansour', '+21698000003', 'Arabic', 'INSPECTOR', 'SECONDARY', 'ENGLISH'),
(1104, 1104, 'Yassine', 'Trabelsi', '+21698000004', 'French', 'INSPECTOR_REGIONAL', 'PRIMARY', 'MATH'),
(1105, 1105, 'Leila', 'Mejri', '+21698000005', 'English', 'INSPECTOR_GENERAL', 'PREPARATORY', 'PHYSICS'),
(1106, 1106, 'Sami', 'Hamdi', '+21698000006', 'Arabic', 'INSPECTOR_PRINCIPAL', 'SECONDARY', 'CHEMISTRY'),
(1107, 1107, 'Rym', 'Gharbi', '+21698000007', 'French', 'INSPECTOR', 'PRIMARY', 'BIOLOGY'),
(1108, 1108, 'Mourad', 'Jouini', '+21698000008', 'English', 'INSPECTOR_REGIONAL', 'PREPARATORY', 'HISTORY_GEOGRAPHY'),
(1109, 1109, 'Ines', 'Belhadj', '+21698000009', 'Arabic', 'INSPECTOR_GENERAL', 'SECONDARY', 'PHILOSOPHY'),
(1110, 1110, 'Khalil', 'Amri', '+21698000010', 'French', 'INSPECTOR_PRINCIPAL', 'PRIMARY', 'ISLAMIC_STUDIES'),
(1111, 1111, 'Hichem', 'Hammami', '+21698000011', 'English', 'INSPECTOR', 'PREPARATORY', 'PHYSICAL_EDUCATION'),
(1112, 1112, 'Moncef', 'Trabelsi', '+21698000012', 'Arabic', 'INSPECTOR_REGIONAL', 'SECONDARY', 'COMPUTER_SCIENCE'),
(1113, 1113, 'Kamel', 'Gharbi', '+21698000013', 'French', 'INSPECTOR_GENERAL', 'PRIMARY', 'ECONOMICS'),
(1114, 1114, 'Slim', 'Riahi', '+21698000014', 'English', 'INSPECTOR_PRINCIPAL', 'PREPARATORY', 'ARTS'),
(1115, 1115, 'Tarek', 'Jaziri', '+21698000015', 'Arabic', 'INSPECTOR', 'SECONDARY', 'MUSIC'),
(1116, 1116, 'Wajdi', 'Khlifi', '+21698000016', 'French', 'INSPECTOR_REGIONAL', 'PRIMARY', 'ARABIC'),
(1117, 1117, 'Nabil', 'Saidi', '+21698000017', 'English', 'INSPECTOR_GENERAL', 'PREPARATORY', 'FRENCH'),
(1118, 1118, 'Mourad', 'Chebbi', '+21698000018', 'Arabic', 'INSPECTOR_PRINCIPAL', 'SECONDARY', 'ENGLISH'),
(1119, 1119, 'Habib', 'Dridi', '+21698000019', 'French', 'INSPECTOR', 'PRIMARY', 'MATH'),
(1120, 1120, 'Anis', 'Louati', '+21698000020', 'English', 'INSPECTOR_REGIONAL', 'PREPARATORY', 'PHYSICS'),
(1121, 1121, 'Ali', 'Amri', '+21698000021', 'Arabic', 'INSPECTOR_GENERAL', 'SECONDARY', 'CHEMISTRY'),
(1122, 1122, 'Belhassen', 'Ben Youssef', '+21698000022', 'French', 'INSPECTOR_PRINCIPAL', 'PRIMARY', 'BIOLOGY'),
(1123, 1123, 'Chaker', 'Cherif', '+21698000023', 'English', 'INSPECTOR', 'PREPARATORY', 'HISTORY_GEOGRAPHY'),
(1124, 1124, 'Dali', 'Daoud', '+21698000024', 'Arabic', 'INSPECTOR_REGIONAL', 'SECONDARY', 'PHILOSOPHY'),
(1125, 1125, 'Ezzedine', 'El Abed', '+21698000025', 'French', 'INSPECTOR_GENERAL', 'PRIMARY', 'ISLAMIC_STUDIES'),
(1126, 1126, 'Fouad', 'Fekih', '+21698000026', 'English', 'INSPECTOR_PRINCIPAL', 'PREPARATORY', 'PHYSICAL_EDUCATION'),
(1127, 1127, 'Gazi', 'Gharbi', '+21698000027', 'Arabic', 'INSPECTOR', 'SECONDARY', 'COMPUTER_SCIENCE'),
(1128, 1128, 'Hamadi', 'Hammami', '+21698000028', 'French', 'INSPECTOR_REGIONAL', 'PRIMARY', 'ECONOMICS'),
(1129, 1129, 'Imed', 'Jaziri', '+21698000029', 'English', 'INSPECTOR_GENERAL', 'PREPARATORY', 'ARTS'),
(1130, 1130, 'Jamil', 'Khlifi', '+21698000030', 'Arabic', 'INSPECTOR_PRINCIPAL', 'SECONDARY', 'MUSIC');

-- 8.1 SEED INSPECTOR JURISDICTION ASSOCIATIONS (Join tables)
INSERT INTO `profile_delegations` (`profile_id`, `delegation_id`) VALUES
(1101, 1000),
(1101, 1001),
(1101, 1002),
(1101, 1003),
(1101, 1004),
(1101, 1005),
(1101, 1006),
(1101, 1007),
(1101, 1008),
(1101, 1009),
(1102, 1000),
(1102, 1001),
(1102, 1002),
(1102, 1003),
(1102, 1004),
(1102, 1005),
(1102, 1006),
(1102, 1007),
(1102, 1008),
(1102, 1009),
(1103, 1000),
(1103, 1001),
(1103, 1002),
(1103, 1003),
(1103, 1004),
(1103, 1005),
(1103, 1006),
(1103, 1007),
(1103, 1008),
(1103, 1009),
(1104, 1000),
(1104, 1001),
(1104, 1002),
(1104, 1003),
(1104, 1004),
(1104, 1005),
(1104, 1006),
(1104, 1007),
(1104, 1008),
(1104, 1009),
(1105, 1000),
(1105, 1001),
(1105, 1002),
(1105, 1003),
(1105, 1004),
(1105, 1005),
(1105, 1006),
(1105, 1007),
(1105, 1008),
(1105, 1009),
(1106, 1000),
(1106, 1001),
(1106, 1002),
(1106, 1003),
(1106, 1004),
(1106, 1005),
(1106, 1006),
(1106, 1007),
(1106, 1008),
(1106, 1009),
(1107, 1000),
(1107, 1001),
(1107, 1002),
(1107, 1003),
(1107, 1004),
(1107, 1005),
(1107, 1006),
(1107, 1007),
(1107, 1008),
(1107, 1009),
(1108, 1000),
(1108, 1001),
(1108, 1002),
(1108, 1003),
(1108, 1004),
(1108, 1005),
(1108, 1006),
(1108, 1007),
(1108, 1008),
(1108, 1009),
(1109, 1000),
(1109, 1001),
(1109, 1002),
(1109, 1003),
(1109, 1004),
(1109, 1005),
(1109, 1006),
(1109, 1007),
(1109, 1008),
(1109, 1009),
(1110, 1000),
(1110, 1001),
(1110, 1002),
(1110, 1003),
(1110, 1004),
(1110, 1005),
(1110, 1006),
(1110, 1007),
(1110, 1008),
(1110, 1009),
(1111, 1030),
(1111, 1031),
(1111, 1032),
(1111, 1033),
(1111, 1034),
(1111, 1035),
(1111, 1036),
(1111, 1037),
(1112, 1030),
(1112, 1031),
(1112, 1032),
(1112, 1033),
(1112, 1034),
(1112, 1035),
(1112, 1036),
(1112, 1037),
(1113, 1030),
(1113, 1031),
(1113, 1032),
(1113, 1033),
(1113, 1034),
(1113, 1035),
(1113, 1036),
(1113, 1037),
(1114, 1030),
(1114, 1031),
(1114, 1032),
(1114, 1033),
(1114, 1034),
(1114, 1035),
(1114, 1036),
(1114, 1037),
(1115, 1030),
(1115, 1031),
(1115, 1032),
(1115, 1033),
(1115, 1034),
(1115, 1035),
(1115, 1036),
(1115, 1037),
(1116, 1030),
(1116, 1031),
(1116, 1032),
(1116, 1033),
(1116, 1034),
(1116, 1035),
(1116, 1036),
(1116, 1037),
(1117, 1030),
(1117, 1031),
(1117, 1032),
(1117, 1033),
(1117, 1034),
(1117, 1035),
(1117, 1036),
(1117, 1037),
(1118, 1030),
(1118, 1031),
(1118, 1032),
(1118, 1033),
(1118, 1034),
(1118, 1035),
(1118, 1036),
(1118, 1037),
(1119, 1030),
(1119, 1031),
(1119, 1032),
(1119, 1033),
(1119, 1034),
(1119, 1035),
(1119, 1036),
(1119, 1037),
(1120, 1030),
(1120, 1031),
(1120, 1032),
(1120, 1033),
(1120, 1034),
(1120, 1035),
(1120, 1036),
(1120, 1037),
(1121, 1044),
(1121, 1045),
(1121, 1046),
(1121, 1047),
(1121, 1048),
(1121, 1049),
(1121, 1050),
(1121, 1051),
(1122, 1044),
(1122, 1045),
(1122, 1046),
(1122, 1047),
(1122, 1048),
(1122, 1049),
(1122, 1050),
(1122, 1051),
(1123, 1044),
(1123, 1045),
(1123, 1046),
(1123, 1047),
(1123, 1048),
(1123, 1049),
(1123, 1050),
(1123, 1051),
(1124, 1044),
(1124, 1045),
(1124, 1046),
(1124, 1047),
(1124, 1048),
(1124, 1049),
(1124, 1050),
(1124, 1051),
(1125, 1044),
(1125, 1045),
(1125, 1046),
(1125, 1047),
(1125, 1048),
(1125, 1049),
(1125, 1050),
(1125, 1051),
(1126, 1044),
(1126, 1045),
(1126, 1046),
(1126, 1047),
(1126, 1048),
(1126, 1049),
(1126, 1050),
(1126, 1051),
(1127, 1044),
(1127, 1045),
(1127, 1046),
(1127, 1047),
(1127, 1048),
(1127, 1049),
(1127, 1050),
(1127, 1051),
(1128, 1044),
(1128, 1045),
(1128, 1046),
(1128, 1047),
(1128, 1048),
(1128, 1049),
(1128, 1050),
(1128, 1051),
(1129, 1044),
(1129, 1045),
(1129, 1046),
(1129, 1047),
(1129, 1048),
(1129, 1049),
(1129, 1050),
(1129, 1051),
(1130, 1044),
(1130, 1045),
(1130, 1046),
(1130, 1047),
(1130, 1048),
(1130, 1049),
(1130, 1050),
(1130, 1051);
INSERT INTO `profile_dependencies` (`profile_id`, `dependency_id`) VALUES
(1101, 1000),
(1102, 1000),
(1103, 1000),
(1104, 1000),
(1105, 1000),
(1106, 1000),
(1107, 1000),
(1108, 1000),
(1109, 1000),
(1110, 1000),
(1111, 1001),
(1112, 1001),
(1113, 1001),
(1114, 1001),
(1115, 1001),
(1116, 1001),
(1117, 1001),
(1118, 1001),
(1119, 1001),
(1120, 1001),
(1121, 1002),
(1122, 1002),
(1123, 1002),
(1124, 1002),
(1125, 1002),
(1126, 1002),
(1127, 1002),
(1128, 1002),
(1129, 1002),
(1130, 1002);
INSERT INTO `profile_departments` (`profile_id`, `department_id`) VALUES
(1101, 1000),
(1102, 1000),
(1103, 1000),
(1104, 1000),
(1105, 1000),
(1106, 1000),
(1107, 1000),
(1108, 1000),
(1109, 1000),
(1110, 1000),
(1111, 1001),
(1112, 1001),
(1113, 1001),
(1114, 1001),
(1115, 1001),
(1116, 1001),
(1117, 1001),
(1118, 1001),
(1119, 1001),
(1120, 1001),
(1121, 1002),
(1122, 1002),
(1123, 1002),
(1124, 1002),
(1125, 1002),
(1126, 1002),
(1127, 1002),
(1128, 1002),
(1129, 1002),
(1130, 1002);
INSERT INTO `profile_etablissements` (`profile_id`, `etablissement_id`) VALUES
(1101, 1000),
(1101, 1001),
(1101, 1002),
(1101, 1007),
(1101, 1008),
(1101, 1009),
(1102, 1000),
(1102, 1001),
(1102, 1002),
(1102, 1007),
(1102, 1008),
(1102, 1009),
(1103, 1000),
(1103, 1001),
(1103, 1002),
(1103, 1007),
(1103, 1008),
(1103, 1009),
(1104, 1000),
(1104, 1001),
(1104, 1002),
(1104, 1007),
(1104, 1008),
(1104, 1009),
(1105, 1000),
(1105, 1001),
(1105, 1002),
(1105, 1007),
(1105, 1008),
(1105, 1009),
(1106, 1000),
(1106, 1001),
(1106, 1002),
(1106, 1007),
(1106, 1008),
(1106, 1009),
(1107, 1000),
(1107, 1001),
(1107, 1002),
(1107, 1007),
(1107, 1008),
(1107, 1009),
(1108, 1000),
(1108, 1001),
(1108, 1002),
(1108, 1007),
(1108, 1008),
(1108, 1009),
(1109, 1000),
(1109, 1001),
(1109, 1002),
(1109, 1007),
(1109, 1008),
(1109, 1009),
(1110, 1000),
(1110, 1001),
(1110, 1002),
(1110, 1007),
(1110, 1008),
(1110, 1009),
(1111, 1003),
(1111, 1004),
(1112, 1003),
(1112, 1004),
(1113, 1003),
(1113, 1004),
(1114, 1003),
(1114, 1004),
(1115, 1003),
(1115, 1004),
(1116, 1003),
(1116, 1004),
(1117, 1003),
(1117, 1004),
(1118, 1003),
(1118, 1004),
(1119, 1003),
(1119, 1004),
(1120, 1003),
(1120, 1004),
(1121, 1005),
(1121, 1006),
(1122, 1005),
(1122, 1006),
(1123, 1005),
(1123, 1006),
(1124, 1005),
(1124, 1006),
(1125, 1005),
(1125, 1006),
(1126, 1005),
(1126, 1006),
(1127, 1005),
(1127, 1006),
(1128, 1005),
(1128, 1006),
(1129, 1005),
(1129, 1006),
(1130, 1005),
(1130, 1006);

-- 9. SEED TEACHER PROFILES (169 Profiles: IDs 1200 to 1368, matching user_id)
INSERT INTO `teacher_profiles` (`id`, `user_id`, `first_name`, `last_name`, `phone`, `subject`, `language`, `delegation_id`, `dependency_id`, `etablissement_id`) VALUES
(1200, 1200, 'Mohamed', 'Ali', '+21620000000', 'ARABIC', 'Arabic', 1000, 1000, 1000),
(1201, 1201, 'Ahmed', 'Ben Ali', '+21620000001', 'FRENCH', 'French', 1000, 1000, 1001),
(1202, 1202, 'Fatma', 'Mansour', '+21620000002', 'ENGLISH', 'English', 1000, 1000, 1002),
(1203, 1203, 'Yassine', 'Trabelsi', '+21620000003', 'MATH', 'Arabic', 1030, 1001, 1003),
(1204, 1204, 'Leila', 'Mejri', '+21620000004', 'PHYSICS', 'French', 1030, 1001, 1004),
(1205, 1205, 'Sami', 'Hamdi', '+21620000005', 'CHEMISTRY', 'English', 1044, 1002, 1005),
(1206, 1206, 'Rym', 'Gharbi', '+21620000006', 'BIOLOGY', 'Arabic', 1044, 1002, 1006),
(1207, 1207, 'Mourad', 'Jouini', '+21620000007', 'HISTORY_GEOGRAPHY', 'French', 1000, 1000, 1007),
(1208, 1208, 'Ines', 'Belhadj', '+21620000008', 'PHILOSOPHY', 'English', 1000, 1000, 1008),
(1209, 1209, 'Khalil', 'Amri', '+21620000009', 'ISLAMIC_STUDIES', 'Arabic', 1000, 1000, 1009),
(1210, 1210, 'Hichem', 'Hammami', '+21620000010', 'PHYSICAL_EDUCATION', 'French', 1000, 1000, 1000),
(1211, 1211, 'Moncef', 'Trabelsi', '+21620000011', 'COMPUTER_SCIENCE', 'English', 1000, 1000, 1001),
(1212, 1212, 'Kamel', 'Gharbi', '+21620000012', 'ECONOMICS', 'Arabic', 1000, 1000, 1002),
(1213, 1213, 'Slim', 'Riahi', '+21620000013', 'ARTS', 'French', 1030, 1001, 1003),
(1214, 1214, 'Tarek', 'Jaziri', '+21620000014', 'MUSIC', 'English', 1030, 1001, 1004),
(1215, 1215, 'Wajdi', 'Khlifi', '+21620000015', 'ARABIC', 'Arabic', 1044, 1002, 1005),
(1216, 1216, 'Nabil', 'Saidi', '+21620000016', 'FRENCH', 'French', 1044, 1002, 1006),
(1217, 1217, 'Mourad', 'Chebbi', '+21620000017', 'ENGLISH', 'English', 1000, 1000, 1007),
(1218, 1218, 'Habib', 'Dridi', '+21620000018', 'MATH', 'Arabic', 1000, 1000, 1008),
(1219, 1219, 'Anis', 'Louati', '+21620000019', 'PHYSICS', 'French', 1000, 1000, 1009),
(1220, 1220, 'Ali', 'Amri', '+21620000020', 'CHEMISTRY', 'English', 1000, 1000, 1000),
(1221, 1221, 'Belhassen', 'Ben Youssef', '+21620000021', 'BIOLOGY', 'Arabic', 1000, 1000, 1001),
(1222, 1222, 'Chaker', 'Cherif', '+21620000022', 'HISTORY_GEOGRAPHY', 'French', 1000, 1000, 1002),
(1223, 1223, 'Dali', 'Daoud', '+21620000023', 'PHILOSOPHY', 'English', 1030, 1001, 1003),
(1224, 1224, 'Ezzedine', 'El Abed', '+21620000024', 'ISLAMIC_STUDIES', 'Arabic', 1030, 1001, 1004),
(1225, 1225, 'Fouad', 'Fekih', '+21620000025', 'PHYSICAL_EDUCATION', 'French', 1044, 1002, 1005),
(1226, 1226, 'Gazi', 'Gharbi', '+21620000026', 'COMPUTER_SCIENCE', 'English', 1044, 1002, 1006),
(1227, 1227, 'Hamadi', 'Hammami', '+21620000027', 'ECONOMICS', 'Arabic', 1000, 1000, 1007),
(1228, 1228, 'Imed', 'Jaziri', '+21620000028', 'ARTS', 'French', 1000, 1000, 1008),
(1229, 1229, 'Jamil', 'Khlifi', '+21620000029', 'MUSIC', 'English', 1000, 1000, 1009),
(1230, 1230, 'Mohamed', 'Ali', '+21620000030', 'ARABIC', 'Arabic', 1000, 1000, 1000),
(1231, 1231, 'Ahmed', 'Ben Ali', '+21620000031', 'FRENCH', 'French', 1000, 1000, 1001),
(1232, 1232, 'Fatma', 'Mansour', '+21620000032', 'ENGLISH', 'English', 1000, 1000, 1002),
(1233, 1233, 'Yassine', 'Trabelsi', '+21620000033', 'MATH', 'Arabic', 1030, 1001, 1003),
(1234, 1234, 'Leila', 'Mejri', '+21620000034', 'PHYSICS', 'French', 1030, 1001, 1004),
(1235, 1235, 'Sami', 'Hamdi', '+21620000035', 'CHEMISTRY', 'English', 1044, 1002, 1005),
(1236, 1236, 'Rym', 'Gharbi', '+21620000036', 'BIOLOGY', 'Arabic', 1044, 1002, 1006),
(1237, 1237, 'Mourad', 'Jouini', '+21620000037', 'HISTORY_GEOGRAPHY', 'French', 1000, 1000, 1007),
(1238, 1238, 'Ines', 'Belhadj', '+21620000038', 'PHILOSOPHY', 'English', 1000, 1000, 1008),
(1239, 1239, 'Khalil', 'Amri', '+21620000039', 'ISLAMIC_STUDIES', 'Arabic', 1000, 1000, 1009),
(1240, 1240, 'Hichem', 'Hammami', '+21620000040', 'PHYSICAL_EDUCATION', 'French', 1000, 1000, 1000),
(1241, 1241, 'Moncef', 'Trabelsi', '+21620000041', 'COMPUTER_SCIENCE', 'English', 1000, 1000, 1001),
(1242, 1242, 'Kamel', 'Gharbi', '+21620000042', 'ECONOMICS', 'Arabic', 1000, 1000, 1002),
(1243, 1243, 'Slim', 'Riahi', '+21620000043', 'ARTS', 'French', 1030, 1001, 1003),
(1244, 1244, 'Tarek', 'Jaziri', '+21620000044', 'MUSIC', 'English', 1030, 1001, 1004),
(1245, 1245, 'Wajdi', 'Khlifi', '+21620000045', 'ARABIC', 'Arabic', 1044, 1002, 1005),
(1246, 1246, 'Nabil', 'Saidi', '+21620000046', 'FRENCH', 'French', 1044, 1002, 1006),
(1247, 1247, 'Mourad', 'Chebbi', '+21620000047', 'ENGLISH', 'English', 1000, 1000, 1007),
(1248, 1248, 'Habib', 'Dridi', '+21620000048', 'MATH', 'Arabic', 1000, 1000, 1008),
(1249, 1249, 'Anis', 'Louati', '+21620000049', 'PHYSICS', 'French', 1000, 1000, 1009),
(1250, 1250, 'Ali', 'Amri', '+21620000050', 'CHEMISTRY', 'English', 1000, 1000, 1000),
(1251, 1251, 'Belhassen', 'Ben Youssef', '+21620000051', 'BIOLOGY', 'Arabic', 1000, 1000, 1001),
(1252, 1252, 'Chaker', 'Cherif', '+21620000052', 'HISTORY_GEOGRAPHY', 'French', 1000, 1000, 1002),
(1253, 1253, 'Dali', 'Daoud', '+21620000053', 'PHILOSOPHY', 'English', 1030, 1001, 1003),
(1254, 1254, 'Ezzedine', 'El Abed', '+21620000054', 'ISLAMIC_STUDIES', 'Arabic', 1030, 1001, 1004),
(1255, 1255, 'Fouad', 'Fekih', '+21620000055', 'PHYSICAL_EDUCATION', 'French', 1044, 1002, 1005),
(1256, 1256, 'Gazi', 'Gharbi', '+21620000056', 'COMPUTER_SCIENCE', 'English', 1044, 1002, 1006),
(1257, 1257, 'Hamadi', 'Hammami', '+21620000057', 'ECONOMICS', 'Arabic', 1000, 1000, 1007),
(1258, 1258, 'Imed', 'Jaziri', '+21620000058', 'ARTS', 'French', 1000, 1000, 1008),
(1259, 1259, 'Jamil', 'Khlifi', '+21620000059', 'MUSIC', 'English', 1000, 1000, 1009),
(1260, 1260, 'Mohamed', 'Ali', '+21620000060', 'ARABIC', 'Arabic', 1000, 1000, 1000),
(1261, 1261, 'Ahmed', 'Ben Ali', '+21620000061', 'FRENCH', 'French', 1000, 1000, 1001),
(1262, 1262, 'Fatma', 'Mansour', '+21620000062', 'ENGLISH', 'English', 1000, 1000, 1002),
(1263, 1263, 'Yassine', 'Trabelsi', '+21620000063', 'MATH', 'Arabic', 1030, 1001, 1003),
(1264, 1264, 'Leila', 'Mejri', '+21620000064', 'PHYSICS', 'French', 1030, 1001, 1004),
(1265, 1265, 'Sami', 'Hamdi', '+21620000065', 'CHEMISTRY', 'English', 1044, 1002, 1005),
(1266, 1266, 'Rym', 'Gharbi', '+21620000066', 'BIOLOGY', 'Arabic', 1044, 1002, 1006),
(1267, 1267, 'Mourad', 'Jouini', '+21620000067', 'HISTORY_GEOGRAPHY', 'French', 1000, 1000, 1007),
(1268, 1268, 'Ines', 'Belhadj', '+21620000068', 'PHILOSOPHY', 'English', 1000, 1000, 1008),
(1269, 1269, 'Khalil', 'Amri', '+21620000069', 'ISLAMIC_STUDIES', 'Arabic', 1000, 1000, 1009),
(1270, 1270, 'Hichem', 'Hammami', '+21620000070', 'PHYSICAL_EDUCATION', 'French', 1000, 1000, 1000),
(1271, 1271, 'Moncef', 'Trabelsi', '+21620000071', 'COMPUTER_SCIENCE', 'English', 1000, 1000, 1001),
(1272, 1272, 'Kamel', 'Gharbi', '+21620000072', 'ECONOMICS', 'Arabic', 1000, 1000, 1002),
(1273, 1273, 'Slim', 'Riahi', '+21620000073', 'ARTS', 'French', 1030, 1001, 1003),
(1274, 1274, 'Tarek', 'Jaziri', '+21620000074', 'MUSIC', 'English', 1030, 1001, 1004),
(1275, 1275, 'Wajdi', 'Khlifi', '+21620000075', 'ARABIC', 'Arabic', 1044, 1002, 1005),
(1276, 1276, 'Nabil', 'Saidi', '+21620000076', 'FRENCH', 'French', 1044, 1002, 1006),
(1277, 1277, 'Mourad', 'Chebbi', '+21620000077', 'ENGLISH', 'English', 1000, 1000, 1007),
(1278, 1278, 'Habib', 'Dridi', '+21620000078', 'MATH', 'Arabic', 1000, 1000, 1008),
(1279, 1279, 'Anis', 'Louati', '+21620000079', 'PHYSICS', 'French', 1000, 1000, 1009),
(1280, 1280, 'Ali', 'Amri', '+21620000080', 'CHEMISTRY', 'English', 1000, 1000, 1000),
(1281, 1281, 'Belhassen', 'Ben Youssef', '+21620000081', 'BIOLOGY', 'Arabic', 1000, 1000, 1001),
(1282, 1282, 'Chaker', 'Cherif', '+21620000082', 'HISTORY_GEOGRAPHY', 'French', 1000, 1000, 1002),
(1283, 1283, 'Dali', 'Daoud', '+21620000083', 'PHILOSOPHY', 'English', 1030, 1001, 1003),
(1284, 1284, 'Ezzedine', 'El Abed', '+21620000084', 'ISLAMIC_STUDIES', 'Arabic', 1030, 1001, 1004),
(1285, 1285, 'Fouad', 'Fekih', '+21620000085', 'PHYSICAL_EDUCATION', 'French', 1044, 1002, 1005),
(1286, 1286, 'Gazi', 'Gharbi', '+21620000086', 'COMPUTER_SCIENCE', 'English', 1044, 1002, 1006),
(1287, 1287, 'Hamadi', 'Hammami', '+21620000087', 'ECONOMICS', 'Arabic', 1000, 1000, 1007),
(1288, 1288, 'Imed', 'Jaziri', '+21620000088', 'ARTS', 'French', 1000, 1000, 1008),
(1289, 1289, 'Jamil', 'Khlifi', '+21620000089', 'MUSIC', 'English', 1000, 1000, 1009),
(1290, 1290, 'Mohamed', 'Ali', '+21620000090', 'ARABIC', 'Arabic', 1000, 1000, 1000),
(1291, 1291, 'Ahmed', 'Ben Ali', '+21620000091', 'FRENCH', 'French', 1000, 1000, 1001),
(1292, 1292, 'Fatma', 'Mansour', '+21620000092', 'ENGLISH', 'English', 1000, 1000, 1002),
(1293, 1293, 'Yassine', 'Trabelsi', '+21620000093', 'MATH', 'Arabic', 1030, 1001, 1003),
(1294, 1294, 'Leila', 'Mejri', '+21620000094', 'PHYSICS', 'French', 1030, 1001, 1004),
(1295, 1295, 'Sami', 'Hamdi', '+21620000095', 'CHEMISTRY', 'English', 1044, 1002, 1005),
(1296, 1296, 'Rym', 'Gharbi', '+21620000096', 'BIOLOGY', 'Arabic', 1044, 1002, 1006),
(1297, 1297, 'Mourad', 'Jouini', '+21620000097', 'HISTORY_GEOGRAPHY', 'French', 1000, 1000, 1007),
(1298, 1298, 'Ines', 'Belhadj', '+21620000098', 'PHILOSOPHY', 'English', 1000, 1000, 1008),
(1299, 1299, 'Khalil', 'Amri', '+21620000099', 'ISLAMIC_STUDIES', 'Arabic', 1000, 1000, 1009),
(1300, 1300, 'Hichem', 'Hammami', '+21620000100', 'PHYSICAL_EDUCATION', 'French', 1000, 1000, 1000),
(1301, 1301, 'Moncef', 'Trabelsi', '+21620000101', 'COMPUTER_SCIENCE', 'English', 1000, 1000, 1001),
(1302, 1302, 'Kamel', 'Gharbi', '+21620000102', 'ECONOMICS', 'Arabic', 1000, 1000, 1002),
(1303, 1303, 'Slim', 'Riahi', '+21620000103', 'ARTS', 'French', 1030, 1001, 1003),
(1304, 1304, 'Tarek', 'Jaziri', '+21620000104', 'MUSIC', 'English', 1030, 1001, 1004),
(1305, 1305, 'Wajdi', 'Khlifi', '+21620000105', 'ARABIC', 'Arabic', 1044, 1002, 1005),
(1306, 1306, 'Nabil', 'Saidi', '+21620000106', 'FRENCH', 'French', 1044, 1002, 1006),
(1307, 1307, 'Mourad', 'Chebbi', '+21620000107', 'ENGLISH', 'English', 1000, 1000, 1007),
(1308, 1308, 'Habib', 'Dridi', '+21620000108', 'MATH', 'Arabic', 1000, 1000, 1008),
(1309, 1309, 'Anis', 'Louati', '+21620000109', 'PHYSICS', 'French', 1000, 1000, 1009),
(1310, 1310, 'Ali', 'Amri', '+21620000110', 'CHEMISTRY', 'English', 1000, 1000, 1000),
(1311, 1311, 'Belhassen', 'Ben Youssef', '+21620000111', 'BIOLOGY', 'Arabic', 1000, 1000, 1001),
(1312, 1312, 'Chaker', 'Cherif', '+21620000112', 'HISTORY_GEOGRAPHY', 'French', 1000, 1000, 1002),
(1313, 1313, 'Dali', 'Daoud', '+21620000113', 'PHILOSOPHY', 'English', 1030, 1001, 1003),
(1314, 1314, 'Ezzedine', 'El Abed', '+21620000114', 'ISLAMIC_STUDIES', 'Arabic', 1030, 1001, 1004),
(1315, 1315, 'Fouad', 'Fekih', '+21620000115', 'PHYSICAL_EDUCATION', 'French', 1044, 1002, 1005),
(1316, 1316, 'Gazi', 'Gharbi', '+21620000116', 'COMPUTER_SCIENCE', 'English', 1044, 1002, 1006),
(1317, 1317, 'Hamadi', 'Hammami', '+21620000117', 'ECONOMICS', 'Arabic', 1000, 1000, 1007),
(1318, 1318, 'Imed', 'Jaziri', '+21620000118', 'ARTS', 'French', 1000, 1000, 1008),
(1319, 1319, 'Jamil', 'Khlifi', '+21620000119', 'MUSIC', 'English', 1000, 1000, 1009),
(1320, 1320, 'Mohamed', 'Ali', '+21620000120', 'ARABIC', 'Arabic', 1000, 1000, 1000),
(1321, 1321, 'Ahmed', 'Ben Ali', '+21620000121', 'FRENCH', 'French', 1000, 1000, 1001),
(1322, 1322, 'Fatma', 'Mansour', '+21620000122', 'ENGLISH', 'English', 1000, 1000, 1002),
(1323, 1323, 'Yassine', 'Trabelsi', '+21620000123', 'MATH', 'Arabic', 1030, 1001, 1003),
(1324, 1324, 'Leila', 'Mejri', '+21620000124', 'PHYSICS', 'French', 1030, 1001, 1004),
(1325, 1325, 'Sami', 'Hamdi', '+21620000125', 'CHEMISTRY', 'English', 1044, 1002, 1005),
(1326, 1326, 'Rym', 'Gharbi', '+21620000126', 'BIOLOGY', 'Arabic', 1044, 1002, 1006),
(1327, 1327, 'Mourad', 'Jouini', '+21620000127', 'HISTORY_GEOGRAPHY', 'French', 1000, 1000, 1007),
(1328, 1328, 'Ines', 'Belhadj', '+21620000128', 'PHILOSOPHY', 'English', 1000, 1000, 1008),
(1329, 1329, 'Khalil', 'Amri', '+21620000129', 'ISLAMIC_STUDIES', 'Arabic', 1000, 1000, 1009),
(1330, 1330, 'Hichem', 'Hammami', '+21620000130', 'PHYSICAL_EDUCATION', 'French', 1000, 1000, 1000),
(1331, 1331, 'Moncef', 'Trabelsi', '+21620000131', 'COMPUTER_SCIENCE', 'English', 1000, 1000, 1001),
(1332, 1332, 'Kamel', 'Gharbi', '+21620000132', 'ECONOMICS', 'Arabic', 1000, 1000, 1002),
(1333, 1333, 'Slim', 'Riahi', '+21620000133', 'ARTS', 'French', 1030, 1001, 1003),
(1334, 1334, 'Tarek', 'Jaziri', '+21620000134', 'MUSIC', 'English', 1030, 1001, 1004),
(1335, 1335, 'Wajdi', 'Khlifi', '+21620000135', 'ARABIC', 'Arabic', 1044, 1002, 1005),
(1336, 1336, 'Nabil', 'Saidi', '+21620000136', 'FRENCH', 'French', 1044, 1002, 1006),
(1337, 1337, 'Mourad', 'Chebbi', '+21620000137', 'ENGLISH', 'English', 1000, 1000, 1007),
(1338, 1338, 'Habib', 'Dridi', '+21620000138', 'MATH', 'Arabic', 1000, 1000, 1008),
(1339, 1339, 'Anis', 'Louati', '+21620000139', 'PHYSICS', 'French', 1000, 1000, 1009),
(1340, 1340, 'Ali', 'Amri', '+21620000140', 'CHEMISTRY', 'English', 1000, 1000, 1000),
(1341, 1341, 'Belhassen', 'Ben Youssef', '+21620000141', 'BIOLOGY', 'Arabic', 1000, 1000, 1001),
(1342, 1342, 'Chaker', 'Cherif', '+21620000142', 'HISTORY_GEOGRAPHY', 'French', 1000, 1000, 1002),
(1343, 1343, 'Dali', 'Daoud', '+21620000143', 'PHILOSOPHY', 'English', 1030, 1001, 1003),
(1344, 1344, 'Ezzedine', 'El Abed', '+21620000144', 'ISLAMIC_STUDIES', 'Arabic', 1030, 1001, 1004),
(1345, 1345, 'Fouad', 'Fekih', '+21620000145', 'PHYSICAL_EDUCATION', 'French', 1044, 1002, 1005),
(1346, 1346, 'Gazi', 'Gharbi', '+21620000146', 'COMPUTER_SCIENCE', 'English', 1044, 1002, 1006),
(1347, 1347, 'Hamadi', 'Hammami', '+21620000147', 'ECONOMICS', 'Arabic', 1000, 1000, 1007),
(1348, 1348, 'Imed', 'Jaziri', '+21620000148', 'ARTS', 'French', 1000, 1000, 1008),
(1349, 1349, 'Jamil', 'Khlifi', '+21620000149', 'MUSIC', 'English', 1000, 1000, 1009),
(1350, 1350, 'Mohamed', 'Ali', '+21620000150', 'ARABIC', 'Arabic', 1000, 1000, 1000),
(1351, 1351, 'Ahmed', 'Ben Ali', '+21620000151', 'FRENCH', 'French', 1000, 1000, 1001),
(1352, 1352, 'Fatma', 'Mansour', '+21620000152', 'ENGLISH', 'English', 1000, 1000, 1002),
(1353, 1353, 'Yassine', 'Trabelsi', '+21620000153', 'MATH', 'Arabic', 1030, 1001, 1003),
(1354, 1354, 'Leila', 'Mejri', '+21620000154', 'PHYSICS', 'French', 1030, 1001, 1004),
(1355, 1355, 'Sami', 'Hamdi', '+21620000155', 'CHEMISTRY', 'English', 1044, 1002, 1005),
(1356, 1356, 'Rym', 'Gharbi', '+21620000156', 'BIOLOGY', 'Arabic', 1044, 1002, 1006),
(1357, 1357, 'Mourad', 'Jouini', '+21620000157', 'HISTORY_GEOGRAPHY', 'French', 1000, 1000, 1007),
(1358, 1358, 'Ines', 'Belhadj', '+21620000158', 'PHILOSOPHY', 'English', 1000, 1000, 1008),
(1359, 1359, 'Khalil', 'Amri', '+21620000159', 'ISLAMIC_STUDIES', 'Arabic', 1000, 1000, 1009),
(1360, 1360, 'Hichem', 'Hammami', '+21620000160', 'PHYSICAL_EDUCATION', 'French', 1000, 1000, 1000),
(1361, 1361, 'Moncef', 'Trabelsi', '+21620000161', 'COMPUTER_SCIENCE', 'English', 1000, 1000, 1001),
(1362, 1362, 'Kamel', 'Gharbi', '+21620000162', 'ECONOMICS', 'Arabic', 1000, 1000, 1002),
(1363, 1363, 'Slim', 'Riahi', '+21620000163', 'ARTS', 'French', 1030, 1001, 1003),
(1364, 1364, 'Tarek', 'Jaziri', '+21620000164', 'MUSIC', 'English', 1030, 1001, 1004),
(1365, 1365, 'Wajdi', 'Khlifi', '+21620000165', 'ARABIC', 'Arabic', 1044, 1002, 1005),
(1366, 1366, 'Nabil', 'Saidi', '+21620000166', 'FRENCH', 'French', 1044, 1002, 1006),
(1367, 1367, 'Mourad', 'Chebbi', '+21620000167', 'ENGLISH', 'English', 1000, 1000, 1007),
(1368, 1368, 'Habib', 'Dridi', '+21620000168', 'MATH', 'Arabic', 1000, 1000, 1008);

-- 10. SEED ACTION LOGS (Simulate recent production activity logs)
INSERT INTO `action_logs` (`action_type`, `created_at`, `description`, `entity_type`, `user_id`, `ip_address`) VALUES
('LOGIN', DATE_SUB(NOW(), INTERVAL 0 MINUTE), 'User logged in from production simulation', 'User', 1000, '197.1.164.29'),
('UPDATE', DATE_SUB(NOW(), INTERVAL 15 MINUTE), 'Updated jurisdiction settings', 'User', 1201, '197.1.7.190'),
('EXPORT', DATE_SUB(NOW(), INTERVAL 30 MINUTE), 'Exported performance metrics report', 'User', 1103, '197.1.71.63'),
('LOGIN', DATE_SUB(NOW(), INTERVAL 45 MINUTE), 'User logged in from production simulation', 'User', 1203, '197.1.58.36'),
('UPDATE', DATE_SUB(NOW(), INTERVAL 60 MINUTE), 'Updated jurisdiction settings', 'User', 1105, '197.1.189.27'),
('EXPORT', DATE_SUB(NOW(), INTERVAL 75 MINUTE), 'Exported performance metrics report', 'User', 1205, '197.1.174.190'),
('LOGIN', DATE_SUB(NOW(), INTERVAL 90 MINUTE), 'User logged in from production simulation', 'User', 1107, '197.1.229.140'),
('UPDATE', DATE_SUB(NOW(), INTERVAL 105 MINUTE), 'Updated jurisdiction settings', 'User', 1207, '197.1.23.152'),
('EXPORT', DATE_SUB(NOW(), INTERVAL 120 MINUTE), 'Exported performance metrics report', 'User', 1109, '197.1.109.9'),
('LOGIN', DATE_SUB(NOW(), INTERVAL 135 MINUTE), 'User logged in from production simulation', 'User', 1209, '197.1.8.24'),
('UPDATE', DATE_SUB(NOW(), INTERVAL 150 MINUTE), 'Updated jurisdiction settings', 'User', 1000, '197.1.56.60'),
('EXPORT', DATE_SUB(NOW(), INTERVAL 165 MINUTE), 'Exported performance metrics report', 'User', 1211, '197.1.130.155'),
('LOGIN', DATE_SUB(NOW(), INTERVAL 180 MINUTE), 'User logged in from production simulation', 'User', 1113, '197.1.7.144'),
('UPDATE', DATE_SUB(NOW(), INTERVAL 195 MINUTE), 'Updated jurisdiction settings', 'User', 1213, '197.1.51.184'),
('EXPORT', DATE_SUB(NOW(), INTERVAL 210 MINUTE), 'Exported performance metrics report', 'User', 1115, '197.1.167.180'),
('LOGIN', DATE_SUB(NOW(), INTERVAL 225 MINUTE), 'User logged in from production simulation', 'User', 1215, '197.1.140.108'),
('UPDATE', DATE_SUB(NOW(), INTERVAL 240 MINUTE), 'Updated jurisdiction settings', 'User', 1117, '197.1.57.115'),
('EXPORT', DATE_SUB(NOW(), INTERVAL 255 MINUTE), 'Exported performance metrics report', 'User', 1217, '197.1.151.72'),
('LOGIN', DATE_SUB(NOW(), INTERVAL 270 MINUTE), 'User logged in from production simulation', 'User', 1119, '197.1.208.223'),
('UPDATE', DATE_SUB(NOW(), INTERVAL 285 MINUTE), 'Updated jurisdiction settings', 'User', 1219, '197.1.2.195'),
('EXPORT', DATE_SUB(NOW(), INTERVAL 300 MINUTE), 'Exported performance metrics report', 'User', 1000, '197.1.207.41'),
('LOGIN', DATE_SUB(NOW(), INTERVAL 315 MINUTE), 'User logged in from production simulation', 'User', 1221, '197.1.179.109'),
('UPDATE', DATE_SUB(NOW(), INTERVAL 330 MINUTE), 'Updated jurisdiction settings', 'User', 1123, '197.1.88.72'),
('EXPORT', DATE_SUB(NOW(), INTERVAL 345 MINUTE), 'Exported performance metrics report', 'User', 1223, '197.1.40.56'),
('LOGIN', DATE_SUB(NOW(), INTERVAL 360 MINUTE), 'User logged in from production simulation', 'User', 1125, '197.1.246.196'),
('UPDATE', DATE_SUB(NOW(), INTERVAL 375 MINUTE), 'Updated jurisdiction settings', 'User', 1225, '197.1.87.27'),
('EXPORT', DATE_SUB(NOW(), INTERVAL 390 MINUTE), 'Exported performance metrics report', 'User', 1127, '197.1.24.98'),
('LOGIN', DATE_SUB(NOW(), INTERVAL 405 MINUTE), 'User logged in from production simulation', 'User', 1227, '197.1.25.92'),
('UPDATE', DATE_SUB(NOW(), INTERVAL 420 MINUTE), 'Updated jurisdiction settings', 'User', 1129, '197.1.217.89'),
('EXPORT', DATE_SUB(NOW(), INTERVAL 435 MINUTE), 'Exported performance metrics report', 'User', 1229, '197.1.155.68'),
('LOGIN', DATE_SUB(NOW(), INTERVAL 450 MINUTE), 'User logged in from production simulation', 'User', 1000, '197.1.207.12'),
('UPDATE', DATE_SUB(NOW(), INTERVAL 465 MINUTE), 'Updated jurisdiction settings', 'User', 1231, '197.1.187.118'),
('EXPORT', DATE_SUB(NOW(), INTERVAL 480 MINUTE), 'Exported performance metrics report', 'User', 1103, '197.1.138.32'),
('LOGIN', DATE_SUB(NOW(), INTERVAL 495 MINUTE), 'User logged in from production simulation', 'User', 1233, '197.1.250.237'),
('UPDATE', DATE_SUB(NOW(), INTERVAL 510 MINUTE), 'Updated jurisdiction settings', 'User', 1105, '197.1.97.21'),
('EXPORT', DATE_SUB(NOW(), INTERVAL 525 MINUTE), 'Exported performance metrics report', 'User', 1235, '197.1.142.76'),
('LOGIN', DATE_SUB(NOW(), INTERVAL 540 MINUTE), 'User logged in from production simulation', 'User', 1107, '197.1.213.161'),
('UPDATE', DATE_SUB(NOW(), INTERVAL 555 MINUTE), 'Updated jurisdiction settings', 'User', 1237, '197.1.159.227'),
('EXPORT', DATE_SUB(NOW(), INTERVAL 570 MINUTE), 'Exported performance metrics report', 'User', 1109, '197.1.221.93'),
('LOGIN', DATE_SUB(NOW(), INTERVAL 585 MINUTE), 'User logged in from production simulation', 'User', 1239, '197.1.148.50'),
('UPDATE', DATE_SUB(NOW(), INTERVAL 600 MINUTE), 'Updated jurisdiction settings', 'User', 1000, '197.1.181.18'),
('EXPORT', DATE_SUB(NOW(), INTERVAL 615 MINUTE), 'Exported performance metrics report', 'User', 1241, '197.1.12.170'),
('LOGIN', DATE_SUB(NOW(), INTERVAL 630 MINUTE), 'User logged in from production simulation', 'User', 1113, '197.1.59.198'),
('UPDATE', DATE_SUB(NOW(), INTERVAL 645 MINUTE), 'Updated jurisdiction settings', 'User', 1243, '197.1.75.253'),
('EXPORT', DATE_SUB(NOW(), INTERVAL 660 MINUTE), 'Exported performance metrics report', 'User', 1115, '197.1.21.219'),
('LOGIN', DATE_SUB(NOW(), INTERVAL 675 MINUTE), 'User logged in from production simulation', 'User', 1245, '197.1.60.222'),
('UPDATE', DATE_SUB(NOW(), INTERVAL 690 MINUTE), 'Updated jurisdiction settings', 'User', 1117, '197.1.26.98'),
('EXPORT', DATE_SUB(NOW(), INTERVAL 705 MINUTE), 'Exported performance metrics report', 'User', 1247, '197.1.72.117'),
('LOGIN', DATE_SUB(NOW(), INTERVAL 720 MINUTE), 'User logged in from production simulation', 'User', 1119, '197.1.163.214'),
('UPDATE', DATE_SUB(NOW(), INTERVAL 735 MINUTE), 'Updated jurisdiction settings', 'User', 1249, '197.1.94.42'),
('EXPORT', DATE_SUB(NOW(), INTERVAL 750 MINUTE), 'Exported performance metrics report', 'User', 1000, '197.1.95.91'),
('LOGIN', DATE_SUB(NOW(), INTERVAL 765 MINUTE), 'User logged in from production simulation', 'User', 1251, '197.1.54.172'),
('UPDATE', DATE_SUB(NOW(), INTERVAL 780 MINUTE), 'Updated jurisdiction settings', 'User', 1123, '197.1.69.180'),
('EXPORT', DATE_SUB(NOW(), INTERVAL 795 MINUTE), 'Exported performance metrics report', 'User', 1253, '197.1.240.175'),
('LOGIN', DATE_SUB(NOW(), INTERVAL 810 MINUTE), 'User logged in from production simulation', 'User', 1125, '197.1.166.19'),
('UPDATE', DATE_SUB(NOW(), INTERVAL 825 MINUTE), 'Updated jurisdiction settings', 'User', 1255, '197.1.156.163'),
('EXPORT', DATE_SUB(NOW(), INTERVAL 840 MINUTE), 'Exported performance metrics report', 'User', 1127, '197.1.44.137'),
('LOGIN', DATE_SUB(NOW(), INTERVAL 855 MINUTE), 'User logged in from production simulation', 'User', 1257, '197.1.187.63'),
('UPDATE', DATE_SUB(NOW(), INTERVAL 870 MINUTE), 'Updated jurisdiction settings', 'User', 1129, '197.1.42.119'),
('EXPORT', DATE_SUB(NOW(), INTERVAL 885 MINUTE), 'Exported performance metrics report', 'User', 1259, '197.1.98.70'),
('LOGIN', DATE_SUB(NOW(), INTERVAL 900 MINUTE), 'User logged in from production simulation', 'User', 1000, '197.1.254.237'),
('UPDATE', DATE_SUB(NOW(), INTERVAL 915 MINUTE), 'Updated jurisdiction settings', 'User', 1261, '197.1.164.177'),
('EXPORT', DATE_SUB(NOW(), INTERVAL 930 MINUTE), 'Exported performance metrics report', 'User', 1103, '197.1.143.57'),
('LOGIN', DATE_SUB(NOW(), INTERVAL 945 MINUTE), 'User logged in from production simulation', 'User', 1263, '197.1.176.84'),
('UPDATE', DATE_SUB(NOW(), INTERVAL 960 MINUTE), 'Updated jurisdiction settings', 'User', 1105, '197.1.216.197'),
('EXPORT', DATE_SUB(NOW(), INTERVAL 975 MINUTE), 'Exported performance metrics report', 'User', 1265, '197.1.199.15'),
('LOGIN', DATE_SUB(NOW(), INTERVAL 990 MINUTE), 'User logged in from production simulation', 'User', 1107, '197.1.59.211'),
('UPDATE', DATE_SUB(NOW(), INTERVAL 1005 MINUTE), 'Updated jurisdiction settings', 'User', 1267, '197.1.9.207'),
('EXPORT', DATE_SUB(NOW(), INTERVAL 1020 MINUTE), 'Exported performance metrics report', 'User', 1109, '197.1.81.103'),
('LOGIN', DATE_SUB(NOW(), INTERVAL 1035 MINUTE), 'User logged in from production simulation', 'User', 1269, '197.1.69.17'),
('UPDATE', DATE_SUB(NOW(), INTERVAL 1050 MINUTE), 'Updated jurisdiction settings', 'User', 1000, '197.1.55.234'),
('EXPORT', DATE_SUB(NOW(), INTERVAL 1065 MINUTE), 'Exported performance metrics report', 'User', 1271, '197.1.242.146'),
('LOGIN', DATE_SUB(NOW(), INTERVAL 1080 MINUTE), 'User logged in from production simulation', 'User', 1113, '197.1.225.184'),
('UPDATE', DATE_SUB(NOW(), INTERVAL 1095 MINUTE), 'Updated jurisdiction settings', 'User', 1273, '197.1.81.55'),
('EXPORT', DATE_SUB(NOW(), INTERVAL 1110 MINUTE), 'Exported performance metrics report', 'User', 1115, '197.1.168.128'),
('LOGIN', DATE_SUB(NOW(), INTERVAL 1125 MINUTE), 'User logged in from production simulation', 'User', 1275, '197.1.102.227'),
('UPDATE', DATE_SUB(NOW(), INTERVAL 1140 MINUTE), 'Updated jurisdiction settings', 'User', 1117, '197.1.235.165'),
('EXPORT', DATE_SUB(NOW(), INTERVAL 1155 MINUTE), 'Exported performance metrics report', 'User', 1277, '197.1.118.37'),
('LOGIN', DATE_SUB(NOW(), INTERVAL 1170 MINUTE), 'User logged in from production simulation', 'User', 1119, '197.1.68.36'),
('UPDATE', DATE_SUB(NOW(), INTERVAL 1185 MINUTE), 'Updated jurisdiction settings', 'User', 1279, '197.1.64.191'),
('EXPORT', DATE_SUB(NOW(), INTERVAL 1200 MINUTE), 'Exported performance metrics report', 'User', 1000, '197.1.144.138'),
('LOGIN', DATE_SUB(NOW(), INTERVAL 1215 MINUTE), 'User logged in from production simulation', 'User', 1281, '197.1.68.192'),
('UPDATE', DATE_SUB(NOW(), INTERVAL 1230 MINUTE), 'Updated jurisdiction settings', 'User', 1123, '197.1.150.110'),
('EXPORT', DATE_SUB(NOW(), INTERVAL 1245 MINUTE), 'Exported performance metrics report', 'User', 1283, '197.1.230.150'),
('LOGIN', DATE_SUB(NOW(), INTERVAL 1260 MINUTE), 'User logged in from production simulation', 'User', 1125, '197.1.103.93'),
('UPDATE', DATE_SUB(NOW(), INTERVAL 1275 MINUTE), 'Updated jurisdiction settings', 'User', 1285, '197.1.57.36'),
('EXPORT', DATE_SUB(NOW(), INTERVAL 1290 MINUTE), 'Exported performance metrics report', 'User', 1127, '197.1.131.127'),
('LOGIN', DATE_SUB(NOW(), INTERVAL 1305 MINUTE), 'User logged in from production simulation', 'User', 1287, '197.1.24.194'),
('UPDATE', DATE_SUB(NOW(), INTERVAL 1320 MINUTE), 'Updated jurisdiction settings', 'User', 1129, '197.1.13.221'),
('EXPORT', DATE_SUB(NOW(), INTERVAL 1335 MINUTE), 'Exported performance metrics report', 'User', 1289, '197.1.29.40'),
('LOGIN', DATE_SUB(NOW(), INTERVAL 1350 MINUTE), 'User logged in from production simulation', 'User', 1000, '197.1.161.41'),
('UPDATE', DATE_SUB(NOW(), INTERVAL 1365 MINUTE), 'Updated jurisdiction settings', 'User', 1291, '197.1.203.175'),
('EXPORT', DATE_SUB(NOW(), INTERVAL 1380 MINUTE), 'Exported performance metrics report', 'User', 1103, '197.1.109.153'),
('LOGIN', DATE_SUB(NOW(), INTERVAL 1395 MINUTE), 'User logged in from production simulation', 'User', 1293, '197.1.17.99'),
('UPDATE', DATE_SUB(NOW(), INTERVAL 1410 MINUTE), 'Updated jurisdiction settings', 'User', 1105, '197.1.98.153'),
('EXPORT', DATE_SUB(NOW(), INTERVAL 1425 MINUTE), 'Exported performance metrics report', 'User', 1295, '197.1.120.136'),
('LOGIN', DATE_SUB(NOW(), INTERVAL 1440 MINUTE), 'User logged in from production simulation', 'User', 1107, '197.1.65.249'),
('UPDATE', DATE_SUB(NOW(), INTERVAL 1455 MINUTE), 'Updated jurisdiction settings', 'User', 1297, '197.1.142.221'),
('EXPORT', DATE_SUB(NOW(), INTERVAL 1470 MINUTE), 'Exported performance metrics report', 'User', 1109, '197.1.242.3'),
('LOGIN', DATE_SUB(NOW(), INTERVAL 1485 MINUTE), 'User logged in from production simulation', 'User', 1299, '197.1.175.185'),
('UPDATE', DATE_SUB(NOW(), INTERVAL 1500 MINUTE), 'Updated jurisdiction settings', 'User', 1000, '197.1.30.175'),
('EXPORT', DATE_SUB(NOW(), INTERVAL 1515 MINUTE), 'Exported performance metrics report', 'User', 1301, '197.1.227.138'),
('LOGIN', DATE_SUB(NOW(), INTERVAL 1530 MINUTE), 'User logged in from production simulation', 'User', 1113, '197.1.193.69'),
('UPDATE', DATE_SUB(NOW(), INTERVAL 1545 MINUTE), 'Updated jurisdiction settings', 'User', 1303, '197.1.197.165'),
('EXPORT', DATE_SUB(NOW(), INTERVAL 1560 MINUTE), 'Exported performance metrics report', 'User', 1115, '197.1.88.29'),
('LOGIN', DATE_SUB(NOW(), INTERVAL 1575 MINUTE), 'User logged in from production simulation', 'User', 1305, '197.1.76.112'),
('UPDATE', DATE_SUB(NOW(), INTERVAL 1590 MINUTE), 'Updated jurisdiction settings', 'User', 1117, '197.1.41.117'),
('EXPORT', DATE_SUB(NOW(), INTERVAL 1605 MINUTE), 'Exported performance metrics report', 'User', 1307, '197.1.1.245'),
('LOGIN', DATE_SUB(NOW(), INTERVAL 1620 MINUTE), 'User logged in from production simulation', 'User', 1119, '197.1.185.225'),
('UPDATE', DATE_SUB(NOW(), INTERVAL 1635 MINUTE), 'Updated jurisdiction settings', 'User', 1309, '197.1.185.68'),
('EXPORT', DATE_SUB(NOW(), INTERVAL 1650 MINUTE), 'Exported performance metrics report', 'User', 1000, '197.1.249.129'),
('LOGIN', DATE_SUB(NOW(), INTERVAL 1665 MINUTE), 'User logged in from production simulation', 'User', 1311, '197.1.196.46'),
('UPDATE', DATE_SUB(NOW(), INTERVAL 1680 MINUTE), 'Updated jurisdiction settings', 'User', 1123, '197.1.130.234'),
('EXPORT', DATE_SUB(NOW(), INTERVAL 1695 MINUTE), 'Exported performance metrics report', 'User', 1313, '197.1.28.223'),
('LOGIN', DATE_SUB(NOW(), INTERVAL 1710 MINUTE), 'User logged in from production simulation', 'User', 1125, '197.1.161.77'),
('UPDATE', DATE_SUB(NOW(), INTERVAL 1725 MINUTE), 'Updated jurisdiction settings', 'User', 1315, '197.1.216.164'),
('EXPORT', DATE_SUB(NOW(), INTERVAL 1740 MINUTE), 'Exported performance metrics report', 'User', 1127, '197.1.130.156'),
('LOGIN', DATE_SUB(NOW(), INTERVAL 1755 MINUTE), 'User logged in from production simulation', 'User', 1317, '197.1.51.40'),
('UPDATE', DATE_SUB(NOW(), INTERVAL 1770 MINUTE), 'Updated jurisdiction settings', 'User', 1129, '197.1.96.196'),
('EXPORT', DATE_SUB(NOW(), INTERVAL 1785 MINUTE), 'Exported performance metrics report', 'User', 1319, '197.1.42.139');

-- 11. SEED NOTIFICATIONS
INSERT INTO `notifications` (`is_read`, `created_at`, `recipient_id`, `type`, `title`, `message`) VALUES
(0, NOW(), 1101, 'SYSTEM', 'Production Simulation Initialized', 'Your account is successfully synced with 200 Tunisian users.'),
(0, NOW(), 1201, 'SYSTEM', 'Production Simulation Initialized', 'Your account is successfully synced with 200 Tunisian users.'),
(0, NOW(), 1103, 'SYSTEM', 'Production Simulation Initialized', 'Your account is successfully synced with 200 Tunisian users.'),
(0, NOW(), 1203, 'SYSTEM', 'Production Simulation Initialized', 'Your account is successfully synced with 200 Tunisian users.'),
(0, NOW(), 1105, 'SYSTEM', 'Production Simulation Initialized', 'Your account is successfully synced with 200 Tunisian users.'),
(0, NOW(), 1205, 'SYSTEM', 'Production Simulation Initialized', 'Your account is successfully synced with 200 Tunisian users.'),
(0, NOW(), 1107, 'SYSTEM', 'Production Simulation Initialized', 'Your account is successfully synced with 200 Tunisian users.'),
(0, NOW(), 1207, 'SYSTEM', 'Production Simulation Initialized', 'Your account is successfully synced with 200 Tunisian users.'),
(0, NOW(), 1109, 'SYSTEM', 'Production Simulation Initialized', 'Your account is successfully synced with 200 Tunisian users.'),
(0, NOW(), 1209, 'SYSTEM', 'Production Simulation Initialized', 'Your account is successfully synced with 200 Tunisian users.'),
(0, NOW(), 1111, 'SYSTEM', 'Production Simulation Initialized', 'Your account is successfully synced with 200 Tunisian users.'),
(0, NOW(), 1211, 'SYSTEM', 'Production Simulation Initialized', 'Your account is successfully synced with 200 Tunisian users.'),
(0, NOW(), 1113, 'SYSTEM', 'Production Simulation Initialized', 'Your account is successfully synced with 200 Tunisian users.'),
(0, NOW(), 1213, 'SYSTEM', 'Production Simulation Initialized', 'Your account is successfully synced with 200 Tunisian users.'),
(0, NOW(), 1115, 'SYSTEM', 'Production Simulation Initialized', 'Your account is successfully synced with 200 Tunisian users.'),
(0, NOW(), 1215, 'SYSTEM', 'Production Simulation Initialized', 'Your account is successfully synced with 200 Tunisian users.'),
(0, NOW(), 1117, 'SYSTEM', 'Production Simulation Initialized', 'Your account is successfully synced with 200 Tunisian users.'),
(0, NOW(), 1217, 'SYSTEM', 'Production Simulation Initialized', 'Your account is successfully synced with 200 Tunisian users.'),
(0, NOW(), 1119, 'SYSTEM', 'Production Simulation Initialized', 'Your account is successfully synced with 200 Tunisian users.'),
(0, NOW(), 1219, 'SYSTEM', 'Production Simulation Initialized', 'Your account is successfully synced with 200 Tunisian users.'),
(0, NOW(), 1121, 'SYSTEM', 'Production Simulation Initialized', 'Your account is successfully synced with 200 Tunisian users.'),
(0, NOW(), 1221, 'SYSTEM', 'Production Simulation Initialized', 'Your account is successfully synced with 200 Tunisian users.'),
(0, NOW(), 1123, 'SYSTEM', 'Production Simulation Initialized', 'Your account is successfully synced with 200 Tunisian users.'),
(0, NOW(), 1223, 'SYSTEM', 'Production Simulation Initialized', 'Your account is successfully synced with 200 Tunisian users.'),
(0, NOW(), 1125, 'SYSTEM', 'Production Simulation Initialized', 'Your account is successfully synced with 200 Tunisian users.'),
(0, NOW(), 1225, 'SYSTEM', 'Production Simulation Initialized', 'Your account is successfully synced with 200 Tunisian users.'),
(0, NOW(), 1127, 'SYSTEM', 'Production Simulation Initialized', 'Your account is successfully synced with 200 Tunisian users.'),
(0, NOW(), 1227, 'SYSTEM', 'Production Simulation Initialized', 'Your account is successfully synced with 200 Tunisian users.'),
(0, NOW(), 1129, 'SYSTEM', 'Production Simulation Initialized', 'Your account is successfully synced with 200 Tunisian users.'),
(0, NOW(), 1229, 'SYSTEM', 'Production Simulation Initialized', 'Your account is successfully synced with 200 Tunisian users.'),
(0, NOW(), 1101, 'SYSTEM', 'Production Simulation Initialized', 'Your account is successfully synced with 200 Tunisian users.'),
(0, NOW(), 1231, 'SYSTEM', 'Production Simulation Initialized', 'Your account is successfully synced with 200 Tunisian users.'),
(0, NOW(), 1103, 'SYSTEM', 'Production Simulation Initialized', 'Your account is successfully synced with 200 Tunisian users.'),
(0, NOW(), 1233, 'SYSTEM', 'Production Simulation Initialized', 'Your account is successfully synced with 200 Tunisian users.'),
(0, NOW(), 1105, 'SYSTEM', 'Production Simulation Initialized', 'Your account is successfully synced with 200 Tunisian users.'),
(0, NOW(), 1235, 'SYSTEM', 'Production Simulation Initialized', 'Your account is successfully synced with 200 Tunisian users.'),
(0, NOW(), 1107, 'SYSTEM', 'Production Simulation Initialized', 'Your account is successfully synced with 200 Tunisian users.'),
(0, NOW(), 1237, 'SYSTEM', 'Production Simulation Initialized', 'Your account is successfully synced with 200 Tunisian users.'),
(0, NOW(), 1109, 'SYSTEM', 'Production Simulation Initialized', 'Your account is successfully synced with 200 Tunisian users.'),
(0, NOW(), 1239, 'SYSTEM', 'Production Simulation Initialized', 'Your account is successfully synced with 200 Tunisian users.'),
(0, NOW(), 1111, 'SYSTEM', 'Production Simulation Initialized', 'Your account is successfully synced with 200 Tunisian users.'),
(0, NOW(), 1241, 'SYSTEM', 'Production Simulation Initialized', 'Your account is successfully synced with 200 Tunisian users.'),
(0, NOW(), 1113, 'SYSTEM', 'Production Simulation Initialized', 'Your account is successfully synced with 200 Tunisian users.'),
(0, NOW(), 1243, 'SYSTEM', 'Production Simulation Initialized', 'Your account is successfully synced with 200 Tunisian users.'),
(0, NOW(), 1115, 'SYSTEM', 'Production Simulation Initialized', 'Your account is successfully synced with 200 Tunisian users.'),
(0, NOW(), 1245, 'SYSTEM', 'Production Simulation Initialized', 'Your account is successfully synced with 200 Tunisian users.'),
(0, NOW(), 1117, 'SYSTEM', 'Production Simulation Initialized', 'Your account is successfully synced with 200 Tunisian users.'),
(0, NOW(), 1247, 'SYSTEM', 'Production Simulation Initialized', 'Your account is successfully synced with 200 Tunisian users.'),
(0, NOW(), 1119, 'SYSTEM', 'Production Simulation Initialized', 'Your account is successfully synced with 200 Tunisian users.'),
(0, NOW(), 1249, 'SYSTEM', 'Production Simulation Initialized', 'Your account is successfully synced with 200 Tunisian users.'),
(0, NOW(), 1121, 'SYSTEM', 'Production Simulation Initialized', 'Your account is successfully synced with 200 Tunisian users.'),
(0, NOW(), 1251, 'SYSTEM', 'Production Simulation Initialized', 'Your account is successfully synced with 200 Tunisian users.'),
(0, NOW(), 1123, 'SYSTEM', 'Production Simulation Initialized', 'Your account is successfully synced with 200 Tunisian users.'),
(0, NOW(), 1253, 'SYSTEM', 'Production Simulation Initialized', 'Your account is successfully synced with 200 Tunisian users.'),
(0, NOW(), 1125, 'SYSTEM', 'Production Simulation Initialized', 'Your account is successfully synced with 200 Tunisian users.'),
(0, NOW(), 1255, 'SYSTEM', 'Production Simulation Initialized', 'Your account is successfully synced with 200 Tunisian users.'),
(0, NOW(), 1127, 'SYSTEM', 'Production Simulation Initialized', 'Your account is successfully synced with 200 Tunisian users.'),
(0, NOW(), 1257, 'SYSTEM', 'Production Simulation Initialized', 'Your account is successfully synced with 200 Tunisian users.'),
(0, NOW(), 1129, 'SYSTEM', 'Production Simulation Initialized', 'Your account is successfully synced with 200 Tunisian users.'),
(0, NOW(), 1259, 'SYSTEM', 'Production Simulation Initialized', 'Your account is successfully synced with 200 Tunisian users.');

-- 12. SEED EVALUATION ACTIVITIES (60 Activities: IDs 1000 to 1059)
INSERT INTO `activities` (`id`, `is_online`, `is_reminder_sent`, `end_date_time`, `inspector_user_id`, `start_date_time`, `title`, `location`, `description`, `meeting_url`, `type`) VALUES
(1000, 0, 0, '2026-01-01 10:00:00', 1101, '2026-01-01 08:00:00', 'Inspection Pedagogique - ARABIC', 'Salle de classe', 'Inspection periodique de controle', NULL, 'INSPECTION'),
(1001, 0, 0, '2026-02-02 11:00:00', 1112, '2026-02-02 09:00:00', 'Inspection Pedagogique - FRENCH', 'Salle de classe', 'Inspection periodique de controle', NULL, 'INSPECTION'),
(1002, 0, 0, '2026-03-03 12:00:00', 1123, '2026-03-03 10:00:00', 'Inspection Pedagogique - ENGLISH', 'Salle de classe', 'Inspection periodique de controle', NULL, 'INSPECTION'),
(1003, 0, 0, '2026-04-04 13:00:00', 1104, '2026-04-04 11:00:00', 'Inspection Pedagogique - MATH', 'Salle de classe', 'Inspection periodique de controle', NULL, 'INSPECTION'),
(1004, 0, 0, '2026-05-05 14:00:00', 1115, '2026-05-05 12:00:00', 'Inspection Pedagogique - PHYSICS', 'Salle de classe', 'Inspection periodique de controle', NULL, 'INSPECTION'),
(1005, 0, 0, '2026-01-06 15:00:00', 1126, '2026-01-06 13:00:00', 'Inspection Pedagogique - CHEMISTRY', 'Salle de classe', 'Inspection periodique de controle', NULL, 'INSPECTION'),
(1006, 0, 0, '2026-02-07 16:00:00', 1107, '2026-02-07 14:00:00', 'Inspection Pedagogique - BIOLOGY', 'Salle de classe', 'Inspection periodique de controle', NULL, 'INSPECTION'),
(1007, 0, 0, '2026-03-08 17:00:00', 1118, '2026-03-08 15:00:00', 'Inspection Pedagogique - HISTORY_GEOGRAPHY', 'Salle de classe', 'Inspection periodique de controle', NULL, 'INSPECTION'),
(1008, 0, 0, '2026-04-09 10:00:00', 1129, '2026-04-09 08:00:00', 'Inspection Pedagogique - PHILOSOPHY', 'Salle de classe', 'Inspection periodique de controle', NULL, 'INSPECTION'),
(1009, 0, 0, '2026-05-10 11:00:00', 1110, '2026-05-10 09:00:00', 'Inspection Pedagogique - ISLAMIC_STUDIES', 'Salle de classe', 'Inspection periodique de controle', NULL, 'INSPECTION'),
(1010, 0, 0, '2026-01-11 12:00:00', 1111, '2026-01-11 10:00:00', 'Inspection Pedagogique - PHYSICAL_EDUCATION', 'Salle de classe', 'Inspection periodique de controle', NULL, 'INSPECTION'),
(1011, 0, 0, '2026-02-12 13:00:00', 1122, '2026-02-12 11:00:00', 'Inspection Pedagogique - COMPUTER_SCIENCE', 'Salle de classe', 'Inspection periodique de controle', NULL, 'INSPECTION'),
(1012, 0, 0, '2026-03-13 14:00:00', 1103, '2026-03-13 12:00:00', 'Inspection Pedagogique - ECONOMICS', 'Salle de classe', 'Inspection periodique de controle', NULL, 'INSPECTION'),
(1013, 0, 0, '2026-04-14 15:00:00', 1114, '2026-04-14 13:00:00', 'Inspection Pedagogique - ARTS', 'Salle de classe', 'Inspection periodique de controle', NULL, 'INSPECTION'),
(1014, 0, 0, '2026-05-15 16:00:00', 1125, '2026-05-15 14:00:00', 'Inspection Pedagogique - MUSIC', 'Salle de classe', 'Inspection periodique de controle', NULL, 'INSPECTION'),
(1015, 0, 0, '2026-01-16 17:00:00', 1106, '2026-01-16 15:00:00', 'Inspection Pedagogique - ARABIC', 'Salle de classe', 'Inspection periodique de controle', NULL, 'INSPECTION'),
(1016, 0, 0, '2026-02-17 10:00:00', 1117, '2026-02-17 08:00:00', 'Inspection Pedagogique - FRENCH', 'Salle de classe', 'Inspection periodique de controle', NULL, 'INSPECTION'),
(1017, 0, 0, '2026-03-18 11:00:00', 1128, '2026-03-18 09:00:00', 'Inspection Pedagogique - ENGLISH', 'Salle de classe', 'Inspection periodique de controle', NULL, 'INSPECTION'),
(1018, 0, 0, '2026-04-19 12:00:00', 1109, '2026-04-19 10:00:00', 'Inspection Pedagogique - MATH', 'Salle de classe', 'Inspection periodique de controle', NULL, 'INSPECTION'),
(1019, 0, 0, '2026-05-20 13:00:00', 1120, '2026-05-20 11:00:00', 'Inspection Pedagogique - PHYSICS', 'Salle de classe', 'Inspection periodique de controle', NULL, 'INSPECTION'),
(1020, 0, 0, '2026-01-21 14:00:00', 1121, '2026-01-21 12:00:00', 'Inspection Pedagogique - CHEMISTRY', 'Salle de classe', 'Inspection periodique de controle', NULL, 'INSPECTION'),
(1021, 0, 0, '2026-02-22 15:00:00', 1102, '2026-02-22 13:00:00', 'Inspection Pedagogique - BIOLOGY', 'Salle de classe', 'Inspection periodique de controle', NULL, 'INSPECTION'),
(1022, 0, 0, '2026-03-23 16:00:00', 1113, '2026-03-23 14:00:00', 'Inspection Pedagogique - HISTORY_GEOGRAPHY', 'Salle de classe', 'Inspection periodique de controle', NULL, 'INSPECTION'),
(1023, 0, 0, '2026-04-24 17:00:00', 1124, '2026-04-24 15:00:00', 'Inspection Pedagogique - PHILOSOPHY', 'Salle de classe', 'Inspection periodique de controle', NULL, 'INSPECTION'),
(1024, 0, 0, '2026-05-25 10:00:00', 1105, '2026-05-25 08:00:00', 'Inspection Pedagogique - ISLAMIC_STUDIES', 'Salle de classe', 'Inspection periodique de controle', NULL, 'INSPECTION'),
(1025, 0, 0, '2026-01-01 11:00:00', 1116, '2026-01-01 09:00:00', 'Inspection Pedagogique - PHYSICAL_EDUCATION', 'Salle de classe', 'Inspection periodique de controle', NULL, 'INSPECTION'),
(1026, 0, 0, '2026-02-02 12:00:00', 1127, '2026-02-02 10:00:00', 'Inspection Pedagogique - COMPUTER_SCIENCE', 'Salle de classe', 'Inspection periodique de controle', NULL, 'INSPECTION'),
(1027, 0, 0, '2026-03-03 13:00:00', 1108, '2026-03-03 11:00:00', 'Inspection Pedagogique - ECONOMICS', 'Salle de classe', 'Inspection periodique de controle', NULL, 'INSPECTION'),
(1028, 0, 0, '2026-04-04 14:00:00', 1119, '2026-04-04 12:00:00', 'Inspection Pedagogique - ARTS', 'Salle de classe', 'Inspection periodique de controle', NULL, 'INSPECTION'),
(1029, 0, 0, '2026-05-05 15:00:00', 1130, '2026-05-05 13:00:00', 'Inspection Pedagogique - MUSIC', 'Salle de classe', 'Inspection periodique de controle', NULL, 'INSPECTION'),
(1030, 0, 0, '2026-01-06 16:00:00', 1101, '2026-01-06 14:00:00', 'Inspection Pedagogique - ARABIC', 'Salle de classe', 'Inspection periodique de controle', NULL, 'INSPECTION'),
(1031, 0, 0, '2026-02-07 17:00:00', 1112, '2026-02-07 15:00:00', 'Inspection Pedagogique - FRENCH', 'Salle de classe', 'Inspection periodique de controle', NULL, 'INSPECTION'),
(1032, 0, 0, '2026-03-08 10:00:00', 1123, '2026-03-08 08:00:00', 'Inspection Pedagogique - ENGLISH', 'Salle de classe', 'Inspection periodique de controle', NULL, 'INSPECTION'),
(1033, 0, 0, '2026-04-09 11:00:00', 1104, '2026-04-09 09:00:00', 'Inspection Pedagogique - MATH', 'Salle de classe', 'Inspection periodique de controle', NULL, 'INSPECTION'),
(1034, 0, 0, '2026-05-10 12:00:00', 1115, '2026-05-10 10:00:00', 'Inspection Pedagogique - PHYSICS', 'Salle de classe', 'Inspection periodique de controle', NULL, 'INSPECTION'),
(1035, 0, 0, '2026-01-11 13:00:00', 1126, '2026-01-11 11:00:00', 'Inspection Pedagogique - CHEMISTRY', 'Salle de classe', 'Inspection periodique de controle', NULL, 'INSPECTION'),
(1036, 0, 0, '2026-02-12 14:00:00', 1107, '2026-02-12 12:00:00', 'Inspection Pedagogique - BIOLOGY', 'Salle de classe', 'Inspection periodique de controle', NULL, 'INSPECTION'),
(1037, 0, 0, '2026-03-13 15:00:00', 1118, '2026-03-13 13:00:00', 'Inspection Pedagogique - HISTORY_GEOGRAPHY', 'Salle de classe', 'Inspection periodique de controle', NULL, 'INSPECTION'),
(1038, 0, 0, '2026-04-14 16:00:00', 1129, '2026-04-14 14:00:00', 'Inspection Pedagogique - PHILOSOPHY', 'Salle de classe', 'Inspection periodique de controle', NULL, 'INSPECTION'),
(1039, 0, 0, '2026-05-15 17:00:00', 1110, '2026-05-15 15:00:00', 'Inspection Pedagogique - ISLAMIC_STUDIES', 'Salle de classe', 'Inspection periodique de controle', NULL, 'INSPECTION'),
(1040, 0, 0, '2026-01-16 10:00:00', 1111, '2026-01-16 08:00:00', 'Inspection Pedagogique - PHYSICAL_EDUCATION', 'Salle de classe', 'Inspection periodique de controle', NULL, 'INSPECTION'),
(1041, 0, 0, '2026-02-17 11:00:00', 1122, '2026-02-17 09:00:00', 'Inspection Pedagogique - COMPUTER_SCIENCE', 'Salle de classe', 'Inspection periodique de controle', NULL, 'INSPECTION'),
(1042, 0, 0, '2026-03-18 12:00:00', 1103, '2026-03-18 10:00:00', 'Inspection Pedagogique - ECONOMICS', 'Salle de classe', 'Inspection periodique de controle', NULL, 'INSPECTION'),
(1043, 0, 0, '2026-04-19 13:00:00', 1114, '2026-04-19 11:00:00', 'Inspection Pedagogique - ARTS', 'Salle de classe', 'Inspection periodique de controle', NULL, 'INSPECTION'),
(1044, 0, 0, '2026-05-20 14:00:00', 1125, '2026-05-20 12:00:00', 'Inspection Pedagogique - MUSIC', 'Salle de classe', 'Inspection periodique de controle', NULL, 'INSPECTION'),
(1045, 0, 0, '2026-01-21 15:00:00', 1106, '2026-01-21 13:00:00', 'Inspection Pedagogique - ARABIC', 'Salle de classe', 'Inspection periodique de controle', NULL, 'INSPECTION'),
(1046, 0, 0, '2026-02-22 16:00:00', 1117, '2026-02-22 14:00:00', 'Inspection Pedagogique - FRENCH', 'Salle de classe', 'Inspection periodique de controle', NULL, 'INSPECTION'),
(1047, 0, 0, '2026-03-23 17:00:00', 1128, '2026-03-23 15:00:00', 'Inspection Pedagogique - ENGLISH', 'Salle de classe', 'Inspection periodique de controle', NULL, 'INSPECTION'),
(1048, 0, 0, '2026-04-24 10:00:00', 1109, '2026-04-24 08:00:00', 'Inspection Pedagogique - MATH', 'Salle de classe', 'Inspection periodique de controle', NULL, 'INSPECTION'),
(1049, 0, 0, '2026-05-25 11:00:00', 1120, '2026-05-25 09:00:00', 'Inspection Pedagogique - PHYSICS', 'Salle de classe', 'Inspection periodique de controle', NULL, 'INSPECTION'),
(1050, 0, 0, '2026-01-01 12:00:00', 1121, '2026-01-01 10:00:00', 'Inspection Pedagogique - CHEMISTRY', 'Salle de classe', 'Inspection periodique de controle', NULL, 'INSPECTION'),
(1051, 0, 0, '2026-02-02 13:00:00', 1102, '2026-02-02 11:00:00', 'Inspection Pedagogique - BIOLOGY', 'Salle de classe', 'Inspection periodique de controle', NULL, 'INSPECTION'),
(1052, 0, 0, '2026-03-03 14:00:00', 1113, '2026-03-03 12:00:00', 'Inspection Pedagogique - HISTORY_GEOGRAPHY', 'Salle de classe', 'Inspection periodique de controle', NULL, 'INSPECTION'),
(1053, 0, 0, '2026-04-04 15:00:00', 1124, '2026-04-04 13:00:00', 'Inspection Pedagogique - PHILOSOPHY', 'Salle de classe', 'Inspection periodique de controle', NULL, 'INSPECTION'),
(1054, 0, 0, '2026-05-05 16:00:00', 1105, '2026-05-05 14:00:00', 'Inspection Pedagogique - ISLAMIC_STUDIES', 'Salle de classe', 'Inspection periodique de controle', NULL, 'INSPECTION'),
(1055, 0, 0, '2026-01-06 17:00:00', 1116, '2026-01-06 15:00:00', 'Inspection Pedagogique - PHYSICAL_EDUCATION', 'Salle de classe', 'Inspection periodique de controle', NULL, 'INSPECTION'),
(1056, 0, 0, '2026-02-07 10:00:00', 1127, '2026-02-07 08:00:00', 'Inspection Pedagogique - COMPUTER_SCIENCE', 'Salle de classe', 'Inspection periodique de controle', NULL, 'INSPECTION'),
(1057, 0, 0, '2026-03-08 11:00:00', 1108, '2026-03-08 09:00:00', 'Inspection Pedagogique - ECONOMICS', 'Salle de classe', 'Inspection periodique de controle', NULL, 'INSPECTION'),
(1058, 0, 0, '2026-04-09 12:00:00', 1119, '2026-04-09 10:00:00', 'Inspection Pedagogique - ARTS', 'Salle de classe', 'Inspection periodique de controle', NULL, 'INSPECTION'),
(1059, 0, 0, '2026-05-10 13:00:00', 1130, '2026-05-10 11:00:00', 'Inspection Pedagogique - MUSIC', 'Salle de classe', 'Inspection periodique de controle', NULL, 'INSPECTION');

-- 12.1 LINK TEACHERS TO ACTIVITIES
INSERT INTO `activity_guests` (`activity_id`, `teacher_profile_id`) VALUES
(1000, 1200),
(1001, 1204),
(1002, 1215),
(1003, 1207),
(1004, 1223),
(1005, 1226),
(1006, 1210),
(1007, 1234),
(1008, 1245),
(1009, 1217),
(1010, 1253),
(1011, 1256),
(1012, 1220),
(1013, 1264),
(1014, 1275),
(1015, 1227),
(1016, 1283),
(1017, 1286),
(1018, 1230),
(1019, 1294),
(1020, 1305),
(1021, 1237),
(1022, 1313),
(1023, 1316),
(1024, 1240),
(1025, 1324),
(1026, 1335),
(1027, 1247),
(1028, 1343),
(1029, 1346),
(1030, 1250),
(1031, 1354),
(1032, 1365),
(1033, 1257),
(1034, 1203),
(1035, 1206),
(1036, 1260),
(1037, 1214),
(1038, 1225),
(1039, 1267),
(1040, 1233),
(1041, 1236),
(1042, 1270),
(1043, 1244),
(1044, 1255),
(1045, 1277),
(1046, 1263),
(1047, 1266),
(1048, 1280),
(1049, 1274),
(1050, 1285),
(1051, 1287),
(1052, 1293),
(1053, 1296),
(1054, 1290),
(1055, 1304),
(1056, 1315),
(1057, 1297),
(1058, 1323),
(1059, 1326);

-- 12.2 SEED EVALUATION REPORTS (60 Reports: IDs 1000 to 1059)
INSERT INTO `activity_reports` (`score`, `activity_id`, `created_at`, `id`, `inspector_user_id`, `teacher_profile_id`, `updated_at`, `title`, `observations`, `recommendations`, `status`) VALUES
(18, 1000, '2026-01-01 08:00:00', 1000, 1101, 1200, '2026-01-01 08:00:00', 'Rapport d Evaluation - ARABIC', 'L enseignant montre une excellente maitrise scientifique et pedagogique. Structure de la lecon claire et objectifs pedagogiques atteints.', 'Favoriser davantage les travaux pratiques en sous-groupes et integrer des outils numeriques interactifs.', 'FINAL'),
(10, 1001, '2026-02-02 09:00:00', 1001, 1112, 1204, '2026-02-02 09:00:00', 'Rapport d Evaluation - FRENCH', 'L enseignant montre une excellente maitrise scientifique et pedagogique. Structure de la lecon claire et objectifs pedagogiques atteints.', 'Favoriser davantage les travaux pratiques en sous-groupes et integrer des outils numeriques interactifs.', 'FINAL'),
(19, 1002, '2026-03-03 10:00:00', 1002, 1123, 1215, '2026-03-03 10:00:00', 'Rapport d Evaluation - ENGLISH', 'L enseignant montre une excellente maitrise scientifique et pedagogique. Structure de la lecon claire et objectifs pedagogiques atteints.', 'Favoriser davantage les travaux pratiques en sous-groupes et integrer des outils numeriques interactifs.', 'FINAL'),
(15, 1003, '2026-04-04 11:00:00', 1003, 1104, 1207, '2026-04-04 11:00:00', 'Rapport d Evaluation - MATH', 'L enseignant montre une excellente maitrise scientifique et pedagogique. Structure de la lecon claire et objectifs pedagogiques atteints.', 'Favoriser davantage les travaux pratiques en sous-groupes et integrer des outils numeriques interactifs.', 'FINAL'),
(17, 1004, '2026-05-05 12:00:00', 1004, 1115, 1223, '2026-05-05 12:00:00', 'Rapport d Evaluation - PHYSICS', 'L enseignant montre une excellente maitrise scientifique et pedagogique. Structure de la lecon claire et objectifs pedagogiques atteints.', 'Favoriser davantage les travaux pratiques en sous-groupes et integrer des outils numeriques interactifs.', 'FINAL'),
(10, 1005, '2026-01-06 13:00:00', 1005, 1126, 1226, '2026-01-06 13:00:00', 'Rapport d Evaluation - CHEMISTRY', 'L enseignant montre une excellente maitrise scientifique et pedagogique. Structure de la lecon claire et objectifs pedagogiques atteints.', 'Favoriser davantage les travaux pratiques en sous-groupes et integrer des outils numeriques interactifs.', 'FINAL'),
(11, 1006, '2026-02-07 14:00:00', 1006, 1107, 1210, '2026-02-07 14:00:00', 'Rapport d Evaluation - BIOLOGY', 'L enseignant montre une excellente maitrise scientifique et pedagogique. Structure de la lecon claire et objectifs pedagogiques atteints.', 'Favoriser davantage les travaux pratiques en sous-groupes et integrer des outils numeriques interactifs.', 'FINAL'),
(15, 1007, '2026-03-08 15:00:00', 1007, 1118, 1234, '2026-03-08 15:00:00', 'Rapport d Evaluation - HISTORY_GEOGRAPHY', 'L enseignant montre une excellente maitrise scientifique et pedagogique. Structure de la lecon claire et objectifs pedagogiques atteints.', 'Favoriser davantage les travaux pratiques en sous-groupes et integrer des outils numeriques interactifs.', 'FINAL'),
(14, 1008, '2026-04-09 08:00:00', 1008, 1129, 1245, '2026-04-09 08:00:00', 'Rapport d Evaluation - PHILOSOPHY', 'L enseignant montre une excellente maitrise scientifique et pedagogique. Structure de la lecon claire et objectifs pedagogiques atteints.', 'Favoriser davantage les travaux pratiques en sous-groupes et integrer des outils numeriques interactifs.', 'FINAL'),
(13, 1009, '2026-05-10 09:00:00', 1009, 1110, 1217, '2026-05-10 09:00:00', 'Rapport d Evaluation - ISLAMIC_STUDIES', 'L enseignant montre une excellente maitrise scientifique et pedagogique. Structure de la lecon claire et objectifs pedagogiques atteints.', 'Favoriser davantage les travaux pratiques en sous-groupes et integrer des outils numeriques interactifs.', 'FINAL'),
(10, 1010, '2026-01-11 10:00:00', 1010, 1111, 1253, '2026-01-11 10:00:00', 'Rapport d Evaluation - PHYSICAL_EDUCATION', 'L enseignant montre une excellente maitrise scientifique et pedagogique. Structure de la lecon claire et objectifs pedagogiques atteints.', 'Favoriser davantage les travaux pratiques en sous-groupes et integrer des outils numeriques interactifs.', 'FINAL'),
(13, 1011, '2026-02-12 11:00:00', 1011, 1122, 1256, '2026-02-12 11:00:00', 'Rapport d Evaluation - COMPUTER_SCIENCE', 'L enseignant montre une excellente maitrise scientifique et pedagogique. Structure de la lecon claire et objectifs pedagogiques atteints.', 'Favoriser davantage les travaux pratiques en sous-groupes et integrer des outils numeriques interactifs.', 'FINAL'),
(19, 1012, '2026-03-13 12:00:00', 1012, 1103, 1220, '2026-03-13 12:00:00', 'Rapport d Evaluation - ECONOMICS', 'L enseignant montre une excellente maitrise scientifique et pedagogique. Structure de la lecon claire et objectifs pedagogiques atteints.', 'Favoriser davantage les travaux pratiques en sous-groupes et integrer des outils numeriques interactifs.', 'FINAL'),
(11, 1013, '2026-04-14 13:00:00', 1013, 1114, 1264, '2026-04-14 13:00:00', 'Rapport d Evaluation - ARTS', 'L enseignant montre une excellente maitrise scientifique et pedagogique. Structure de la lecon claire et objectifs pedagogiques atteints.', 'Favoriser davantage les travaux pratiques en sous-groupes et integrer des outils numeriques interactifs.', 'FINAL'),
(11, 1014, '2026-05-15 14:00:00', 1014, 1125, 1275, '2026-05-15 14:00:00', 'Rapport d Evaluation - MUSIC', 'L enseignant montre une excellente maitrise scientifique et pedagogique. Structure de la lecon claire et objectifs pedagogiques atteints.', 'Favoriser davantage les travaux pratiques en sous-groupes et integrer des outils numeriques interactifs.', 'FINAL'),
(17, 1015, '2026-01-16 15:00:00', 1015, 1106, 1227, '2026-01-16 15:00:00', 'Rapport d Evaluation - ARABIC', 'L enseignant montre une excellente maitrise scientifique et pedagogique. Structure de la lecon claire et objectifs pedagogiques atteints.', 'Favoriser davantage les travaux pratiques en sous-groupes et integrer des outils numeriques interactifs.', 'FINAL'),
(11, 1016, '2026-02-17 08:00:00', 1016, 1117, 1283, '2026-02-17 08:00:00', 'Rapport d Evaluation - FRENCH', 'L enseignant montre une excellente maitrise scientifique et pedagogique. Structure de la lecon claire et objectifs pedagogiques atteints.', 'Favoriser davantage les travaux pratiques en sous-groupes et integrer des outils numeriques interactifs.', 'FINAL'),
(18, 1017, '2026-03-18 09:00:00', 1017, 1128, 1286, '2026-03-18 09:00:00', 'Rapport d Evaluation - ENGLISH', 'L enseignant montre une excellente maitrise scientifique et pedagogique. Structure de la lecon claire et objectifs pedagogiques atteints.', 'Favoriser davantage les travaux pratiques en sous-groupes et integrer des outils numeriques interactifs.', 'FINAL'),
(12, 1018, '2026-04-19 10:00:00', 1018, 1109, 1230, '2026-04-19 10:00:00', 'Rapport d Evaluation - MATH', 'L enseignant montre une excellente maitrise scientifique et pedagogique. Structure de la lecon claire et objectifs pedagogiques atteints.', 'Favoriser davantage les travaux pratiques en sous-groupes et integrer des outils numeriques interactifs.', 'FINAL'),
(12, 1019, '2026-05-20 11:00:00', 1019, 1120, 1294, '2026-05-20 11:00:00', 'Rapport d Evaluation - PHYSICS', 'L enseignant montre une excellente maitrise scientifique et pedagogique. Structure de la lecon claire et objectifs pedagogiques atteints.', 'Favoriser davantage les travaux pratiques en sous-groupes et integrer des outils numeriques interactifs.', 'FINAL'),
(20, 1020, '2026-01-21 12:00:00', 1020, 1121, 1305, '2026-01-21 12:00:00', 'Rapport d Evaluation - CHEMISTRY', 'L enseignant montre une excellente maitrise scientifique et pedagogique. Structure de la lecon claire et objectifs pedagogiques atteints.', 'Favoriser davantage les travaux pratiques en sous-groupes et integrer des outils numeriques interactifs.', 'FINAL'),
(17, 1021, '2026-02-22 13:00:00', 1021, 1102, 1237, '2026-02-22 13:00:00', 'Rapport d Evaluation - BIOLOGY', 'L enseignant montre une excellente maitrise scientifique et pedagogique. Structure de la lecon claire et objectifs pedagogiques atteints.', 'Favoriser davantage les travaux pratiques en sous-groupes et integrer des outils numeriques interactifs.', 'FINAL'),
(18, 1022, '2026-03-23 14:00:00', 1022, 1113, 1313, '2026-03-23 14:00:00', 'Rapport d Evaluation - HISTORY_GEOGRAPHY', 'L enseignant montre une excellente maitrise scientifique et pedagogique. Structure de la lecon claire et objectifs pedagogiques atteints.', 'Favoriser davantage les travaux pratiques en sous-groupes et integrer des outils numeriques interactifs.', 'FINAL'),
(12, 1023, '2026-04-24 15:00:00', 1023, 1124, 1316, '2026-04-24 15:00:00', 'Rapport d Evaluation - PHILOSOPHY', 'L enseignant montre une excellente maitrise scientifique et pedagogique. Structure de la lecon claire et objectifs pedagogiques atteints.', 'Favoriser davantage les travaux pratiques en sous-groupes et integrer des outils numeriques interactifs.', 'FINAL'),
(14, 1024, '2026-05-25 08:00:00', 1024, 1105, 1240, '2026-05-25 08:00:00', 'Rapport d Evaluation - ISLAMIC_STUDIES', 'L enseignant montre une excellente maitrise scientifique et pedagogique. Structure de la lecon claire et objectifs pedagogiques atteints.', 'Favoriser davantage les travaux pratiques en sous-groupes et integrer des outils numeriques interactifs.', 'FINAL'),
(18, 1025, '2026-01-01 09:00:00', 1025, 1116, 1324, '2026-01-01 09:00:00', 'Rapport d Evaluation - PHYSICAL_EDUCATION', 'L enseignant montre une excellente maitrise scientifique et pedagogique. Structure de la lecon claire et objectifs pedagogiques atteints.', 'Favoriser davantage les travaux pratiques en sous-groupes et integrer des outils numeriques interactifs.', 'FINAL'),
(19, 1026, '2026-02-02 10:00:00', 1026, 1127, 1335, '2026-02-02 10:00:00', 'Rapport d Evaluation - COMPUTER_SCIENCE', 'L enseignant montre une excellente maitrise scientifique et pedagogique. Structure de la lecon claire et objectifs pedagogiques atteints.', 'Favoriser davantage les travaux pratiques en sous-groupes et integrer des outils numeriques interactifs.', 'FINAL'),
(16, 1027, '2026-03-03 11:00:00', 1027, 1108, 1247, '2026-03-03 11:00:00', 'Rapport d Evaluation - ECONOMICS', 'L enseignant montre une excellente maitrise scientifique et pedagogique. Structure de la lecon claire et objectifs pedagogiques atteints.', 'Favoriser davantage les travaux pratiques en sous-groupes et integrer des outils numeriques interactifs.', 'FINAL'),
(13, 1028, '2026-04-04 12:00:00', 1028, 1119, 1343, '2026-04-04 12:00:00', 'Rapport d Evaluation - ARTS', 'L enseignant montre une excellente maitrise scientifique et pedagogique. Structure de la lecon claire et objectifs pedagogiques atteints.', 'Favoriser davantage les travaux pratiques en sous-groupes et integrer des outils numeriques interactifs.', 'FINAL'),
(18, 1029, '2026-05-05 13:00:00', 1029, 1130, 1346, '2026-05-05 13:00:00', 'Rapport d Evaluation - MUSIC', 'L enseignant montre une excellente maitrise scientifique et pedagogique. Structure de la lecon claire et objectifs pedagogiques atteints.', 'Favoriser davantage les travaux pratiques en sous-groupes et integrer des outils numeriques interactifs.', 'FINAL'),
(13, 1030, '2026-01-06 14:00:00', 1030, 1101, 1250, '2026-01-06 14:00:00', 'Rapport d Evaluation - ARABIC', 'L enseignant montre une excellente maitrise scientifique et pedagogique. Structure de la lecon claire et objectifs pedagogiques atteints.', 'Favoriser davantage les travaux pratiques en sous-groupes et integrer des outils numeriques interactifs.', 'FINAL'),
(14, 1031, '2026-02-07 15:00:00', 1031, 1112, 1354, '2026-02-07 15:00:00', 'Rapport d Evaluation - FRENCH', 'L enseignant montre une excellente maitrise scientifique et pedagogique. Structure de la lecon claire et objectifs pedagogiques atteints.', 'Favoriser davantage les travaux pratiques en sous-groupes et integrer des outils numeriques interactifs.', 'FINAL'),
(16, 1032, '2026-03-08 08:00:00', 1032, 1123, 1365, '2026-03-08 08:00:00', 'Rapport d Evaluation - ENGLISH', 'L enseignant montre une excellente maitrise scientifique et pedagogique. Structure de la lecon claire et objectifs pedagogiques atteints.', 'Favoriser davantage les travaux pratiques en sous-groupes et integrer des outils numeriques interactifs.', 'FINAL'),
(20, 1033, '2026-04-09 09:00:00', 1033, 1104, 1257, '2026-04-09 09:00:00', 'Rapport d Evaluation - MATH', 'L enseignant montre une excellente maitrise scientifique et pedagogique. Structure de la lecon claire et objectifs pedagogiques atteints.', 'Favoriser davantage les travaux pratiques en sous-groupes et integrer des outils numeriques interactifs.', 'FINAL'),
(20, 1034, '2026-05-10 10:00:00', 1034, 1115, 1203, '2026-05-10 10:00:00', 'Rapport d Evaluation - PHYSICS', 'L enseignant montre une excellente maitrise scientifique et pedagogique. Structure de la lecon claire et objectifs pedagogiques atteints.', 'Favoriser davantage les travaux pratiques en sous-groupes et integrer des outils numeriques interactifs.', 'FINAL'),
(15, 1035, '2026-01-11 11:00:00', 1035, 1126, 1206, '2026-01-11 11:00:00', 'Rapport d Evaluation - CHEMISTRY', 'L enseignant montre une excellente maitrise scientifique et pedagogique. Structure de la lecon claire et objectifs pedagogiques atteints.', 'Favoriser davantage les travaux pratiques en sous-groupes et integrer des outils numeriques interactifs.', 'FINAL'),
(17, 1036, '2026-02-12 12:00:00', 1036, 1107, 1260, '2026-02-12 12:00:00', 'Rapport d Evaluation - BIOLOGY', 'L enseignant montre une excellente maitrise scientifique et pedagogique. Structure de la lecon claire et objectifs pedagogiques atteints.', 'Favoriser davantage les travaux pratiques en sous-groupes et integrer des outils numeriques interactifs.', 'FINAL'),
(18, 1037, '2026-03-13 13:00:00', 1037, 1118, 1214, '2026-03-13 13:00:00', 'Rapport d Evaluation - HISTORY_GEOGRAPHY', 'L enseignant montre une excellente maitrise scientifique et pedagogique. Structure de la lecon claire et objectifs pedagogiques atteints.', 'Favoriser davantage les travaux pratiques en sous-groupes et integrer des outils numeriques interactifs.', 'FINAL'),
(17, 1038, '2026-04-14 14:00:00', 1038, 1129, 1225, '2026-04-14 14:00:00', 'Rapport d Evaluation - PHILOSOPHY', 'L enseignant montre une excellente maitrise scientifique et pedagogique. Structure de la lecon claire et objectifs pedagogiques atteints.', 'Favoriser davantage les travaux pratiques en sous-groupes et integrer des outils numeriques interactifs.', 'FINAL'),
(11, 1039, '2026-05-15 15:00:00', 1039, 1110, 1267, '2026-05-15 15:00:00', 'Rapport d Evaluation - ISLAMIC_STUDIES', 'L enseignant montre une excellente maitrise scientifique et pedagogique. Structure de la lecon claire et objectifs pedagogiques atteints.', 'Favoriser davantage les travaux pratiques en sous-groupes et integrer des outils numeriques interactifs.', 'FINAL'),
(13, 1040, '2026-01-16 08:00:00', 1040, 1111, 1233, '2026-01-16 08:00:00', 'Rapport d Evaluation - PHYSICAL_EDUCATION', 'L enseignant montre une excellente maitrise scientifique et pedagogique. Structure de la lecon claire et objectifs pedagogiques atteints.', 'Favoriser davantage les travaux pratiques en sous-groupes et integrer des outils numeriques interactifs.', 'FINAL'),
(13, 1041, '2026-02-17 09:00:00', 1041, 1122, 1236, '2026-02-17 09:00:00', 'Rapport d Evaluation - COMPUTER_SCIENCE', 'L enseignant montre une excellente maitrise scientifique et pedagogique. Structure de la lecon claire et objectifs pedagogiques atteints.', 'Favoriser davantage les travaux pratiques en sous-groupes et integrer des outils numeriques interactifs.', 'FINAL'),
(11, 1042, '2026-03-18 10:00:00', 1042, 1103, 1270, '2026-03-18 10:00:00', 'Rapport d Evaluation - ECONOMICS', 'L enseignant montre une excellente maitrise scientifique et pedagogique. Structure de la lecon claire et objectifs pedagogiques atteints.', 'Favoriser davantage les travaux pratiques en sous-groupes et integrer des outils numeriques interactifs.', 'FINAL'),
(15, 1043, '2026-04-19 11:00:00', 1043, 1114, 1244, '2026-04-19 11:00:00', 'Rapport d Evaluation - ARTS', 'L enseignant montre une excellente maitrise scientifique et pedagogique. Structure de la lecon claire et objectifs pedagogiques atteints.', 'Favoriser davantage les travaux pratiques en sous-groupes et integrer des outils numeriques interactifs.', 'FINAL'),
(10, 1044, '2026-05-20 12:00:00', 1044, 1125, 1255, '2026-05-20 12:00:00', 'Rapport d Evaluation - MUSIC', 'L enseignant montre une excellente maitrise scientifique et pedagogique. Structure de la lecon claire et objectifs pedagogiques atteints.', 'Favoriser davantage les travaux pratiques en sous-groupes et integrer des outils numeriques interactifs.', 'FINAL'),
(19, 1045, '2026-01-21 13:00:00', 1045, 1106, 1277, '2026-01-21 13:00:00', 'Rapport d Evaluation - ARABIC', 'L enseignant montre une excellente maitrise scientifique et pedagogique. Structure de la lecon claire et objectifs pedagogiques atteints.', 'Favoriser davantage les travaux pratiques en sous-groupes et integrer des outils numeriques interactifs.', 'FINAL'),
(18, 1046, '2026-02-22 14:00:00', 1046, 1117, 1263, '2026-02-22 14:00:00', 'Rapport d Evaluation - FRENCH', 'L enseignant montre une excellente maitrise scientifique et pedagogique. Structure de la lecon claire et objectifs pedagogiques atteints.', 'Favoriser davantage les travaux pratiques en sous-groupes et integrer des outils numeriques interactifs.', 'FINAL'),
(13, 1047, '2026-03-23 15:00:00', 1047, 1128, 1266, '2026-03-23 15:00:00', 'Rapport d Evaluation - ENGLISH', 'L enseignant montre une excellente maitrise scientifique et pedagogique. Structure de la lecon claire et objectifs pedagogiques atteints.', 'Favoriser davantage les travaux pratiques en sous-groupes et integrer des outils numeriques interactifs.', 'FINAL'),
(19, 1048, '2026-04-24 08:00:00', 1048, 1109, 1280, '2026-04-24 08:00:00', 'Rapport d Evaluation - MATH', 'L enseignant montre une excellente maitrise scientifique et pedagogique. Structure de la lecon claire et objectifs pedagogiques atteints.', 'Favoriser davantage les travaux pratiques en sous-groupes et integrer des outils numeriques interactifs.', 'FINAL'),
(13, 1049, '2026-05-25 09:00:00', 1049, 1120, 1274, '2026-05-25 09:00:00', 'Rapport d Evaluation - PHYSICS', 'L enseignant montre une excellente maitrise scientifique et pedagogique. Structure de la lecon claire et objectifs pedagogiques atteints.', 'Favoriser davantage les travaux pratiques en sous-groupes et integrer des outils numeriques interactifs.', 'FINAL'),
(10, 1050, '2026-01-01 10:00:00', 1050, 1121, 1285, '2026-01-01 10:00:00', 'Rapport d Evaluation - CHEMISTRY', 'L enseignant montre une excellente maitrise scientifique et pedagogique. Structure de la lecon claire et objectifs pedagogiques atteints.', 'Favoriser davantage les travaux pratiques en sous-groupes et integrer des outils numeriques interactifs.', 'FINAL'),
(11, 1051, '2026-02-02 11:00:00', 1051, 1102, 1287, '2026-02-02 11:00:00', 'Rapport d Evaluation - BIOLOGY', 'L enseignant montre une excellente maitrise scientifique et pedagogique. Structure de la lecon claire et objectifs pedagogiques atteints.', 'Favoriser davantage les travaux pratiques en sous-groupes et integrer des outils numeriques interactifs.', 'FINAL'),
(20, 1052, '2026-03-03 12:00:00', 1052, 1113, 1293, '2026-03-03 12:00:00', 'Rapport d Evaluation - HISTORY_GEOGRAPHY', 'L enseignant montre une excellente maitrise scientifique et pedagogique. Structure de la lecon claire et objectifs pedagogiques atteints.', 'Favoriser davantage les travaux pratiques en sous-groupes et integrer des outils numeriques interactifs.', 'FINAL'),
(10, 1053, '2026-04-04 13:00:00', 1053, 1124, 1296, '2026-04-04 13:00:00', 'Rapport d Evaluation - PHILOSOPHY', 'L enseignant montre une excellente maitrise scientifique et pedagogique. Structure de la lecon claire et objectifs pedagogiques atteints.', 'Favoriser davantage les travaux pratiques en sous-groupes et integrer des outils numeriques interactifs.', 'FINAL'),
(13, 1054, '2026-05-05 14:00:00', 1054, 1105, 1290, '2026-05-05 14:00:00', 'Rapport d Evaluation - ISLAMIC_STUDIES', 'L enseignant montre une excellente maitrise scientifique et pedagogique. Structure de la lecon claire et objectifs pedagogiques atteints.', 'Favoriser davantage les travaux pratiques en sous-groupes et integrer des outils numeriques interactifs.', 'FINAL'),
(11, 1055, '2026-01-06 15:00:00', 1055, 1116, 1304, '2026-01-06 15:00:00', 'Rapport d Evaluation - PHYSICAL_EDUCATION', 'L enseignant montre une excellente maitrise scientifique et pedagogique. Structure de la lecon claire et objectifs pedagogiques atteints.', 'Favoriser davantage les travaux pratiques en sous-groupes et integrer des outils numeriques interactifs.', 'FINAL'),
(10, 1056, '2026-02-07 08:00:00', 1056, 1127, 1315, '2026-02-07 08:00:00', 'Rapport d Evaluation - COMPUTER_SCIENCE', 'L enseignant montre une excellente maitrise scientifique et pedagogique. Structure de la lecon claire et objectifs pedagogiques atteints.', 'Favoriser davantage les travaux pratiques en sous-groupes et integrer des outils numeriques interactifs.', 'FINAL'),
(15, 1057, '2026-03-08 09:00:00', 1057, 1108, 1297, '2026-03-08 09:00:00', 'Rapport d Evaluation - ECONOMICS', 'L enseignant montre une excellente maitrise scientifique et pedagogique. Structure de la lecon claire et objectifs pedagogiques atteints.', 'Favoriser davantage les travaux pratiques en sous-groupes et integrer des outils numeriques interactifs.', 'FINAL'),
(11, 1058, '2026-04-09 10:00:00', 1058, 1119, 1323, '2026-04-09 10:00:00', 'Rapport d Evaluation - ARTS', 'L enseignant montre une excellente maitrise scientifique et pedagogique. Structure de la lecon claire et objectifs pedagogiques atteints.', 'Favoriser davantage les travaux pratiques en sous-groupes et integrer des outils numeriques interactifs.', 'FINAL'),
(18, 1059, '2026-05-10 11:00:00', 1059, 1130, 1326, '2026-05-10 11:00:00', 'Rapport d Evaluation - MUSIC', 'L enseignant montre une excellente maitrise scientifique et pedagogique. Structure de la lecon claire et objectifs pedagogiques atteints.', 'Favoriser davantage les travaux pratiques en sous-groupes et integrer des outils numeriques interactifs.', 'FINAL');

-- 13. SEED COURSES AND TRAINING MODULES (Starting at ID 1000)
INSERT INTO `courses` (`created_at`, `id`, `inspector_id`, `updated_at`, `title`, `description`, `status`, `subject`) VALUES
(NOW(), 1000, 1101, NOW(), 'Course on Modern ARABIC Pedagogical Methods', 'Comprehensive training program designed by inspector for secondary school teachers specialized in ARABIC.', 'PUBLISHED', 'ARABIC'),
(NOW(), 1001, 1102, NOW(), 'Course on Modern FRENCH Pedagogical Methods', 'Comprehensive training program designed by inspector for secondary school teachers specialized in FRENCH.', 'PUBLISHED', 'FRENCH'),
(NOW(), 1002, 1103, NOW(), 'Course on Modern ENGLISH Pedagogical Methods', 'Comprehensive training program designed by inspector for secondary school teachers specialized in ENGLISH.', 'PUBLISHED', 'ENGLISH'),
(NOW(), 1003, 1104, NOW(), 'Course on Modern MATH Pedagogical Methods', 'Comprehensive training program designed by inspector for secondary school teachers specialized in MATH.', 'PUBLISHED', 'MATH'),
(NOW(), 1004, 1105, NOW(), 'Course on Modern PHYSICS Pedagogical Methods', 'Comprehensive training program designed by inspector for secondary school teachers specialized in PHYSICS.', 'PUBLISHED', 'PHYSICS');

-- 13.1 SEED COURSE MODULES
INSERT INTO `course_modules` (`order_index`, `course_id`, `id`, `title`, `description`) VALUES
(0, 1000, 1000, 'Module 1: Core Standards', 'Detailed overview of regional standard methods and curriculum adaptation.'),
(1, 1000, 1001, 'Module 2: Core Standards', 'Detailed overview of regional standard methods and curriculum adaptation.'),
(0, 1001, 1002, 'Module 1: Core Standards', 'Detailed overview of regional standard methods and curriculum adaptation.'),
(1, 1001, 1003, 'Module 2: Core Standards', 'Detailed overview of regional standard methods and curriculum adaptation.'),
(0, 1002, 1004, 'Module 1: Core Standards', 'Detailed overview of regional standard methods and curriculum adaptation.'),
(1, 1002, 1005, 'Module 2: Core Standards', 'Detailed overview of regional standard methods and curriculum adaptation.'),
(0, 1003, 1006, 'Module 1: Core Standards', 'Detailed overview of regional standard methods and curriculum adaptation.'),
(1, 1003, 1007, 'Module 2: Core Standards', 'Detailed overview of regional standard methods and curriculum adaptation.'),
(0, 1004, 1008, 'Module 1: Core Standards', 'Detailed overview of regional standard methods and curriculum adaptation.'),
(1, 1004, 1009, 'Module 2: Core Standards', 'Detailed overview of regional standard methods and curriculum adaptation.');

-- 13.2 SEED COURSE LESSONS
INSERT INTO `course_lessons` (`duration_minutes`, `order_index`, `id`, `module_id`, `title`, `content_url`, `description`, `type`) VALUES
(45, 0, 1000, 1000, 'Lesson 1: Classroom Practical Guide', 'https://inspectorhost.onrender.com/assets/pdf/lesson_1000.pdf', 'A detailed guide including official documents and sample worksheets.', 'PDF'),
(45, 1, 1001, 1000, 'Lesson 2: Classroom Practical Guide', 'https://inspectorhost.onrender.com/assets/pdf/lesson_1001.pdf', 'A detailed guide including official documents and sample worksheets.', 'PDF'),
(45, 0, 1002, 1001, 'Lesson 1: Classroom Practical Guide', 'https://inspectorhost.onrender.com/assets/pdf/lesson_1002.pdf', 'A detailed guide including official documents and sample worksheets.', 'PDF'),
(45, 1, 1003, 1001, 'Lesson 2: Classroom Practical Guide', 'https://inspectorhost.onrender.com/assets/pdf/lesson_1003.pdf', 'A detailed guide including official documents and sample worksheets.', 'PDF'),
(45, 0, 1004, 1002, 'Lesson 1: Classroom Practical Guide', 'https://inspectorhost.onrender.com/assets/pdf/lesson_1004.pdf', 'A detailed guide including official documents and sample worksheets.', 'PDF'),
(45, 1, 1005, 1002, 'Lesson 2: Classroom Practical Guide', 'https://inspectorhost.onrender.com/assets/pdf/lesson_1005.pdf', 'A detailed guide including official documents and sample worksheets.', 'PDF'),
(45, 0, 1006, 1003, 'Lesson 1: Classroom Practical Guide', 'https://inspectorhost.onrender.com/assets/pdf/lesson_1006.pdf', 'A detailed guide including official documents and sample worksheets.', 'PDF'),
(45, 1, 1007, 1003, 'Lesson 2: Classroom Practical Guide', 'https://inspectorhost.onrender.com/assets/pdf/lesson_1007.pdf', 'A detailed guide including official documents and sample worksheets.', 'PDF'),
(45, 0, 1008, 1004, 'Lesson 1: Classroom Practical Guide', 'https://inspectorhost.onrender.com/assets/pdf/lesson_1008.pdf', 'A detailed guide including official documents and sample worksheets.', 'PDF'),
(45, 1, 1009, 1004, 'Lesson 2: Classroom Practical Guide', 'https://inspectorhost.onrender.com/assets/pdf/lesson_1009.pdf', 'A detailed guide including official documents and sample worksheets.', 'PDF'),
(45, 0, 1010, 1005, 'Lesson 1: Classroom Practical Guide', 'https://inspectorhost.onrender.com/assets/pdf/lesson_1010.pdf', 'A detailed guide including official documents and sample worksheets.', 'PDF'),
(45, 1, 1011, 1005, 'Lesson 2: Classroom Practical Guide', 'https://inspectorhost.onrender.com/assets/pdf/lesson_1011.pdf', 'A detailed guide including official documents and sample worksheets.', 'PDF'),
(45, 0, 1012, 1006, 'Lesson 1: Classroom Practical Guide', 'https://inspectorhost.onrender.com/assets/pdf/lesson_1012.pdf', 'A detailed guide including official documents and sample worksheets.', 'PDF'),
(45, 1, 1013, 1006, 'Lesson 2: Classroom Practical Guide', 'https://inspectorhost.onrender.com/assets/pdf/lesson_1013.pdf', 'A detailed guide including official documents and sample worksheets.', 'PDF'),
(45, 0, 1014, 1007, 'Lesson 1: Classroom Practical Guide', 'https://inspectorhost.onrender.com/assets/pdf/lesson_1014.pdf', 'A detailed guide including official documents and sample worksheets.', 'PDF'),
(45, 1, 1015, 1007, 'Lesson 2: Classroom Practical Guide', 'https://inspectorhost.onrender.com/assets/pdf/lesson_1015.pdf', 'A detailed guide including official documents and sample worksheets.', 'PDF'),
(45, 0, 1016, 1008, 'Lesson 1: Classroom Practical Guide', 'https://inspectorhost.onrender.com/assets/pdf/lesson_1016.pdf', 'A detailed guide including official documents and sample worksheets.', 'PDF'),
(45, 1, 1017, 1008, 'Lesson 2: Classroom Practical Guide', 'https://inspectorhost.onrender.com/assets/pdf/lesson_1017.pdf', 'A detailed guide including official documents and sample worksheets.', 'PDF'),
(45, 0, 1018, 1009, 'Lesson 1: Classroom Practical Guide', 'https://inspectorhost.onrender.com/assets/pdf/lesson_1018.pdf', 'A detailed guide including official documents and sample worksheets.', 'PDF'),
(45, 1, 1019, 1009, 'Lesson 2: Classroom Practical Guide', 'https://inspectorhost.onrender.com/assets/pdf/lesson_1019.pdf', 'A detailed guide including official documents and sample worksheets.', 'PDF');

-- 13.3 SEED COURSE ASSIGNMENTS (Assign courses to teachers)
INSERT INTO `course_assignments` (`assigned_at`, `course_id`, `id`, `teacher_id`) VALUES
(NOW(), 1000, 1000, 1200),
(NOW(), 1000, 1001, 1201),
(NOW(), 1000, 1002, 1202),
(NOW(), 1000, 1003, 1203),
(NOW(), 1000, 1004, 1204),
(NOW(), 1001, 1005, 1205),
(NOW(), 1001, 1006, 1206),
(NOW(), 1001, 1007, 1207),
(NOW(), 1001, 1008, 1208),
(NOW(), 1001, 1009, 1209),
(NOW(), 1002, 1010, 1210),
(NOW(), 1002, 1011, 1211),
(NOW(), 1002, 1012, 1212),
(NOW(), 1002, 1013, 1213),
(NOW(), 1002, 1014, 1214),
(NOW(), 1003, 1015, 1215),
(NOW(), 1003, 1016, 1216),
(NOW(), 1003, 1017, 1217),
(NOW(), 1003, 1018, 1218),
(NOW(), 1003, 1019, 1219),
(NOW(), 1004, 1020, 1220),
(NOW(), 1004, 1021, 1221),
(NOW(), 1004, 1022, 1222),
(NOW(), 1004, 1023, 1223),
(NOW(), 1004, 1024, 1224);

-- 14. SEED QUIZZES AND QUESTIONS
INSERT INTO `quizzes` (`created_at`, `id`, `inspector_id`, `title`, `topic`, `subject`, `grade`, `school_level`) VALUES
(NOW(), 1000, 1101, 'Evaluation Quiz - ARABIC Standards', 'Modern pedagogy of ARABIC', 'ARABIC', '11th Grade', 'PRIMARY'),
(NOW(), 1001, 1102, 'Evaluation Quiz - FRENCH Standards', 'Modern pedagogy of FRENCH', 'FRENCH', '11th Grade', 'PREPARATORY'),
(NOW(), 1002, 1103, 'Evaluation Quiz - ENGLISH Standards', 'Modern pedagogy of ENGLISH', 'ENGLISH', '11th Grade', 'SECONDARY'),
(NOW(), 1003, 1104, 'Evaluation Quiz - MATH Standards', 'Modern pedagogy of MATH', 'MATH', '11th Grade', 'PRIMARY'),
(NOW(), 1004, 1105, 'Evaluation Quiz - PHYSICS Standards', 'Modern pedagogy of PHYSICS', 'PHYSICS', '11th Grade', 'PREPARATORY');

-- 14.1 SEED QUIZ QUESTIONS
INSERT INTO `quiz_questions` (`id`, `quiz_id`, `correct_answer`, `options`, `question_text`, `type`) VALUES
(1000, 1000, 'Active learning', '["Active learning", "Direct instruction", "Collaborative groups", "Individual study"]', 'Which pedagogical method is most effective for lesson 1?', 'MCQ'),
(1001, 1000, 'Active learning', '["Active learning", "Direct instruction", "Collaborative groups", "Individual study"]', 'Which pedagogical method is most effective for lesson 2?', 'MCQ'),
(1002, 1001, 'Active learning', '["Active learning", "Direct instruction", "Collaborative groups", "Individual study"]', 'Which pedagogical method is most effective for lesson 1?', 'MCQ'),
(1003, 1001, 'Active learning', '["Active learning", "Direct instruction", "Collaborative groups", "Individual study"]', 'Which pedagogical method is most effective for lesson 2?', 'MCQ'),
(1004, 1002, 'Active learning', '["Active learning", "Direct instruction", "Collaborative groups", "Individual study"]', 'Which pedagogical method is most effective for lesson 1?', 'MCQ'),
(1005, 1002, 'Active learning', '["Active learning", "Direct instruction", "Collaborative groups", "Individual study"]', 'Which pedagogical method is most effective for lesson 2?', 'MCQ'),
(1006, 1003, 'Active learning', '["Active learning", "Direct instruction", "Collaborative groups", "Individual study"]', 'Which pedagogical method is most effective for lesson 1?', 'MCQ'),
(1007, 1003, 'Active learning', '["Active learning", "Direct instruction", "Collaborative groups", "Individual study"]', 'Which pedagogical method is most effective for lesson 2?', 'MCQ'),
(1008, 1004, 'Active learning', '["Active learning", "Direct instruction", "Collaborative groups", "Individual study"]', 'Which pedagogical method is most effective for lesson 1?', 'MCQ'),
(1009, 1004, 'Active learning', '["Active learning", "Direct instruction", "Collaborative groups", "Individual study"]', 'Which pedagogical method is most effective for lesson 2?', 'MCQ');

-- 14.2 SEED QUIZ ASSIGNMENTS
INSERT INTO `quiz_assignments` (`quiz_id`, `teacher_id`) VALUES
(1000, 1200),
(1000, 1201),
(1000, 1202),
(1000, 1203),
(1000, 1204),
(1001, 1205),
(1001, 1206),
(1001, 1207),
(1001, 1208),
(1001, 1209),
(1002, 1210),
(1002, 1211),
(1002, 1212),
(1002, 1213),
(1002, 1214),
(1003, 1215),
(1003, 1216),
(1003, 1217),
(1003, 1218),
(1003, 1219),
(1004, 1220),
(1004, 1221),
(1004, 1222),
(1004, 1223),
(1004, 1224);

-- 14.3 SEED QUIZ SUBMISSIONS (Simulated completed submissions)
INSERT INTO `quiz_submissions` (`score`, `id`, `quiz_id`, `submitted_at`, `teacher_id`, `answers`, `evaluation_text`, `training_suggestion`) VALUES
(80, 1000, 1000, NOW(), 1200, '{\"q1\":\"Active learning\",\"q2\":\"Active learning\"}', 'Excellent understanding of modern pedagogical techniques.', 'Continue to integrate active learning practices in everyday lessons.'),
(90, 1001, 1000, NOW(), 1201, '{\"q1\":\"Active learning\",\"q2\":\"Active learning\"}', 'Excellent understanding of modern pedagogical techniques.', 'Continue to integrate active learning practices in everyday lessons.'),
(100, 1002, 1000, NOW(), 1202, '{\"q1\":\"Active learning\",\"q2\":\"Active learning\"}', 'Excellent understanding of modern pedagogical techniques.', 'Continue to integrate active learning practices in everyday lessons.'),
(90, 1003, 1001, NOW(), 1205, '{\"q1\":\"Active learning\",\"q2\":\"Active learning\"}', 'Excellent understanding of modern pedagogical techniques.', 'Continue to integrate active learning practices in everyday lessons.'),
(80, 1004, 1001, NOW(), 1206, '{\"q1\":\"Active learning\",\"q2\":\"Active learning\"}', 'Excellent understanding of modern pedagogical techniques.', 'Continue to integrate active learning practices in everyday lessons.'),
(100, 1005, 1001, NOW(), 1207, '{\"q1\":\"Active learning\",\"q2\":\"Active learning\"}', 'Excellent understanding of modern pedagogical techniques.', 'Continue to integrate active learning practices in everyday lessons.'),
(80, 1006, 1002, NOW(), 1210, '{\"q1\":\"Active learning\",\"q2\":\"Active learning\"}', 'Excellent understanding of modern pedagogical techniques.', 'Continue to integrate active learning practices in everyday lessons.'),
(100, 1007, 1002, NOW(), 1211, '{\"q1\":\"Active learning\",\"q2\":\"Active learning\"}', 'Excellent understanding of modern pedagogical techniques.', 'Continue to integrate active learning practices in everyday lessons.'),
(100, 1008, 1002, NOW(), 1212, '{\"q1\":\"Active learning\",\"q2\":\"Active learning\"}', 'Excellent understanding of modern pedagogical techniques.', 'Continue to integrate active learning practices in everyday lessons.'),
(100, 1009, 1003, NOW(), 1215, '{\"q1\":\"Active learning\",\"q2\":\"Active learning\"}', 'Excellent understanding of modern pedagogical techniques.', 'Continue to integrate active learning practices in everyday lessons.'),
(90, 1010, 1003, NOW(), 1216, '{\"q1\":\"Active learning\",\"q2\":\"Active learning\"}', 'Excellent understanding of modern pedagogical techniques.', 'Continue to integrate active learning practices in everyday lessons.'),
(80, 1011, 1003, NOW(), 1217, '{\"q1\":\"Active learning\",\"q2\":\"Active learning\"}', 'Excellent understanding of modern pedagogical techniques.', 'Continue to integrate active learning practices in everyday lessons.'),
(90, 1012, 1004, NOW(), 1220, '{\"q1\":\"Active learning\",\"q2\":\"Active learning\"}', 'Excellent understanding of modern pedagogical techniques.', 'Continue to integrate active learning practices in everyday lessons.'),
(90, 1013, 1004, NOW(), 1221, '{\"q1\":\"Active learning\",\"q2\":\"Active learning\"}', 'Excellent understanding of modern pedagogical techniques.', 'Continue to integrate active learning practices in everyday lessons.'),
(80, 1014, 1004, NOW(), 1222, '{\"q1\":\"Active learning\",\"q2\":\"Active learning\"}', 'Excellent understanding of modern pedagogical techniques.', 'Continue to integrate active learning practices in everyday lessons.');

-- 15. SEED LESSON PROGRESS
INSERT INTO `lesson_progress` (`completed`, `score`, `completed_at`, `id`, `lesson_id`, `teacher_id`) VALUES
(1, 100, NOW(), 1000, 1000, 1200),
(1, 100, NOW(), 1001, 1000, 1201),
(1, 100, NOW(), 1002, 1000, 1202),
(1, 100, NOW(), 1003, 1000, 1203),
(1, 100, NOW(), 1004, 1000, 1204),
(1, 100, NOW(), 1005, 1001, 1200),
(1, 100, NOW(), 1006, 1001, 1201),
(1, 100, NOW(), 1007, 1001, 1202),
(1, 100, NOW(), 1008, 1001, 1203),
(1, 100, NOW(), 1009, 1001, 1204),
(1, 100, NOW(), 1010, 1002, 1200),
(1, 100, NOW(), 1011, 1002, 1201),
(1, 100, NOW(), 1012, 1002, 1202),
(1, 100, NOW(), 1013, 1002, 1203),
(1, 100, NOW(), 1014, 1002, 1204),
(1, 100, NOW(), 1015, 1003, 1200),
(1, 100, NOW(), 1016, 1003, 1201),
(1, 100, NOW(), 1017, 1003, 1202),
(1, 100, NOW(), 1018, 1003, 1203),
(1, 100, NOW(), 1019, 1003, 1204),
(1, 100, NOW(), 1020, 1004, 1200),
(1, 100, NOW(), 1021, 1004, 1201),
(1, 100, NOW(), 1022, 1004, 1202),
(1, 100, NOW(), 1023, 1004, 1203),
(1, 100, NOW(), 1024, 1004, 1204),
(1, 100, NOW(), 1025, 1005, 1200),
(1, 100, NOW(), 1026, 1005, 1201),
(1, 100, NOW(), 1027, 1005, 1202),
(1, 100, NOW(), 1028, 1005, 1203),
(1, 100, NOW(), 1029, 1005, 1204),
(1, 100, NOW(), 1030, 1006, 1200),
(1, 100, NOW(), 1031, 1006, 1201),
(1, 100, NOW(), 1032, 1006, 1202),
(1, 100, NOW(), 1033, 1006, 1203),
(1, 100, NOW(), 1034, 1006, 1204),
(1, 100, NOW(), 1035, 1007, 1200),
(1, 100, NOW(), 1036, 1007, 1201),
(1, 100, NOW(), 1037, 1007, 1202),
(1, 100, NOW(), 1038, 1007, 1203),
(1, 100, NOW(), 1039, 1007, 1204),
(1, 100, NOW(), 1040, 1008, 1200),
(1, 100, NOW(), 1041, 1008, 1201),
(1, 100, NOW(), 1042, 1008, 1202),
(1, 100, NOW(), 1043, 1008, 1203),
(1, 100, NOW(), 1044, 1008, 1204),
(1, 100, NOW(), 1045, 1009, 1200),
(1, 100, NOW(), 1046, 1009, 1201),
(1, 100, NOW(), 1047, 1009, 1202),
(1, 100, NOW(), 1048, 1009, 1203),
(1, 100, NOW(), 1049, 1009, 1204);

SET FOREIGN_KEY_CHECKS = 1;
COMMIT;
