SET FOREIGN_KEY_CHECKS=0;

TRUNCATE TABLE lesson_progress;

TRUNCATE TABLE course_assignments;

TRUNCATE TABLE course_lessons;

TRUNCATE TABLE course_modules;

TRUNCATE TABLE courses;

TRUNCATE TABLE quiz_submissions;

TRUNCATE TABLE quiz_assignments;

TRUNCATE TABLE quiz_questions;

TRUNCATE TABLE quizzes;

TRUNCATE TABLE messages;

TRUNCATE TABLE conversations;

TRUNCATE TABLE notifications;

TRUNCATE TABLE activity_reports;

TRUNCATE TABLE activity_guests;

TRUNCATE TABLE activities;

TRUNCATE TABLE inspections;

TRUNCATE TABLE action_logs;

TRUNCATE TABLE timetable_slots;

TRUNCATE TABLE profile_etablissements;

TRUNCATE TABLE profile_departments;

TRUNCATE TABLE profile_dependencies;

TRUNCATE TABLE profile_delegations;

TRUNCATE TABLE teacher_profiles;

TRUNCATE TABLE inspector_profiles;

TRUNCATE TABLE personnel;

TRUNCATE TABLE users;

TRUNCATE TABLE etablissements;

TRUNCATE TABLE dependencies;

TRUNCATE TABLE departments;

TRUNCATE TABLE delegations;

TRUNCATE TABLE regions;

SET FOREIGN_KEY_CHECKS=1;

INSERT INTO regions (id, name) VALUES

(1, 'Tunis'),
(2, 'Ariana'),
(3, 'Ben Arous'),
(4, 'Manouba'),
(5, 'Nabeul'),
(6, 'Bizerte'),
(7, 'Beja'),
(8, 'Jendouba'),
(9, 'Kef'),
(10, 'Siliana'),
(11, 'Sousse'),
(12, 'Monastir'),
(13, 'Mahdia'),
(14, 'Sfax'),
(15, 'Kairouan'),
(16, 'Kasserine'),
(17, 'Sidi Bouzid'),
(18, 'Gabes'),
(19, 'Medenine'),
(20, 'Tataouine'),
(21, 'Gafsa'),
(22, 'Tozeur'),
(23, 'Kebili'),
(24, 'Zaghouan');

INSERT INTO delegations (id, name, region_id) VALUES

(1, 'Tunis Medina', 1),
(2, 'Bab Bhar', 1),
(3, 'Carthage', 1),
(4, 'Ariana Ville', 2),
(5, 'La Soukra', 2),
(6, 'Mnihla', 2),
(7, 'Ben Arous', 3),
(8, 'Rades', 3),
(9, 'Hammam Lif', 3),
(10, 'Manouba', 4),
(11, 'Douar Hicher', 4),
(12, 'Tebourba', 4),
(13, 'Nabeul', 5),
(14, 'Hammamet', 5),
(15, 'Korba', 5),
(16, 'Bizerte Nord', 6),
(17, 'Menzel Bourguiba', 6),
(18, 'Ras Jebel', 6),
(19, 'Beja Nord', 7),
(20, 'Medjez El Bab', 7),
(21, 'Testour', 7),
(22, 'Jendouba', 8),
(23, 'Tabarka', 8),
(24, 'Ain Draham', 8),
(25, 'Le Kef', 9),
(26, 'Tajerouine', 9),
(27, 'Dahmani', 9),
(28, 'Siliana Nord', 10),
(29, 'Gaafour', 10),
(30, 'Makthar', 10),
(31, 'Sousse Ville', 11),
(32, 'Msaken', 11),
(33, 'Akouda', 11),
(34, 'Monastir', 12),
(35, 'Moknine', 12),
(36, 'Jemmal', 12),
(37, 'Mahdia', 13),
(38, 'Ksour Essef', 13),
(39, 'Chebba', 13),
(40, 'Sfax Ville', 14),
(41, 'Sakiet Ezzit', 14),
(42, 'Menzel Chaker', 14),
(43, 'Kairouan Nord', 15),
(44, 'Haffouz', 15),
(45, 'Oueslatia', 15),
(46, 'Kasserine Nord', 16),
(47, 'Sbeitla', 16),
(48, 'Feriana', 16),
(49, 'Sidi Bouzid Ouest', 17),
(50, 'Regueb', 17),
(51, 'Meknassy', 17),
(52, 'Gabes Ville', 18),
(53, 'Mareth', 18),
(54, 'El Hamma', 18),
(55, 'Medenine Nord', 19),
(56, 'Djerba Houmt Souk', 19),
(57, 'Zarzis', 19),
(58, 'Tataouine Nord', 20),
(59, 'Ghomrassen', 20),
(60, 'Remada', 20),
(61, 'Gafsa Nord', 21),
(62, 'Metlaoui', 21),
(63, 'Redeyef', 21),
(64, 'Tozeur', 22),
(65, 'Nefta', 22),
(66, 'Degache', 22),
(67, 'Kebili Sud', 23),
(68, 'Douz', 23),
(69, 'Souk Lahad', 23),
(70, 'Zaghouan', 24),
(71, 'El Fahs', 24),
(72, 'Nadhour', 24);

INSERT INTO departments (id, name, delegation_id) VALUES

(1, 'Arabe', 1),
(2, 'Francais', 1),
(3, 'Anglais', 1),
(4, 'Mathematiques', 1),
(5, 'Physique', 1),
(6, 'Chimie', 1),
(7, 'Sciences de la vie', 1),
(8, 'Histoire-Geographie', 1),
(9, 'Arabe', 2),
(10, 'Francais', 2),
(11, 'Anglais', 2),
(12, 'Mathematiques', 2),
(13, 'Physique', 2),
(14, 'Chimie', 2),
(15, 'Sciences de la vie', 2),
(16, 'Histoire-Geographie', 2),
(17, 'Arabe', 3),
(18, 'Francais', 3),
(19, 'Anglais', 3),
(20, 'Mathematiques', 3),
(21, 'Physique', 3),
(22, 'Chimie', 3),
(23, 'Sciences de la vie', 3),
(24, 'Histoire-Geographie', 3),
(25, 'Arabe', 4),
(26, 'Francais', 4),
(27, 'Anglais', 4),
(28, 'Mathematiques', 4),
(29, 'Physique', 4),
(30, 'Chimie', 4),
(31, 'Sciences de la vie', 4),
(32, 'Histoire-Geographie', 4),
(33, 'Arabe', 5),
(34, 'Francais', 5),
(35, 'Anglais', 5),
(36, 'Mathematiques', 5),
(37, 'Physique', 5),
(38, 'Chimie', 5),
(39, 'Sciences de la vie', 5),
(40, 'Histoire-Geographie', 5),
(41, 'Arabe', 6),
(42, 'Francais', 6),
(43, 'Anglais', 6),
(44, 'Mathematiques', 6),
(45, 'Physique', 6),
(46, 'Chimie', 6),
(47, 'Sciences de la vie', 6),
(48, 'Histoire-Geographie', 6),
(49, 'Arabe', 7),
(50, 'Francais', 7),
(51, 'Anglais', 7),
(52, 'Mathematiques', 7),
(53, 'Physique', 7),
(54, 'Chimie', 7),
(55, 'Sciences de la vie', 7),
(56, 'Histoire-Geographie', 7),
(57, 'Arabe', 8),
(58, 'Francais', 8),
(59, 'Anglais', 8),
(60, 'Mathematiques', 8),
(61, 'Physique', 8),
(62, 'Chimie', 8),
(63, 'Sciences de la vie', 8),
(64, 'Histoire-Geographie', 8),
(65, 'Arabe', 9),
(66, 'Francais', 9),
(67, 'Anglais', 9),
(68, 'Mathematiques', 9),
(69, 'Physique', 9),
(70, 'Chimie', 9),
(71, 'Sciences de la vie', 9),
(72, 'Histoire-Geographie', 9),
(73, 'Arabe', 10),
(74, 'Francais', 10),
(75, 'Anglais', 10),
(76, 'Mathematiques', 10),
(77, 'Physique', 10),
(78, 'Chimie', 10),
(79, 'Sciences de la vie', 10),
(80, 'Histoire-Geographie', 10),
(81, 'Arabe', 11),
(82, 'Francais', 11),
(83, 'Anglais', 11),
(84, 'Mathematiques', 11),
(85, 'Physique', 11),
(86, 'Chimie', 11),
(87, 'Sciences de la vie', 11),
(88, 'Histoire-Geographie', 11),
(89, 'Arabe', 12),
(90, 'Francais', 12),
(91, 'Anglais', 12),
(92, 'Mathematiques', 12),
(93, 'Physique', 12),
(94, 'Chimie', 12),
(95, 'Sciences de la vie', 12),
(96, 'Histoire-Geographie', 12),
(97, 'Arabe', 13),
(98, 'Francais', 13),
(99, 'Anglais', 13),
(100, 'Mathematiques', 13),
(101, 'Physique', 13),
(102, 'Chimie', 13),
(103, 'Sciences de la vie', 13),
(104, 'Histoire-Geographie', 13),
(105, 'Arabe', 14),
(106, 'Francais', 14),
(107, 'Anglais', 14),
(108, 'Mathematiques', 14),
(109, 'Physique', 14),
(110, 'Chimie', 14),
(111, 'Sciences de la vie', 14),
(112, 'Histoire-Geographie', 14),
(113, 'Arabe', 15),
(114, 'Francais', 15),
(115, 'Anglais', 15),
(116, 'Mathematiques', 15),
(117, 'Physique', 15),
(118, 'Chimie', 15),
(119, 'Sciences de la vie', 15),
(120, 'Histoire-Geographie', 15),
(121, 'Arabe', 16),
(122, 'Francais', 16),
(123, 'Anglais', 16),
(124, 'Mathematiques', 16),
(125, 'Physique', 16),
(126, 'Chimie', 16),
(127, 'Sciences de la vie', 16),
(128, 'Histoire-Geographie', 16),
(129, 'Arabe', 17),
(130, 'Francais', 17),
(131, 'Anglais', 17),
(132, 'Mathematiques', 17),
(133, 'Physique', 17),
(134, 'Chimie', 17),
(135, 'Sciences de la vie', 17),
(136, 'Histoire-Geographie', 17),
(137, 'Arabe', 18),
(138, 'Francais', 18),
(139, 'Anglais', 18),
(140, 'Mathematiques', 18),
(141, 'Physique', 18),
(142, 'Chimie', 18),
(143, 'Sciences de la vie', 18),
(144, 'Histoire-Geographie', 18),
(145, 'Arabe', 19),
(146, 'Francais', 19),
(147, 'Anglais', 19),
(148, 'Mathematiques', 19),
(149, 'Physique', 19),
(150, 'Chimie', 19),
(151, 'Sciences de la vie', 19),
(152, 'Histoire-Geographie', 19),
(153, 'Arabe', 20),
(154, 'Francais', 20),
(155, 'Anglais', 20),
(156, 'Mathematiques', 20),
(157, 'Physique', 20),
(158, 'Chimie', 20),
(159, 'Sciences de la vie', 20),
(160, 'Histoire-Geographie', 20),
(161, 'Arabe', 21),
(162, 'Francais', 21),
(163, 'Anglais', 21),
(164, 'Mathematiques', 21),
(165, 'Physique', 21),
(166, 'Chimie', 21),
(167, 'Sciences de la vie', 21),
(168, 'Histoire-Geographie', 21),
(169, 'Arabe', 22),
(170, 'Francais', 22),
(171, 'Anglais', 22),
(172, 'Mathematiques', 22),
(173, 'Physique', 22),
(174, 'Chimie', 22),
(175, 'Sciences de la vie', 22),
(176, 'Histoire-Geographie', 22),
(177, 'Arabe', 23),
(178, 'Francais', 23),
(179, 'Anglais', 23),
(180, 'Mathematiques', 23),
(181, 'Physique', 23),
(182, 'Chimie', 23),
(183, 'Sciences de la vie', 23),
(184, 'Histoire-Geographie', 23),
(185, 'Arabe', 24),
(186, 'Francais', 24),
(187, 'Anglais', 24),
(188, 'Mathematiques', 24),
(189, 'Physique', 24),
(190, 'Chimie', 24),
(191, 'Sciences de la vie', 24),
(192, 'Histoire-Geographie', 24),
(193, 'Arabe', 25),
(194, 'Francais', 25),
(195, 'Anglais', 25),
(196, 'Mathematiques', 25),
(197, 'Physique', 25),
(198, 'Chimie', 25),
(199, 'Sciences de la vie', 25),
(200, 'Histoire-Geographie', 25),
(201, 'Arabe', 26),
(202, 'Francais', 26),
(203, 'Anglais', 26),
(204, 'Mathematiques', 26),
(205, 'Physique', 26),
(206, 'Chimie', 26),
(207, 'Sciences de la vie', 26),
(208, 'Histoire-Geographie', 26),
(209, 'Arabe', 27),
(210, 'Francais', 27),
(211, 'Anglais', 27),
(212, 'Mathematiques', 27),
(213, 'Physique', 27),
(214, 'Chimie', 27),
(215, 'Sciences de la vie', 27),
(216, 'Histoire-Geographie', 27),
(217, 'Arabe', 28),
(218, 'Francais', 28),
(219, 'Anglais', 28),
(220, 'Mathematiques', 28),
(221, 'Physique', 28),
(222, 'Chimie', 28),
(223, 'Sciences de la vie', 28),
(224, 'Histoire-Geographie', 28),
(225, 'Arabe', 29),
(226, 'Francais', 29),
(227, 'Anglais', 29),
(228, 'Mathematiques', 29),
(229, 'Physique', 29),
(230, 'Chimie', 29),
(231, 'Sciences de la vie', 29),
(232, 'Histoire-Geographie', 29),
(233, 'Arabe', 30),
(234, 'Francais', 30),
(235, 'Anglais', 30),
(236, 'Mathematiques', 30),
(237, 'Physique', 30),
(238, 'Chimie', 30),
(239, 'Sciences de la vie', 30),
(240, 'Histoire-Geographie', 30),
(241, 'Arabe', 31),
(242, 'Francais', 31),
(243, 'Anglais', 31),
(244, 'Mathematiques', 31),
(245, 'Physique', 31),
(246, 'Chimie', 31),
(247, 'Sciences de la vie', 31),
(248, 'Histoire-Geographie', 31),
(249, 'Arabe', 32),
(250, 'Francais', 32),
(251, 'Anglais', 32),
(252, 'Mathematiques', 32),
(253, 'Physique', 32),
(254, 'Chimie', 32),
(255, 'Sciences de la vie', 32),
(256, 'Histoire-Geographie', 32),
(257, 'Arabe', 33),
(258, 'Francais', 33),
(259, 'Anglais', 33),
(260, 'Mathematiques', 33),
(261, 'Physique', 33),
(262, 'Chimie', 33),
(263, 'Sciences de la vie', 33),
(264, 'Histoire-Geographie', 33),
(265, 'Arabe', 34),
(266, 'Francais', 34),
(267, 'Anglais', 34),
(268, 'Mathematiques', 34),
(269, 'Physique', 34),
(270, 'Chimie', 34),
(271, 'Sciences de la vie', 34),
(272, 'Histoire-Geographie', 34),
(273, 'Arabe', 35),
(274, 'Francais', 35),
(275, 'Anglais', 35),
(276, 'Mathematiques', 35),
(277, 'Physique', 35),
(278, 'Chimie', 35),
(279, 'Sciences de la vie', 35),
(280, 'Histoire-Geographie', 35),
(281, 'Arabe', 36),
(282, 'Francais', 36),
(283, 'Anglais', 36),
(284, 'Mathematiques', 36),
(285, 'Physique', 36),
(286, 'Chimie', 36),
(287, 'Sciences de la vie', 36),
(288, 'Histoire-Geographie', 36),
(289, 'Arabe', 37),
(290, 'Francais', 37),
(291, 'Anglais', 37),
(292, 'Mathematiques', 37),
(293, 'Physique', 37),
(294, 'Chimie', 37),
(295, 'Sciences de la vie', 37),
(296, 'Histoire-Geographie', 37),
(297, 'Arabe', 38),
(298, 'Francais', 38),
(299, 'Anglais', 38),
(300, 'Mathematiques', 38),
(301, 'Physique', 38),
(302, 'Chimie', 38),
(303, 'Sciences de la vie', 38),
(304, 'Histoire-Geographie', 38),
(305, 'Arabe', 39),
(306, 'Francais', 39),
(307, 'Anglais', 39),
(308, 'Mathematiques', 39),
(309, 'Physique', 39),
(310, 'Chimie', 39),
(311, 'Sciences de la vie', 39),
(312, 'Histoire-Geographie', 39),
(313, 'Arabe', 40),
(314, 'Francais', 40),
(315, 'Anglais', 40),
(316, 'Mathematiques', 40),
(317, 'Physique', 40),
(318, 'Chimie', 40),
(319, 'Sciences de la vie', 40),
(320, 'Histoire-Geographie', 40),
(321, 'Arabe', 41),
(322, 'Francais', 41),
(323, 'Anglais', 41),
(324, 'Mathematiques', 41),
(325, 'Physique', 41),
(326, 'Chimie', 41),
(327, 'Sciences de la vie', 41),
(328, 'Histoire-Geographie', 41),
(329, 'Arabe', 42),
(330, 'Francais', 42),
(331, 'Anglais', 42),
(332, 'Mathematiques', 42),
(333, 'Physique', 42),
(334, 'Chimie', 42),
(335, 'Sciences de la vie', 42),
(336, 'Histoire-Geographie', 42),
(337, 'Arabe', 43),
(338, 'Francais', 43),
(339, 'Anglais', 43),
(340, 'Mathematiques', 43),
(341, 'Physique', 43),
(342, 'Chimie', 43),
(343, 'Sciences de la vie', 43),
(344, 'Histoire-Geographie', 43),
(345, 'Arabe', 44),
(346, 'Francais', 44),
(347, 'Anglais', 44),
(348, 'Mathematiques', 44),
(349, 'Physique', 44),
(350, 'Chimie', 44),
(351, 'Sciences de la vie', 44),
(352, 'Histoire-Geographie', 44),
(353, 'Arabe', 45),
(354, 'Francais', 45),
(355, 'Anglais', 45),
(356, 'Mathematiques', 45),
(357, 'Physique', 45),
(358, 'Chimie', 45),
(359, 'Sciences de la vie', 45),
(360, 'Histoire-Geographie', 45),
(361, 'Arabe', 46),
(362, 'Francais', 46),
(363, 'Anglais', 46),
(364, 'Mathematiques', 46),
(365, 'Physique', 46),
(366, 'Chimie', 46),
(367, 'Sciences de la vie', 46),
(368, 'Histoire-Geographie', 46),
(369, 'Arabe', 47),
(370, 'Francais', 47),
(371, 'Anglais', 47),
(372, 'Mathematiques', 47),
(373, 'Physique', 47),
(374, 'Chimie', 47),
(375, 'Sciences de la vie', 47),
(376, 'Histoire-Geographie', 47),
(377, 'Arabe', 48),
(378, 'Francais', 48),
(379, 'Anglais', 48),
(380, 'Mathematiques', 48),
(381, 'Physique', 48),
(382, 'Chimie', 48),
(383, 'Sciences de la vie', 48),
(384, 'Histoire-Geographie', 48),
(385, 'Arabe', 49),
(386, 'Francais', 49),
(387, 'Anglais', 49),
(388, 'Mathematiques', 49),
(389, 'Physique', 49),
(390, 'Chimie', 49),
(391, 'Sciences de la vie', 49),
(392, 'Histoire-Geographie', 49),
(393, 'Arabe', 50),
(394, 'Francais', 50),
(395, 'Anglais', 50),
(396, 'Mathematiques', 50),
(397, 'Physique', 50),
(398, 'Chimie', 50),
(399, 'Sciences de la vie', 50),
(400, 'Histoire-Geographie', 50),
(401, 'Arabe', 51),
(402, 'Francais', 51),
(403, 'Anglais', 51),
(404, 'Mathematiques', 51),
(405, 'Physique', 51),
(406, 'Chimie', 51),
(407, 'Sciences de la vie', 51),
(408, 'Histoire-Geographie', 51),
(409, 'Arabe', 52),
(410, 'Francais', 52),
(411, 'Anglais', 52),
(412, 'Mathematiques', 52),
(413, 'Physique', 52),
(414, 'Chimie', 52),
(415, 'Sciences de la vie', 52),
(416, 'Histoire-Geographie', 52),
(417, 'Arabe', 53),
(418, 'Francais', 53),
(419, 'Anglais', 53),
(420, 'Mathematiques', 53),
(421, 'Physique', 53),
(422, 'Chimie', 53),
(423, 'Sciences de la vie', 53),
(424, 'Histoire-Geographie', 53),
(425, 'Arabe', 54),
(426, 'Francais', 54),
(427, 'Anglais', 54),
(428, 'Mathematiques', 54),
(429, 'Physique', 54),
(430, 'Chimie', 54),
(431, 'Sciences de la vie', 54),
(432, 'Histoire-Geographie', 54),
(433, 'Arabe', 55),
(434, 'Francais', 55),
(435, 'Anglais', 55),
(436, 'Mathematiques', 55),
(437, 'Physique', 55),
(438, 'Chimie', 55),
(439, 'Sciences de la vie', 55),
(440, 'Histoire-Geographie', 55),
(441, 'Arabe', 56),
(442, 'Francais', 56),
(443, 'Anglais', 56),
(444, 'Mathematiques', 56),
(445, 'Physique', 56),
(446, 'Chimie', 56),
(447, 'Sciences de la vie', 56),
(448, 'Histoire-Geographie', 56),
(449, 'Arabe', 57),
(450, 'Francais', 57),
(451, 'Anglais', 57),
(452, 'Mathematiques', 57),
(453, 'Physique', 57),
(454, 'Chimie', 57),
(455, 'Sciences de la vie', 57),
(456, 'Histoire-Geographie', 57),
(457, 'Arabe', 58),
(458, 'Francais', 58),
(459, 'Anglais', 58),
(460, 'Mathematiques', 58),
(461, 'Physique', 58),
(462, 'Chimie', 58),
(463, 'Sciences de la vie', 58),
(464, 'Histoire-Geographie', 58),
(465, 'Arabe', 59),
(466, 'Francais', 59),
(467, 'Anglais', 59),
(468, 'Mathematiques', 59),
(469, 'Physique', 59),
(470, 'Chimie', 59),
(471, 'Sciences de la vie', 59),
(472, 'Histoire-Geographie', 59),
(473, 'Arabe', 60),
(474, 'Francais', 60),
(475, 'Anglais', 60),
(476, 'Mathematiques', 60),
(477, 'Physique', 60),
(478, 'Chimie', 60),
(479, 'Sciences de la vie', 60),
(480, 'Histoire-Geographie', 60),
(481, 'Arabe', 61),
(482, 'Francais', 61),
(483, 'Anglais', 61),
(484, 'Mathematiques', 61),
(485, 'Physique', 61),
(486, 'Chimie', 61),
(487, 'Sciences de la vie', 61),
(488, 'Histoire-Geographie', 61),
(489, 'Arabe', 62),
(490, 'Francais', 62),
(491, 'Anglais', 62),
(492, 'Mathematiques', 62),
(493, 'Physique', 62),
(494, 'Chimie', 62),
(495, 'Sciences de la vie', 62),
(496, 'Histoire-Geographie', 62),
(497, 'Arabe', 63),
(498, 'Francais', 63),
(499, 'Anglais', 63),
(500, 'Mathematiques', 63),
(501, 'Physique', 63),
(502, 'Chimie', 63),
(503, 'Sciences de la vie', 63),
(504, 'Histoire-Geographie', 63),
(505, 'Arabe', 64),
(506, 'Francais', 64),
(507, 'Anglais', 64),
(508, 'Mathematiques', 64),
(509, 'Physique', 64),
(510, 'Chimie', 64),
(511, 'Sciences de la vie', 64),
(512, 'Histoire-Geographie', 64),
(513, 'Arabe', 65),
(514, 'Francais', 65),
(515, 'Anglais', 65),
(516, 'Mathematiques', 65),
(517, 'Physique', 65),
(518, 'Chimie', 65),
(519, 'Sciences de la vie', 65),
(520, 'Histoire-Geographie', 65),
(521, 'Arabe', 66),
(522, 'Francais', 66),
(523, 'Anglais', 66),
(524, 'Mathematiques', 66),
(525, 'Physique', 66),
(526, 'Chimie', 66),
(527, 'Sciences de la vie', 66),
(528, 'Histoire-Geographie', 66),
(529, 'Arabe', 67),
(530, 'Francais', 67),
(531, 'Anglais', 67),
(532, 'Mathematiques', 67),
(533, 'Physique', 67),
(534, 'Chimie', 67),
(535, 'Sciences de la vie', 67),
(536, 'Histoire-Geographie', 67),
(537, 'Arabe', 68),
(538, 'Francais', 68),
(539, 'Anglais', 68),
(540, 'Mathematiques', 68),
(541, 'Physique', 68),
(542, 'Chimie', 68),
(543, 'Sciences de la vie', 68),
(544, 'Histoire-Geographie', 68),
(545, 'Arabe', 69),
(546, 'Francais', 69),
(547, 'Anglais', 69),
(548, 'Mathematiques', 69),
(549, 'Physique', 69),
(550, 'Chimie', 69),
(551, 'Sciences de la vie', 69),
(552, 'Histoire-Geographie', 69),
(553, 'Arabe', 70),
(554, 'Francais', 70),
(555, 'Anglais', 70),
(556, 'Mathematiques', 70),
(557, 'Physique', 70),
(558, 'Chimie', 70),
(559, 'Sciences de la vie', 70),
(560, 'Histoire-Geographie', 70),
(561, 'Arabe', 71),
(562, 'Francais', 71),
(563, 'Anglais', 71),
(564, 'Mathematiques', 71),
(565, 'Physique', 71),
(566, 'Chimie', 71),
(567, 'Sciences de la vie', 71),
(568, 'Histoire-Geographie', 71),
(569, 'Arabe', 72),
(570, 'Francais', 72),
(571, 'Anglais', 72),
(572, 'Mathematiques', 72),
(573, 'Physique', 72),
(574, 'Chimie', 72),
(575, 'Sciences de la vie', 72),
(576, 'Histoire-Geographie', 72);

INSERT INTO dependencies (id, name, delegation_id) VALUES

(1, 'Circonscription Tunis Medina Nord', 1),
(2, 'Circonscription Tunis Medina Sud', 1),
(3, 'Circonscription Bab Bhar Nord', 2),
(4, 'Circonscription Bab Bhar Sud', 2),
(5, 'Circonscription Carthage Nord', 3),
(6, 'Circonscription Carthage Sud', 3),
(7, 'Circonscription Ariana Ville Nord', 4),
(8, 'Circonscription Ariana Ville Sud', 4),
(9, 'Circonscription La Soukra Nord', 5),
(10, 'Circonscription La Soukra Sud', 5),
(11, 'Circonscription Mnihla Nord', 6),
(12, 'Circonscription Mnihla Sud', 6),
(13, 'Circonscription Ben Arous Nord', 7),
(14, 'Circonscription Ben Arous Sud', 7),
(15, 'Circonscription Rades Nord', 8),
(16, 'Circonscription Rades Sud', 8),
(17, 'Circonscription Hammam Lif Nord', 9),
(18, 'Circonscription Hammam Lif Sud', 9),
(19, 'Circonscription Manouba Nord', 10),
(20, 'Circonscription Manouba Sud', 10),
(21, 'Circonscription Douar Hicher Nord', 11),
(22, 'Circonscription Douar Hicher Sud', 11),
(23, 'Circonscription Tebourba Nord', 12),
(24, 'Circonscription Tebourba Sud', 12),
(25, 'Circonscription Nabeul Nord', 13),
(26, 'Circonscription Nabeul Sud', 13),
(27, 'Circonscription Hammamet Nord', 14),
(28, 'Circonscription Hammamet Sud', 14),
(29, 'Circonscription Korba Nord', 15),
(30, 'Circonscription Korba Sud', 15),
(31, 'Circonscription Bizerte Nord Nord', 16),
(32, 'Circonscription Bizerte Nord Sud', 16),
(33, 'Circonscription Menzel Bourguiba Nord', 17),
(34, 'Circonscription Menzel Bourguiba Sud', 17),
(35, 'Circonscription Ras Jebel Nord', 18),
(36, 'Circonscription Ras Jebel Sud', 18),
(37, 'Circonscription Beja Nord Nord', 19),
(38, 'Circonscription Beja Nord Sud', 19),
(39, 'Circonscription Medjez El Bab Nord', 20),
(40, 'Circonscription Medjez El Bab Sud', 20),
(41, 'Circonscription Testour Nord', 21),
(42, 'Circonscription Testour Sud', 21),
(43, 'Circonscription Jendouba Nord', 22),
(44, 'Circonscription Jendouba Sud', 22),
(45, 'Circonscription Tabarka Nord', 23),
(46, 'Circonscription Tabarka Sud', 23),
(47, 'Circonscription Ain Draham Nord', 24),
(48, 'Circonscription Ain Draham Sud', 24),
(49, 'Circonscription Le Kef Nord', 25),
(50, 'Circonscription Le Kef Sud', 25),
(51, 'Circonscription Tajerouine Nord', 26),
(52, 'Circonscription Tajerouine Sud', 26),
(53, 'Circonscription Dahmani Nord', 27),
(54, 'Circonscription Dahmani Sud', 27),
(55, 'Circonscription Siliana Nord Nord', 28),
(56, 'Circonscription Siliana Nord Sud', 28),
(57, 'Circonscription Gaafour Nord', 29),
(58, 'Circonscription Gaafour Sud', 29),
(59, 'Circonscription Makthar Nord', 30),
(60, 'Circonscription Makthar Sud', 30),
(61, 'Circonscription Sousse Ville Nord', 31),
(62, 'Circonscription Sousse Ville Sud', 31),
(63, 'Circonscription Msaken Nord', 32),
(64, 'Circonscription Msaken Sud', 32),
(65, 'Circonscription Akouda Nord', 33),
(66, 'Circonscription Akouda Sud', 33),
(67, 'Circonscription Monastir Nord', 34),
(68, 'Circonscription Monastir Sud', 34),
(69, 'Circonscription Moknine Nord', 35),
(70, 'Circonscription Moknine Sud', 35),
(71, 'Circonscription Jemmal Nord', 36),
(72, 'Circonscription Jemmal Sud', 36),
(73, 'Circonscription Mahdia Nord', 37),
(74, 'Circonscription Mahdia Sud', 37),
(75, 'Circonscription Ksour Essef Nord', 38),
(76, 'Circonscription Ksour Essef Sud', 38),
(77, 'Circonscription Chebba Nord', 39),
(78, 'Circonscription Chebba Sud', 39),
(79, 'Circonscription Sfax Ville Nord', 40),
(80, 'Circonscription Sfax Ville Sud', 40),
(81, 'Circonscription Sakiet Ezzit Nord', 41),
(82, 'Circonscription Sakiet Ezzit Sud', 41),
(83, 'Circonscription Menzel Chaker Nord', 42),
(84, 'Circonscription Menzel Chaker Sud', 42),
(85, 'Circonscription Kairouan Nord Nord', 43),
(86, 'Circonscription Kairouan Nord Sud', 43),
(87, 'Circonscription Haffouz Nord', 44),
(88, 'Circonscription Haffouz Sud', 44),
(89, 'Circonscription Oueslatia Nord', 45),
(90, 'Circonscription Oueslatia Sud', 45),
(91, 'Circonscription Kasserine Nord Nord', 46),
(92, 'Circonscription Kasserine Nord Sud', 46),
(93, 'Circonscription Sbeitla Nord', 47),
(94, 'Circonscription Sbeitla Sud', 47),
(95, 'Circonscription Feriana Nord', 48),
(96, 'Circonscription Feriana Sud', 48),
(97, 'Circonscription Sidi Bouzid Ouest Nord', 49),
(98, 'Circonscription Sidi Bouzid Ouest Sud', 49),
(99, 'Circonscription Regueb Nord', 50),
(100, 'Circonscription Regueb Sud', 50),
(101, 'Circonscription Meknassy Nord', 51),
(102, 'Circonscription Meknassy Sud', 51),
(103, 'Circonscription Gabes Ville Nord', 52),
(104, 'Circonscription Gabes Ville Sud', 52),
(105, 'Circonscription Mareth Nord', 53),
(106, 'Circonscription Mareth Sud', 53),
(107, 'Circonscription El Hamma Nord', 54),
(108, 'Circonscription El Hamma Sud', 54),
(109, 'Circonscription Medenine Nord Nord', 55),
(110, 'Circonscription Medenine Nord Sud', 55),
(111, 'Circonscription Djerba Houmt Souk Nord', 56),
(112, 'Circonscription Djerba Houmt Souk Sud', 56),
(113, 'Circonscription Zarzis Nord', 57),
(114, 'Circonscription Zarzis Sud', 57),
(115, 'Circonscription Tataouine Nord Nord', 58),
(116, 'Circonscription Tataouine Nord Sud', 58),
(117, 'Circonscription Ghomrassen Nord', 59),
(118, 'Circonscription Ghomrassen Sud', 59),
(119, 'Circonscription Remada Nord', 60),
(120, 'Circonscription Remada Sud', 60),
(121, 'Circonscription Gafsa Nord Nord', 61),
(122, 'Circonscription Gafsa Nord Sud', 61),
(123, 'Circonscription Metlaoui Nord', 62),
(124, 'Circonscription Metlaoui Sud', 62),
(125, 'Circonscription Redeyef Nord', 63),
(126, 'Circonscription Redeyef Sud', 63),
(127, 'Circonscription Tozeur Nord', 64),
(128, 'Circonscription Tozeur Sud', 64),
(129, 'Circonscription Nefta Nord', 65),
(130, 'Circonscription Nefta Sud', 65),
(131, 'Circonscription Degache Nord', 66),
(132, 'Circonscription Degache Sud', 66),
(133, 'Circonscription Kebili Sud Nord', 67),
(134, 'Circonscription Kebili Sud Sud', 67),
(135, 'Circonscription Douz Nord', 68),
(136, 'Circonscription Douz Sud', 68),
(137, 'Circonscription Souk Lahad Nord', 69),
(138, 'Circonscription Souk Lahad Sud', 69),
(139, 'Circonscription Zaghouan Nord', 70),
(140, 'Circonscription Zaghouan Sud', 70),
(141, 'Circonscription El Fahs Nord', 71),
(142, 'Circonscription El Fahs Sud', 71),
(143, 'Circonscription Nadhour Nord', 72),
(144, 'Circonscription Nadhour Sud', 72);

INSERT INTO etablissements (id, name, school_level, dependency_id) VALUES

(1, 'Ecole primaire Ibn Khaldoun - Tunis Medina', 'PRIMARY', 1),
(2, 'College Habib Bourguiba - Tunis Medina', 'PREPARATORY', 1),
(3, 'Lycee Farhat Hached - Tunis Medina', 'SECONDARY', 2),
(4, 'Institut pilote Ali Belhouane - Tunis Medina', 'PRIMARY', 2),
(5, 'Ecole primaire Les Jasmins - Bab Bhar', 'PREPARATORY', 3),
(6, 'College El Amal - Bab Bhar', 'SECONDARY', 3),
(7, 'Lycee Carthage - Bab Bhar', 'PRIMARY', 4),
(8, 'Institut pilote El Manar - Bab Bhar', 'PREPARATORY', 4),
(9, 'Ecole primaire Taher Haddad - Carthage', 'SECONDARY', 5),
(10, 'College Abou Kacem Chebbi - Carthage', 'PRIMARY', 5),
(11, 'Lycee Avenue de la Republique - Carthage', 'PREPARATORY', 6),
(12, 'Institut pilote El Mourouj - Carthage', 'SECONDARY', 6),
(13, 'Ecole primaire Ibn Khaldoun - Ariana Ville', 'PRIMARY', 7),
(14, 'College Habib Bourguiba - Ariana Ville', 'PREPARATORY', 7),
(15, 'Lycee Farhat Hached - Ariana Ville', 'SECONDARY', 8),
(16, 'Institut pilote Ali Belhouane - Ariana Ville', 'PRIMARY', 8),
(17, 'Ecole primaire Les Jasmins - La Soukra', 'PREPARATORY', 9),
(18, 'College El Amal - La Soukra', 'SECONDARY', 9),
(19, 'Lycee Carthage - La Soukra', 'PRIMARY', 10),
(20, 'Institut pilote El Manar - La Soukra', 'PREPARATORY', 10),
(21, 'Ecole primaire Taher Haddad - Mnihla', 'SECONDARY', 11),
(22, 'College Abou Kacem Chebbi - Mnihla', 'PRIMARY', 11),
(23, 'Lycee Avenue de la Republique - Mnihla', 'PREPARATORY', 12),
(24, 'Institut pilote El Mourouj - Mnihla', 'SECONDARY', 12),
(25, 'Ecole primaire Ibn Khaldoun - Ben Arous', 'PRIMARY', 13),
(26, 'College Habib Bourguiba - Ben Arous', 'PREPARATORY', 13),
(27, 'Lycee Farhat Hached - Ben Arous', 'SECONDARY', 14),
(28, 'Institut pilote Ali Belhouane - Ben Arous', 'PRIMARY', 14),
(29, 'Ecole primaire Les Jasmins - Rades', 'PREPARATORY', 15),
(30, 'College El Amal - Rades', 'SECONDARY', 15),
(31, 'Lycee Carthage - Rades', 'PRIMARY', 16),
(32, 'Institut pilote El Manar - Rades', 'PREPARATORY', 16),
(33, 'Ecole primaire Taher Haddad - Hammam Lif', 'SECONDARY', 17),
(34, 'College Abou Kacem Chebbi - Hammam Lif', 'PRIMARY', 17),
(35, 'Lycee Avenue de la Republique - Hammam Lif', 'PREPARATORY', 18),
(36, 'Institut pilote El Mourouj - Hammam Lif', 'SECONDARY', 18),
(37, 'Ecole primaire Ibn Khaldoun - Manouba', 'PRIMARY', 19),
(38, 'College Habib Bourguiba - Manouba', 'PREPARATORY', 19),
(39, 'Lycee Farhat Hached - Manouba', 'SECONDARY', 20),
(40, 'Institut pilote Ali Belhouane - Manouba', 'PRIMARY', 20),
(41, 'Ecole primaire Les Jasmins - Douar Hicher', 'PREPARATORY', 21),
(42, 'College El Amal - Douar Hicher', 'SECONDARY', 21),
(43, 'Lycee Carthage - Douar Hicher', 'PRIMARY', 22),
(44, 'Institut pilote El Manar - Douar Hicher', 'PREPARATORY', 22),
(45, 'Ecole primaire Taher Haddad - Tebourba', 'SECONDARY', 23),
(46, 'College Abou Kacem Chebbi - Tebourba', 'PRIMARY', 23),
(47, 'Lycee Avenue de la Republique - Tebourba', 'PREPARATORY', 24),
(48, 'Institut pilote El Mourouj - Tebourba', 'SECONDARY', 24),
(49, 'Ecole primaire Ibn Khaldoun - Nabeul', 'PRIMARY', 25),
(50, 'College Habib Bourguiba - Nabeul', 'PREPARATORY', 25),
(51, 'Lycee Farhat Hached - Nabeul', 'SECONDARY', 26),
(52, 'Institut pilote Ali Belhouane - Nabeul', 'PRIMARY', 26),
(53, 'Ecole primaire Les Jasmins - Hammamet', 'PREPARATORY', 27),
(54, 'College El Amal - Hammamet', 'SECONDARY', 27),
(55, 'Lycee Carthage - Hammamet', 'PRIMARY', 28),
(56, 'Institut pilote El Manar - Hammamet', 'PREPARATORY', 28),
(57, 'Ecole primaire Taher Haddad - Korba', 'SECONDARY', 29),
(58, 'College Abou Kacem Chebbi - Korba', 'PRIMARY', 29),
(59, 'Lycee Avenue de la Republique - Korba', 'PREPARATORY', 30),
(60, 'Institut pilote El Mourouj - Korba', 'SECONDARY', 30),
(61, 'Ecole primaire Ibn Khaldoun - Bizerte Nord', 'PRIMARY', 31),
(62, 'College Habib Bourguiba - Bizerte Nord', 'PREPARATORY', 31),
(63, 'Lycee Farhat Hached - Bizerte Nord', 'SECONDARY', 32),
(64, 'Institut pilote Ali Belhouane - Bizerte Nord', 'PRIMARY', 32),
(65, 'Ecole primaire Les Jasmins - Menzel Bourguiba', 'PREPARATORY', 33),
(66, 'College El Amal - Menzel Bourguiba', 'SECONDARY', 33),
(67, 'Lycee Carthage - Menzel Bourguiba', 'PRIMARY', 34),
(68, 'Institut pilote El Manar - Menzel Bourguiba', 'PREPARATORY', 34),
(69, 'Ecole primaire Taher Haddad - Ras Jebel', 'SECONDARY', 35),
(70, 'College Abou Kacem Chebbi - Ras Jebel', 'PRIMARY', 35),
(71, 'Lycee Avenue de la Republique - Ras Jebel', 'PREPARATORY', 36),
(72, 'Institut pilote El Mourouj - Ras Jebel', 'SECONDARY', 36),
(73, 'Ecole primaire Ibn Khaldoun - Beja Nord', 'PRIMARY', 37),
(74, 'College Habib Bourguiba - Beja Nord', 'PREPARATORY', 37),
(75, 'Lycee Farhat Hached - Beja Nord', 'SECONDARY', 38),
(76, 'Institut pilote Ali Belhouane - Beja Nord', 'PRIMARY', 38),
(77, 'Ecole primaire Les Jasmins - Medjez El Bab', 'PREPARATORY', 39),
(78, 'College El Amal - Medjez El Bab', 'SECONDARY', 39),
(79, 'Lycee Carthage - Medjez El Bab', 'PRIMARY', 40),
(80, 'Institut pilote El Manar - Medjez El Bab', 'PREPARATORY', 40),
(81, 'Ecole primaire Taher Haddad - Testour', 'SECONDARY', 41),
(82, 'College Abou Kacem Chebbi - Testour', 'PRIMARY', 41),
(83, 'Lycee Avenue de la Republique - Testour', 'PREPARATORY', 42),
(84, 'Institut pilote El Mourouj - Testour', 'SECONDARY', 42),
(85, 'Ecole primaire Ibn Khaldoun - Jendouba', 'PRIMARY', 43),
(86, 'College Habib Bourguiba - Jendouba', 'PREPARATORY', 43),
(87, 'Lycee Farhat Hached - Jendouba', 'SECONDARY', 44),
(88, 'Institut pilote Ali Belhouane - Jendouba', 'PRIMARY', 44),
(89, 'Ecole primaire Les Jasmins - Tabarka', 'PREPARATORY', 45),
(90, 'College El Amal - Tabarka', 'SECONDARY', 45),
(91, 'Lycee Carthage - Tabarka', 'PRIMARY', 46),
(92, 'Institut pilote El Manar - Tabarka', 'PREPARATORY', 46),
(93, 'Ecole primaire Taher Haddad - Ain Draham', 'SECONDARY', 47),
(94, 'College Abou Kacem Chebbi - Ain Draham', 'PRIMARY', 47),
(95, 'Lycee Avenue de la Republique - Ain Draham', 'PREPARATORY', 48),
(96, 'Institut pilote El Mourouj - Ain Draham', 'SECONDARY', 48),
(97, 'Ecole primaire Ibn Khaldoun - Le Kef', 'PRIMARY', 49),
(98, 'College Habib Bourguiba - Le Kef', 'PREPARATORY', 49),
(99, 'Lycee Farhat Hached - Le Kef', 'SECONDARY', 50),
(100, 'Institut pilote Ali Belhouane - Le Kef', 'PRIMARY', 50),
(101, 'Ecole primaire Les Jasmins - Tajerouine', 'PREPARATORY', 51),
(102, 'College El Amal - Tajerouine', 'SECONDARY', 51),
(103, 'Lycee Carthage - Tajerouine', 'PRIMARY', 52),
(104, 'Institut pilote El Manar - Tajerouine', 'PREPARATORY', 52),
(105, 'Ecole primaire Taher Haddad - Dahmani', 'SECONDARY', 53),
(106, 'College Abou Kacem Chebbi - Dahmani', 'PRIMARY', 53),
(107, 'Lycee Avenue de la Republique - Dahmani', 'PREPARATORY', 54),
(108, 'Institut pilote El Mourouj - Dahmani', 'SECONDARY', 54),
(109, 'Ecole primaire Ibn Khaldoun - Siliana Nord', 'PRIMARY', 55),
(110, 'College Habib Bourguiba - Siliana Nord', 'PREPARATORY', 55),
(111, 'Lycee Farhat Hached - Siliana Nord', 'SECONDARY', 56),
(112, 'Institut pilote Ali Belhouane - Siliana Nord', 'PRIMARY', 56),
(113, 'Ecole primaire Les Jasmins - Gaafour', 'PREPARATORY', 57),
(114, 'College El Amal - Gaafour', 'SECONDARY', 57),
(115, 'Lycee Carthage - Gaafour', 'PRIMARY', 58),
(116, 'Institut pilote El Manar - Gaafour', 'PREPARATORY', 58),
(117, 'Ecole primaire Taher Haddad - Makthar', 'SECONDARY', 59),
(118, 'College Abou Kacem Chebbi - Makthar', 'PRIMARY', 59),
(119, 'Lycee Avenue de la Republique - Makthar', 'PREPARATORY', 60),
(120, 'Institut pilote El Mourouj - Makthar', 'SECONDARY', 60),
(121, 'Ecole primaire Ibn Khaldoun - Sousse Ville', 'PRIMARY', 61),
(122, 'College Habib Bourguiba - Sousse Ville', 'PREPARATORY', 61),
(123, 'Lycee Farhat Hached - Sousse Ville', 'SECONDARY', 62),
(124, 'Institut pilote Ali Belhouane - Sousse Ville', 'PRIMARY', 62),
(125, 'Ecole primaire Les Jasmins - Msaken', 'PREPARATORY', 63),
(126, 'College El Amal - Msaken', 'SECONDARY', 63),
(127, 'Lycee Carthage - Msaken', 'PRIMARY', 64),
(128, 'Institut pilote El Manar - Msaken', 'PREPARATORY', 64),
(129, 'Ecole primaire Taher Haddad - Akouda', 'SECONDARY', 65),
(130, 'College Abou Kacem Chebbi - Akouda', 'PRIMARY', 65),
(131, 'Lycee Avenue de la Republique - Akouda', 'PREPARATORY', 66),
(132, 'Institut pilote El Mourouj - Akouda', 'SECONDARY', 66),
(133, 'Ecole primaire Ibn Khaldoun - Monastir', 'PRIMARY', 67),
(134, 'College Habib Bourguiba - Monastir', 'PREPARATORY', 67),
(135, 'Lycee Farhat Hached - Monastir', 'SECONDARY', 68),
(136, 'Institut pilote Ali Belhouane - Monastir', 'PRIMARY', 68),
(137, 'Ecole primaire Les Jasmins - Moknine', 'PREPARATORY', 69),
(138, 'College El Amal - Moknine', 'SECONDARY', 69),
(139, 'Lycee Carthage - Moknine', 'PRIMARY', 70),
(140, 'Institut pilote El Manar - Moknine', 'PREPARATORY', 70),
(141, 'Ecole primaire Taher Haddad - Jemmal', 'SECONDARY', 71),
(142, 'College Abou Kacem Chebbi - Jemmal', 'PRIMARY', 71),
(143, 'Lycee Avenue de la Republique - Jemmal', 'PREPARATORY', 72),
(144, 'Institut pilote El Mourouj - Jemmal', 'SECONDARY', 72),
(145, 'Ecole primaire Ibn Khaldoun - Mahdia', 'PRIMARY', 73),
(146, 'College Habib Bourguiba - Mahdia', 'PREPARATORY', 73),
(147, 'Lycee Farhat Hached - Mahdia', 'SECONDARY', 74),
(148, 'Institut pilote Ali Belhouane - Mahdia', 'PRIMARY', 74),
(149, 'Ecole primaire Les Jasmins - Ksour Essef', 'PREPARATORY', 75),
(150, 'College El Amal - Ksour Essef', 'SECONDARY', 75),
(151, 'Lycee Carthage - Ksour Essef', 'PRIMARY', 76),
(152, 'Institut pilote El Manar - Ksour Essef', 'PREPARATORY', 76),
(153, 'Ecole primaire Taher Haddad - Chebba', 'SECONDARY', 77),
(154, 'College Abou Kacem Chebbi - Chebba', 'PRIMARY', 77),
(155, 'Lycee Avenue de la Republique - Chebba', 'PREPARATORY', 78),
(156, 'Institut pilote El Mourouj - Chebba', 'SECONDARY', 78),
(157, 'Ecole primaire Ibn Khaldoun - Sfax Ville', 'PRIMARY', 79),
(158, 'College Habib Bourguiba - Sfax Ville', 'PREPARATORY', 79),
(159, 'Lycee Farhat Hached - Sfax Ville', 'SECONDARY', 80),
(160, 'Institut pilote Ali Belhouane - Sfax Ville', 'PRIMARY', 80),
(161, 'Ecole primaire Les Jasmins - Sakiet Ezzit', 'PREPARATORY', 81),
(162, 'College El Amal - Sakiet Ezzit', 'SECONDARY', 81),
(163, 'Lycee Carthage - Sakiet Ezzit', 'PRIMARY', 82),
(164, 'Institut pilote El Manar - Sakiet Ezzit', 'PREPARATORY', 82),
(165, 'Ecole primaire Taher Haddad - Menzel Chaker', 'SECONDARY', 83),
(166, 'College Abou Kacem Chebbi - Menzel Chaker', 'PRIMARY', 83),
(167, 'Lycee Avenue de la Republique - Menzel Chaker', 'PREPARATORY', 84),
(168, 'Institut pilote El Mourouj - Menzel Chaker', 'SECONDARY', 84),
(169, 'Ecole primaire Ibn Khaldoun - Kairouan Nord', 'PRIMARY', 85),
(170, 'College Habib Bourguiba - Kairouan Nord', 'PREPARATORY', 85),
(171, 'Lycee Farhat Hached - Kairouan Nord', 'SECONDARY', 86),
(172, 'Institut pilote Ali Belhouane - Kairouan Nord', 'PRIMARY', 86),
(173, 'Ecole primaire Les Jasmins - Haffouz', 'PREPARATORY', 87),
(174, 'College El Amal - Haffouz', 'SECONDARY', 87),
(175, 'Lycee Carthage - Haffouz', 'PRIMARY', 88),
(176, 'Institut pilote El Manar - Haffouz', 'PREPARATORY', 88),
(177, 'Ecole primaire Taher Haddad - Oueslatia', 'SECONDARY', 89),
(178, 'College Abou Kacem Chebbi - Oueslatia', 'PRIMARY', 89),
(179, 'Lycee Avenue de la Republique - Oueslatia', 'PREPARATORY', 90),
(180, 'Institut pilote El Mourouj - Oueslatia', 'SECONDARY', 90),
(181, 'Ecole primaire Ibn Khaldoun - Kasserine Nord', 'PRIMARY', 91),
(182, 'College Habib Bourguiba - Kasserine Nord', 'PREPARATORY', 91),
(183, 'Lycee Farhat Hached - Kasserine Nord', 'SECONDARY', 92),
(184, 'Institut pilote Ali Belhouane - Kasserine Nord', 'PRIMARY', 92),
(185, 'Ecole primaire Les Jasmins - Sbeitla', 'PREPARATORY', 93),
(186, 'College El Amal - Sbeitla', 'SECONDARY', 93),
(187, 'Lycee Carthage - Sbeitla', 'PRIMARY', 94),
(188, 'Institut pilote El Manar - Sbeitla', 'PREPARATORY', 94),
(189, 'Ecole primaire Taher Haddad - Feriana', 'SECONDARY', 95),
(190, 'College Abou Kacem Chebbi - Feriana', 'PRIMARY', 95),
(191, 'Lycee Avenue de la Republique - Feriana', 'PREPARATORY', 96),
(192, 'Institut pilote El Mourouj - Feriana', 'SECONDARY', 96),
(193, 'Ecole primaire Ibn Khaldoun - Sidi Bouzid Ouest', 'PRIMARY', 97),
(194, 'College Habib Bourguiba - Sidi Bouzid Ouest', 'PREPARATORY', 97),
(195, 'Lycee Farhat Hached - Sidi Bouzid Ouest', 'SECONDARY', 98),
(196, 'Institut pilote Ali Belhouane - Sidi Bouzid Ouest', 'PRIMARY', 98),
(197, 'Ecole primaire Les Jasmins - Regueb', 'PREPARATORY', 99),
(198, 'College El Amal - Regueb', 'SECONDARY', 99),
(199, 'Lycee Carthage - Regueb', 'PRIMARY', 100),
(200, 'Institut pilote El Manar - Regueb', 'PREPARATORY', 100),
(201, 'Ecole primaire Taher Haddad - Meknassy', 'SECONDARY', 101),
(202, 'College Abou Kacem Chebbi - Meknassy', 'PRIMARY', 101),
(203, 'Lycee Avenue de la Republique - Meknassy', 'PREPARATORY', 102),
(204, 'Institut pilote El Mourouj - Meknassy', 'SECONDARY', 102),
(205, 'Ecole primaire Ibn Khaldoun - Gabes Ville', 'PRIMARY', 103),
(206, 'College Habib Bourguiba - Gabes Ville', 'PREPARATORY', 103),
(207, 'Lycee Farhat Hached - Gabes Ville', 'SECONDARY', 104),
(208, 'Institut pilote Ali Belhouane - Gabes Ville', 'PRIMARY', 104),
(209, 'Ecole primaire Les Jasmins - Mareth', 'PREPARATORY', 105),
(210, 'College El Amal - Mareth', 'SECONDARY', 105),
(211, 'Lycee Carthage - Mareth', 'PRIMARY', 106),
(212, 'Institut pilote El Manar - Mareth', 'PREPARATORY', 106),
(213, 'Ecole primaire Taher Haddad - El Hamma', 'SECONDARY', 107),
(214, 'College Abou Kacem Chebbi - El Hamma', 'PRIMARY', 107),
(215, 'Lycee Avenue de la Republique - El Hamma', 'PREPARATORY', 108),
(216, 'Institut pilote El Mourouj - El Hamma', 'SECONDARY', 108),
(217, 'Ecole primaire Ibn Khaldoun - Medenine Nord', 'PRIMARY', 109),
(218, 'College Habib Bourguiba - Medenine Nord', 'PREPARATORY', 109),
(219, 'Lycee Farhat Hached - Medenine Nord', 'SECONDARY', 110),
(220, 'Institut pilote Ali Belhouane - Medenine Nord', 'PRIMARY', 110),
(221, 'Ecole primaire Les Jasmins - Djerba Houmt Souk', 'PREPARATORY', 111),
(222, 'College El Amal - Djerba Houmt Souk', 'SECONDARY', 111),
(223, 'Lycee Carthage - Djerba Houmt Souk', 'PRIMARY', 112),
(224, 'Institut pilote El Manar - Djerba Houmt Souk', 'PREPARATORY', 112),
(225, 'Ecole primaire Taher Haddad - Zarzis', 'SECONDARY', 113),
(226, 'College Abou Kacem Chebbi - Zarzis', 'PRIMARY', 113),
(227, 'Lycee Avenue de la Republique - Zarzis', 'PREPARATORY', 114),
(228, 'Institut pilote El Mourouj - Zarzis', 'SECONDARY', 114),
(229, 'Ecole primaire Ibn Khaldoun - Tataouine Nord', 'PRIMARY', 115),
(230, 'College Habib Bourguiba - Tataouine Nord', 'PREPARATORY', 115),
(231, 'Lycee Farhat Hached - Tataouine Nord', 'SECONDARY', 116),
(232, 'Institut pilote Ali Belhouane - Tataouine Nord', 'PRIMARY', 116),
(233, 'Ecole primaire Les Jasmins - Ghomrassen', 'PREPARATORY', 117),
(234, 'College El Amal - Ghomrassen', 'SECONDARY', 117),
(235, 'Lycee Carthage - Ghomrassen', 'PRIMARY', 118),
(236, 'Institut pilote El Manar - Ghomrassen', 'PREPARATORY', 118),
(237, 'Ecole primaire Taher Haddad - Remada', 'SECONDARY', 119),
(238, 'College Abou Kacem Chebbi - Remada', 'PRIMARY', 119),
(239, 'Lycee Avenue de la Republique - Remada', 'PREPARATORY', 120),
(240, 'Institut pilote El Mourouj - Remada', 'SECONDARY', 120),
(241, 'Ecole primaire Ibn Khaldoun - Gafsa Nord', 'PRIMARY', 121),
(242, 'College Habib Bourguiba - Gafsa Nord', 'PREPARATORY', 121),
(243, 'Lycee Farhat Hached - Gafsa Nord', 'SECONDARY', 122),
(244, 'Institut pilote Ali Belhouane - Gafsa Nord', 'PRIMARY', 122),
(245, 'Ecole primaire Les Jasmins - Metlaoui', 'PREPARATORY', 123),
(246, 'College El Amal - Metlaoui', 'SECONDARY', 123),
(247, 'Lycee Carthage - Metlaoui', 'PRIMARY', 124),
(248, 'Institut pilote El Manar - Metlaoui', 'PREPARATORY', 124),
(249, 'Ecole primaire Taher Haddad - Redeyef', 'SECONDARY', 125),
(250, 'College Abou Kacem Chebbi - Redeyef', 'PRIMARY', 125),
(251, 'Lycee Avenue de la Republique - Redeyef', 'PREPARATORY', 126),
(252, 'Institut pilote El Mourouj - Redeyef', 'SECONDARY', 126),
(253, 'Ecole primaire Ibn Khaldoun - Tozeur', 'PRIMARY', 127),
(254, 'College Habib Bourguiba - Tozeur', 'PREPARATORY', 127),
(255, 'Lycee Farhat Hached - Tozeur', 'SECONDARY', 128),
(256, 'Institut pilote Ali Belhouane - Tozeur', 'PRIMARY', 128),
(257, 'Ecole primaire Les Jasmins - Nefta', 'PREPARATORY', 129),
(258, 'College El Amal - Nefta', 'SECONDARY', 129),
(259, 'Lycee Carthage - Nefta', 'PRIMARY', 130),
(260, 'Institut pilote El Manar - Nefta', 'PREPARATORY', 130),
(261, 'Ecole primaire Taher Haddad - Degache', 'SECONDARY', 131),
(262, 'College Abou Kacem Chebbi - Degache', 'PRIMARY', 131),
(263, 'Lycee Avenue de la Republique - Degache', 'PREPARATORY', 132),
(264, 'Institut pilote El Mourouj - Degache', 'SECONDARY', 132),
(265, 'Ecole primaire Ibn Khaldoun - Kebili Sud', 'PRIMARY', 133),
(266, 'College Habib Bourguiba - Kebili Sud', 'PREPARATORY', 133),
(267, 'Lycee Farhat Hached - Kebili Sud', 'SECONDARY', 134),
(268, 'Institut pilote Ali Belhouane - Kebili Sud', 'PRIMARY', 134),
(269, 'Ecole primaire Les Jasmins - Douz', 'PREPARATORY', 135),
(270, 'College El Amal - Douz', 'SECONDARY', 135),
(271, 'Lycee Carthage - Douz', 'PRIMARY', 136),
(272, 'Institut pilote El Manar - Douz', 'PREPARATORY', 136),
(273, 'Ecole primaire Taher Haddad - Souk Lahad', 'SECONDARY', 137),
(274, 'College Abou Kacem Chebbi - Souk Lahad', 'PRIMARY', 137),
(275, 'Lycee Avenue de la Republique - Souk Lahad', 'PREPARATORY', 138),
(276, 'Institut pilote El Mourouj - Souk Lahad', 'SECONDARY', 138),
(277, 'Ecole primaire Ibn Khaldoun - Zaghouan', 'PRIMARY', 139),
(278, 'College Habib Bourguiba - Zaghouan', 'PREPARATORY', 139),
(279, 'Lycee Farhat Hached - Zaghouan', 'SECONDARY', 140),
(280, 'Institut pilote Ali Belhouane - Zaghouan', 'PRIMARY', 140),
(281, 'Ecole primaire Les Jasmins - El Fahs', 'PREPARATORY', 141),
(282, 'College El Amal - El Fahs', 'SECONDARY', 141),
(283, 'Lycee Carthage - El Fahs', 'PRIMARY', 142),
(284, 'Institut pilote El Manar - El Fahs', 'PREPARATORY', 142),
(285, 'Ecole primaire Taher Haddad - Nadhour', 'SECONDARY', 143),
(286, 'College Abou Kacem Chebbi - Nadhour', 'PRIMARY', 143),
(287, 'Lycee Avenue de la Republique - Nadhour', 'PREPARATORY', 144),
(288, 'Institut pilote El Mourouj - Nadhour', 'SECONDARY', 144);

INSERT INTO personnel (id, cin, first_name, last_name, recruitment_date, role, serial_code) VALUES

(1, '10000001', 'Sami', 'Bouzid', '2011-02-15', 'ADMIN', 'ADMIN-2025-0001'),
(2, '10000002', 'Karim', 'Hamdi', '2012-03-15', 'ADMIN', 'ADMIN-2024-0002'),
(3, '10000003', 'Hatem', 'Karray', '2013-04-15', 'ADMIN', 'ADMIN-2023-0003'),
(4, '10000004', 'Mourad', 'Abid', '2014-05-15', 'INSPECTOR', 'INSPE-2022-0004'),
(5, '10000005', 'Fatma', 'Ben Ali', '2015-06-15', 'INSPECTOR', 'INSPE-2021-0005'),
(6, '10000006', 'Sarra', 'Bouzid', '2016-07-15', 'INSPECTOR', 'INSPE-2020-0006'),
(7, '10000007', 'Rim', 'Hamdi', '2017-08-15', 'INSPECTOR', 'INSPE-2019-0007'),
(8, '10000008', 'Aicha', 'Karray', '2018-09-15', 'INSPECTOR', 'INSPE-2018-0008'),
(9, '10000009', 'Asma', 'Abid', '2019-10-15', 'INSPECTOR', 'INSPE-2017-0009'),
(10, '10000010', 'Mohamed', 'Ben Ali', '2020-11-15', 'INSPECTOR', 'INSPE-2016-0010'),
(11, '10000011', 'Sami', 'Bouzid', '2021-12-15', 'INSPECTOR', 'INSPE-2015-0011'),
(12, '10000012', 'Karim', 'Hamdi', '2022-01-15', 'INSPECTOR', 'INSPE-2014-0012'),
(13, '10000013', 'Hatem', 'Karray', '2023-02-15', 'INSPECTOR', 'INSPE-2013-0013'),
(14, '10000014', 'Mourad', 'Abid', '2010-03-15', 'INSPECTOR', 'INSPE-2012-0014'),
(15, '10000015', 'Fatma', 'Ben Ali', '2011-04-15', 'INSPECTOR', 'INSPE-2011-0015'),
(16, '10000016', 'Sarra', 'Bouzid', '2012-05-15', 'INSPECTOR', 'INSPE-2010-0016'),
(17, '10000017', 'Rim', 'Hamdi', '2013-06-15', 'INSPECTOR', 'INSPE-2009-0017'),
(18, '10000018', 'Aicha', 'Karray', '2014-07-15', 'INSPECTOR', 'INSPE-2026-0018'),
(19, '10000019', 'Asma', 'Abid', '2015-08-15', 'INSPECTOR', 'INSPE-2025-0019'),
(20, '10000020', 'Mohamed', 'Ben Ali', '2016-09-15', 'INSPECTOR', 'INSPE-2024-0020'),
(21, '10000021', 'Sami', 'Bouzid', '2017-10-15', 'TEACHER', 'TEACH-2023-0021'),
(22, '10000022', 'Karim', 'Hamdi', '2018-11-15', 'TEACHER', 'TEACH-2022-0022'),
(23, '10000023', 'Hatem', 'Karray', '2019-12-15', 'TEACHER', 'TEACH-2021-0023'),
(24, '10000024', 'Mourad', 'Abid', '2020-01-15', 'TEACHER', 'TEACH-2020-0024'),
(25, '10000025', 'Fatma', 'Ben Ali', '2021-02-15', 'TEACHER', 'TEACH-2019-0025'),
(26, '10000026', 'Sarra', 'Bouzid', '2022-03-15', 'TEACHER', 'TEACH-2018-0026'),
(27, '10000027', 'Rim', 'Hamdi', '2023-04-15', 'TEACHER', 'TEACH-2017-0027'),
(28, '10000028', 'Aicha', 'Karray', '2010-05-15', 'TEACHER', 'TEACH-2016-0028'),
(29, '10000029', 'Asma', 'Abid', '2011-06-15', 'TEACHER', 'TEACH-2015-0029'),
(30, '10000030', 'Mohamed', 'Ben Ali', '2012-07-15', 'TEACHER', 'TEACH-2014-0030'),
(31, '10000031', 'Sami', 'Bouzid', '2013-08-15', 'TEACHER', 'TEACH-2013-0031'),
(32, '10000032', 'Karim', 'Hamdi', '2014-09-15', 'TEACHER', 'TEACH-2012-0032'),
(33, '10000033', 'Hatem', 'Karray', '2015-10-15', 'TEACHER', 'TEACH-2011-0033'),
(34, '10000034', 'Mourad', 'Abid', '2016-11-15', 'TEACHER', 'TEACH-2010-0034'),
(35, '10000035', 'Fatma', 'Ben Ali', '2017-12-15', 'TEACHER', 'TEACH-2009-0035'),
(36, '10000036', 'Sarra', 'Bouzid', '2018-01-15', 'TEACHER', 'TEACH-2026-0036'),
(37, '10000037', 'Rim', 'Hamdi', '2019-02-15', 'TEACHER', 'TEACH-2025-0037'),
(38, '10000038', 'Aicha', 'Karray', '2020-03-15', 'TEACHER', 'TEACH-2024-0038'),
(39, '10000039', 'Asma', 'Abid', '2021-04-15', 'TEACHER', 'TEACH-2023-0039'),
(40, '10000040', 'Mohamed', 'Ben Ali', '2022-05-15', 'TEACHER', 'TEACH-2022-0040'),
(41, '10000041', 'Sami', 'Bouzid', '2023-06-15', 'TEACHER', 'TEACH-2021-0041'),
(42, '10000042', 'Karim', 'Hamdi', '2010-07-15', 'TEACHER', 'TEACH-2020-0042'),
(43, '10000043', 'Hatem', 'Karray', '2011-08-15', 'TEACHER', 'TEACH-2019-0043'),
(44, '10000044', 'Mourad', 'Abid', '2012-09-15', 'TEACHER', 'TEACH-2018-0044'),
(45, '10000045', 'Fatma', 'Ben Ali', '2013-10-15', 'TEACHER', 'TEACH-2017-0045'),
(46, '10000046', 'Sarra', 'Bouzid', '2014-11-15', 'TEACHER', 'TEACH-2016-0046'),
(47, '10000047', 'Rim', 'Hamdi', '2015-12-15', 'TEACHER', 'TEACH-2015-0047'),
(48, '10000048', 'Aicha', 'Karray', '2016-01-15', 'TEACHER', 'TEACH-2014-0048'),
(49, '10000049', 'Asma', 'Abid', '2017-02-15', 'TEACHER', 'TEACH-2013-0049'),
(50, '10000050', 'Mohamed', 'Ben Ali', '2018-03-15', 'TEACHER', 'TEACH-2012-0050'),
(51, '10000051', 'Sami', 'Bouzid', '2019-04-15', 'TEACHER', 'TEACH-2011-0051'),
(52, '10000052', 'Karim', 'Hamdi', '2020-05-15', 'TEACHER', 'TEACH-2010-0052'),
(53, '10000053', 'Hatem', 'Karray', '2021-06-15', 'TEACHER', 'TEACH-2009-0053'),
(54, '10000054', 'Mourad', 'Abid', '2022-07-15', 'TEACHER', 'TEACH-2026-0054'),
(55, '10000055', 'Fatma', 'Ben Ali', '2023-08-15', 'TEACHER', 'TEACH-2025-0055'),
(56, '10000056', 'Sarra', 'Bouzid', '2010-09-15', 'TEACHER', 'TEACH-2024-0056'),
(57, '10000057', 'Rim', 'Hamdi', '2011-10-15', 'TEACHER', 'TEACH-2023-0057'),
(58, '10000058', 'Aicha', 'Karray', '2012-11-15', 'TEACHER', 'TEACH-2022-0058'),
(59, '10000059', 'Asma', 'Abid', '2013-12-15', 'TEACHER', 'TEACH-2021-0059'),
(60, '10000060', 'Mohamed', 'Ben Ali', '2014-01-15', 'TEACHER', 'TEACH-2020-0060'),
(61, '10000061', 'Sami', 'Bouzid', '2015-02-15', 'TEACHER', 'TEACH-2019-0061'),
(62, '10000062', 'Karim', 'Hamdi', '2016-03-15', 'TEACHER', 'TEACH-2018-0062'),
(63, '10000063', 'Hatem', 'Karray', '2017-04-15', 'TEACHER', 'TEACH-2017-0063'),
(64, '10000064', 'Mourad', 'Abid', '2018-05-15', 'TEACHER', 'TEACH-2016-0064'),
(65, '10000065', 'Fatma', 'Ben Ali', '2019-06-15', 'TEACHER', 'TEACH-2015-0065'),
(66, '10000066', 'Sarra', 'Bouzid', '2020-07-15', 'TEACHER', 'TEACH-2014-0066'),
(67, '10000067', 'Rim', 'Hamdi', '2021-08-15', 'TEACHER', 'TEACH-2013-0067'),
(68, '10000068', 'Aicha', 'Karray', '2022-09-15', 'TEACHER', 'TEACH-2012-0068'),
(69, '10000069', 'Asma', 'Abid', '2023-10-15', 'TEACHER', 'TEACH-2011-0069'),
(70, '10000070', 'Mohamed', 'Ben Ali', '2010-11-15', 'TEACHER', 'TEACH-2010-0070'),
(71, '10000071', 'Sami', 'Bouzid', '2011-12-15', 'TEACHER', 'TEACH-2009-0071'),
(72, '10000072', 'Karim', 'Hamdi', '2012-01-15', 'TEACHER', 'TEACH-2026-0072'),
(73, '10000073', 'Hatem', 'Karray', '2013-02-15', 'TEACHER', 'TEACH-2025-0073'),
(74, '10000074', 'Mourad', 'Abid', '2014-03-15', 'TEACHER', 'TEACH-2024-0074'),
(75, '10000075', 'Fatma', 'Ben Ali', '2015-04-15', 'TEACHER', 'TEACH-2023-0075'),
(76, '10000076', 'Sarra', 'Bouzid', '2016-05-15', 'TEACHER', 'TEACH-2022-0076'),
(77, '10000077', 'Rim', 'Hamdi', '2017-06-15', 'TEACHER', 'TEACH-2021-0077'),
(78, '10000078', 'Aicha', 'Karray', '2018-07-15', 'TEACHER', 'TEACH-2020-0078'),
(79, '10000079', 'Asma', 'Abid', '2019-08-15', 'TEACHER', 'TEACH-2019-0079'),
(80, '10000080', 'Mohamed', 'Ben Ali', '2020-09-15', 'TEACHER', 'TEACH-2018-0080'),
(81, '10000081', 'Sami', 'Bouzid', '2021-10-15', 'TEACHER', 'TEACH-2017-0081'),
(82, '10000082', 'Karim', 'Hamdi', '2022-11-15', 'TEACHER', 'TEACH-2016-0082'),
(83, '10000083', 'Hatem', 'Karray', '2023-12-15', 'TEACHER', 'TEACH-2015-0083'),
(84, '10000084', 'Mourad', 'Abid', '2010-01-15', 'TEACHER', 'TEACH-2014-0084'),
(85, '10000085', 'Fatma', 'Ben Ali', '2011-02-15', 'TEACHER', 'TEACH-2013-0085'),
(86, '10000086', 'Sarra', 'Bouzid', '2012-03-15', 'TEACHER', 'TEACH-2012-0086'),
(87, '10000087', 'Rim', 'Hamdi', '2013-04-15', 'TEACHER', 'TEACH-2011-0087'),
(88, '10000088', 'Aicha', 'Karray', '2014-05-15', 'TEACHER', 'TEACH-2010-0088'),
(89, '10000089', 'Asma', 'Abid', '2015-06-15', 'TEACHER', 'TEACH-2009-0089'),
(90, '10000090', 'Mohamed', 'Ben Ali', '2016-07-15', 'TEACHER', 'TEACH-2026-0090'),
(91, '10000091', 'Sami', 'Bouzid', '2017-08-15', 'TEACHER', 'TEACH-2025-0091'),
(92, '10000092', 'Karim', 'Hamdi', '2018-09-15', 'TEACHER', 'TEACH-2024-0092'),
(93, '10000093', 'Hatem', 'Karray', '2019-10-15', 'TEACHER', 'TEACH-2023-0093'),
(94, '10000094', 'Mourad', 'Abid', '2020-11-15', 'TEACHER', 'TEACH-2022-0094'),
(95, '10000095', 'Fatma', 'Ben Ali', '2021-12-15', 'TEACHER', 'TEACH-2021-0095'),
(96, '10000096', 'Sarra', 'Bouzid', '2022-01-15', 'TEACHER', 'TEACH-2020-0096'),
(97, '10000097', 'Rim', 'Hamdi', '2023-02-15', 'TEACHER', 'TEACH-2019-0097'),
(98, '10000098', 'Aicha', 'Karray', '2010-03-15', 'TEACHER', 'TEACH-2018-0098'),
(99, '10000099', 'Asma', 'Abid', '2011-04-15', 'TEACHER', 'TEACH-2017-0099'),
(100, '10000100', 'Mohamed', 'Ben Ali', '2012-05-15', 'TEACHER', 'TEACH-2016-0100');

INSERT INTO users (id, created_at, email, enabled, password, profile_completed, role, serial_code) VALUES

(1, DATE_ADD(NOW(), INTERVAL -219 DAY), 'admin@example.com', 1, '$2a$10$pWUTXsoXtLSdNrCjT64JuOMviCF5i6i7ywRD8OPT7/4C4NxnTeoHK', 1, 'ADMIN', 'ADMIN-2025-0001'),
(2, DATE_ADD(NOW(), INTERVAL -218 DAY), 'karim.hamdi2@inspection.tn', 1, '$2a$10$pWUTXsoXtLSdNrCjT64JuOMviCF5i6i7ywRD8OPT7/4C4NxnTeoHK', 1, 'ADMIN', 'ADMIN-2024-0002'),
(3, DATE_ADD(NOW(), INTERVAL -217 DAY), 'hatem.karray3@inspection.tn', 1, '$2a$10$pWUTXsoXtLSdNrCjT64JuOMviCF5i6i7ywRD8OPT7/4C4NxnTeoHK', 1, 'ADMIN', 'ADMIN-2023-0003'),
(4, DATE_ADD(NOW(), INTERVAL -216 DAY), 'mourad.abid4@inspection.tn', 1, '$2a$10$pWUTXsoXtLSdNrCjT64JuOMviCF5i6i7ywRD8OPT7/4C4NxnTeoHK', 1, 'INSPECTOR', 'INSPE-2022-0004'),
(5, DATE_ADD(NOW(), INTERVAL -215 DAY), 'fatma.ben.ali5@inspection.tn', 1, '$2a$10$pWUTXsoXtLSdNrCjT64JuOMviCF5i6i7ywRD8OPT7/4C4NxnTeoHK', 1, 'INSPECTOR', 'INSPE-2021-0005'),
(6, DATE_ADD(NOW(), INTERVAL -214 DAY), 'sarra.bouzid6@inspection.tn', 1, '$2a$10$pWUTXsoXtLSdNrCjT64JuOMviCF5i6i7ywRD8OPT7/4C4NxnTeoHK', 1, 'INSPECTOR', 'INSPE-2020-0006'),
(7, DATE_ADD(NOW(), INTERVAL -213 DAY), 'rim.hamdi7@inspection.tn', 1, '$2a$10$pWUTXsoXtLSdNrCjT64JuOMviCF5i6i7ywRD8OPT7/4C4NxnTeoHK', 1, 'INSPECTOR', 'INSPE-2019-0007'),
(8, DATE_ADD(NOW(), INTERVAL -212 DAY), 'aicha.karray8@inspection.tn', 1, '$2a$10$pWUTXsoXtLSdNrCjT64JuOMviCF5i6i7ywRD8OPT7/4C4NxnTeoHK', 1, 'INSPECTOR', 'INSPE-2018-0008'),
(9, DATE_ADD(NOW(), INTERVAL -211 DAY), 'asma.abid9@inspection.tn', 1, '$2a$10$pWUTXsoXtLSdNrCjT64JuOMviCF5i6i7ywRD8OPT7/4C4NxnTeoHK', 1, 'INSPECTOR', 'INSPE-2017-0009'),
(10, DATE_ADD(NOW(), INTERVAL -210 DAY), 'mohamed.ben.ali10@inspection.tn', 1, '$2a$10$pWUTXsoXtLSdNrCjT64JuOMviCF5i6i7ywRD8OPT7/4C4NxnTeoHK', 1, 'INSPECTOR', 'INSPE-2016-0010'),
(11, DATE_ADD(NOW(), INTERVAL -209 DAY), 'sami.bouzid11@inspection.tn', 1, '$2a$10$pWUTXsoXtLSdNrCjT64JuOMviCF5i6i7ywRD8OPT7/4C4NxnTeoHK', 1, 'INSPECTOR', 'INSPE-2015-0011'),
(12, DATE_ADD(NOW(), INTERVAL -208 DAY), 'karim.hamdi12@inspection.tn', 1, '$2a$10$pWUTXsoXtLSdNrCjT64JuOMviCF5i6i7ywRD8OPT7/4C4NxnTeoHK', 1, 'INSPECTOR', 'INSPE-2014-0012'),
(13, DATE_ADD(NOW(), INTERVAL -207 DAY), 'hatem.karray13@inspection.tn', 1, '$2a$10$pWUTXsoXtLSdNrCjT64JuOMviCF5i6i7ywRD8OPT7/4C4NxnTeoHK', 1, 'INSPECTOR', 'INSPE-2013-0013'),
(14, DATE_ADD(NOW(), INTERVAL -206 DAY), 'mourad.abid14@inspection.tn', 1, '$2a$10$pWUTXsoXtLSdNrCjT64JuOMviCF5i6i7ywRD8OPT7/4C4NxnTeoHK', 1, 'INSPECTOR', 'INSPE-2012-0014'),
(15, DATE_ADD(NOW(), INTERVAL -205 DAY), 'fatma.ben.ali15@inspection.tn', 1, '$2a$10$pWUTXsoXtLSdNrCjT64JuOMviCF5i6i7ywRD8OPT7/4C4NxnTeoHK', 1, 'INSPECTOR', 'INSPE-2011-0015'),
(16, DATE_ADD(NOW(), INTERVAL -204 DAY), 'sarra.bouzid16@inspection.tn', 1, '$2a$10$pWUTXsoXtLSdNrCjT64JuOMviCF5i6i7ywRD8OPT7/4C4NxnTeoHK', 1, 'INSPECTOR', 'INSPE-2010-0016'),
(17, DATE_ADD(NOW(), INTERVAL -203 DAY), 'rim.hamdi17@inspection.tn', 1, '$2a$10$pWUTXsoXtLSdNrCjT64JuOMviCF5i6i7ywRD8OPT7/4C4NxnTeoHK', 1, 'INSPECTOR', 'INSPE-2009-0017'),
(18, DATE_ADD(NOW(), INTERVAL -202 DAY), 'aicha.karray18@inspection.tn', 1, '$2a$10$pWUTXsoXtLSdNrCjT64JuOMviCF5i6i7ywRD8OPT7/4C4NxnTeoHK', 1, 'INSPECTOR', 'INSPE-2026-0018'),
(19, DATE_ADD(NOW(), INTERVAL -201 DAY), 'asma.abid19@inspection.tn', 1, '$2a$10$pWUTXsoXtLSdNrCjT64JuOMviCF5i6i7ywRD8OPT7/4C4NxnTeoHK', 1, 'INSPECTOR', 'INSPE-2025-0019'),
(20, DATE_ADD(NOW(), INTERVAL -200 DAY), 'mohamed.ben.ali20@inspection.tn', 1, '$2a$10$pWUTXsoXtLSdNrCjT64JuOMviCF5i6i7ywRD8OPT7/4C4NxnTeoHK', 1, 'INSPECTOR', 'INSPE-2024-0020'),
(21, DATE_ADD(NOW(), INTERVAL -199 DAY), 'sami.bouzid21@inspection.tn', 1, '$2a$10$pWUTXsoXtLSdNrCjT64JuOMviCF5i6i7ywRD8OPT7/4C4NxnTeoHK', 1, 'TEACHER', 'TEACH-2023-0021'),
(22, DATE_ADD(NOW(), INTERVAL -198 DAY), 'karim.hamdi22@inspection.tn', 1, '$2a$10$pWUTXsoXtLSdNrCjT64JuOMviCF5i6i7ywRD8OPT7/4C4NxnTeoHK', 1, 'TEACHER', 'TEACH-2022-0022'),
(23, DATE_ADD(NOW(), INTERVAL -197 DAY), 'hatem.karray23@inspection.tn', 1, '$2a$10$pWUTXsoXtLSdNrCjT64JuOMviCF5i6i7ywRD8OPT7/4C4NxnTeoHK', 1, 'TEACHER', 'TEACH-2021-0023'),
(24, DATE_ADD(NOW(), INTERVAL -196 DAY), 'mourad.abid24@inspection.tn', 1, '$2a$10$pWUTXsoXtLSdNrCjT64JuOMviCF5i6i7ywRD8OPT7/4C4NxnTeoHK', 1, 'TEACHER', 'TEACH-2020-0024'),
(25, DATE_ADD(NOW(), INTERVAL -195 DAY), 'fatma.ben.ali25@inspection.tn', 1, '$2a$10$pWUTXsoXtLSdNrCjT64JuOMviCF5i6i7ywRD8OPT7/4C4NxnTeoHK', 1, 'TEACHER', 'TEACH-2019-0025'),
(26, DATE_ADD(NOW(), INTERVAL -194 DAY), 'sarra.bouzid26@inspection.tn', 1, '$2a$10$pWUTXsoXtLSdNrCjT64JuOMviCF5i6i7ywRD8OPT7/4C4NxnTeoHK', 1, 'TEACHER', 'TEACH-2018-0026'),
(27, DATE_ADD(NOW(), INTERVAL -193 DAY), 'rim.hamdi27@inspection.tn', 1, '$2a$10$pWUTXsoXtLSdNrCjT64JuOMviCF5i6i7ywRD8OPT7/4C4NxnTeoHK', 1, 'TEACHER', 'TEACH-2017-0027'),
(28, DATE_ADD(NOW(), INTERVAL -192 DAY), 'aicha.karray28@inspection.tn', 1, '$2a$10$pWUTXsoXtLSdNrCjT64JuOMviCF5i6i7ywRD8OPT7/4C4NxnTeoHK', 1, 'TEACHER', 'TEACH-2016-0028'),
(29, DATE_ADD(NOW(), INTERVAL -191 DAY), 'asma.abid29@inspection.tn', 1, '$2a$10$pWUTXsoXtLSdNrCjT64JuOMviCF5i6i7ywRD8OPT7/4C4NxnTeoHK', 1, 'TEACHER', 'TEACH-2015-0029'),
(30, DATE_ADD(NOW(), INTERVAL -190 DAY), 'mohamed.ben.ali30@inspection.tn', 1, '$2a$10$pWUTXsoXtLSdNrCjT64JuOMviCF5i6i7ywRD8OPT7/4C4NxnTeoHK', 1, 'TEACHER', 'TEACH-2014-0030'),
(31, DATE_ADD(NOW(), INTERVAL -189 DAY), 'sami.bouzid31@inspection.tn', 1, '$2a$10$pWUTXsoXtLSdNrCjT64JuOMviCF5i6i7ywRD8OPT7/4C4NxnTeoHK', 1, 'TEACHER', 'TEACH-2013-0031'),
(32, DATE_ADD(NOW(), INTERVAL -188 DAY), 'karim.hamdi32@inspection.tn', 1, '$2a$10$pWUTXsoXtLSdNrCjT64JuOMviCF5i6i7ywRD8OPT7/4C4NxnTeoHK', 1, 'TEACHER', 'TEACH-2012-0032'),
(33, DATE_ADD(NOW(), INTERVAL -187 DAY), 'hatem.karray33@inspection.tn', 1, '$2a$10$pWUTXsoXtLSdNrCjT64JuOMviCF5i6i7ywRD8OPT7/4C4NxnTeoHK', 1, 'TEACHER', 'TEACH-2011-0033'),
(34, DATE_ADD(NOW(), INTERVAL -186 DAY), 'mourad.abid34@inspection.tn', 1, '$2a$10$pWUTXsoXtLSdNrCjT64JuOMviCF5i6i7ywRD8OPT7/4C4NxnTeoHK', 1, 'TEACHER', 'TEACH-2010-0034'),
(35, DATE_ADD(NOW(), INTERVAL -185 DAY), 'fatma.ben.ali35@inspection.tn', 1, '$2a$10$pWUTXsoXtLSdNrCjT64JuOMviCF5i6i7ywRD8OPT7/4C4NxnTeoHK', 1, 'TEACHER', 'TEACH-2009-0035'),
(36, DATE_ADD(NOW(), INTERVAL -184 DAY), 'sarra.bouzid36@inspection.tn', 1, '$2a$10$pWUTXsoXtLSdNrCjT64JuOMviCF5i6i7ywRD8OPT7/4C4NxnTeoHK', 1, 'TEACHER', 'TEACH-2026-0036'),
(37, DATE_ADD(NOW(), INTERVAL -183 DAY), 'rim.hamdi37@inspection.tn', 1, '$2a$10$pWUTXsoXtLSdNrCjT64JuOMviCF5i6i7ywRD8OPT7/4C4NxnTeoHK', 1, 'TEACHER', 'TEACH-2025-0037'),
(38, DATE_ADD(NOW(), INTERVAL -182 DAY), 'aicha.karray38@inspection.tn', 1, '$2a$10$pWUTXsoXtLSdNrCjT64JuOMviCF5i6i7ywRD8OPT7/4C4NxnTeoHK', 1, 'TEACHER', 'TEACH-2024-0038'),
(39, DATE_ADD(NOW(), INTERVAL -181 DAY), 'asma.abid39@inspection.tn', 1, '$2a$10$pWUTXsoXtLSdNrCjT64JuOMviCF5i6i7ywRD8OPT7/4C4NxnTeoHK', 1, 'TEACHER', 'TEACH-2023-0039'),
(40, DATE_ADD(NOW(), INTERVAL -180 DAY), 'mohamed.ben.ali40@inspection.tn', 1, '$2a$10$pWUTXsoXtLSdNrCjT64JuOMviCF5i6i7ywRD8OPT7/4C4NxnTeoHK', 1, 'TEACHER', 'TEACH-2022-0040'),
(41, DATE_ADD(NOW(), INTERVAL -179 DAY), 'sami.bouzid41@inspection.tn', 1, '$2a$10$pWUTXsoXtLSdNrCjT64JuOMviCF5i6i7ywRD8OPT7/4C4NxnTeoHK', 1, 'TEACHER', 'TEACH-2021-0041'),
(42, DATE_ADD(NOW(), INTERVAL -178 DAY), 'karim.hamdi42@inspection.tn', 1, '$2a$10$pWUTXsoXtLSdNrCjT64JuOMviCF5i6i7ywRD8OPT7/4C4NxnTeoHK', 1, 'TEACHER', 'TEACH-2020-0042'),
(43, DATE_ADD(NOW(), INTERVAL -177 DAY), 'hatem.karray43@inspection.tn', 1, '$2a$10$pWUTXsoXtLSdNrCjT64JuOMviCF5i6i7ywRD8OPT7/4C4NxnTeoHK', 1, 'TEACHER', 'TEACH-2019-0043'),
(44, DATE_ADD(NOW(), INTERVAL -176 DAY), 'mourad.abid44@inspection.tn', 1, '$2a$10$pWUTXsoXtLSdNrCjT64JuOMviCF5i6i7ywRD8OPT7/4C4NxnTeoHK', 1, 'TEACHER', 'TEACH-2018-0044'),
(45, DATE_ADD(NOW(), INTERVAL -175 DAY), 'fatma.ben.ali45@inspection.tn', 1, '$2a$10$pWUTXsoXtLSdNrCjT64JuOMviCF5i6i7ywRD8OPT7/4C4NxnTeoHK', 1, 'TEACHER', 'TEACH-2017-0045'),
(46, DATE_ADD(NOW(), INTERVAL -174 DAY), 'sarra.bouzid46@inspection.tn', 1, '$2a$10$pWUTXsoXtLSdNrCjT64JuOMviCF5i6i7ywRD8OPT7/4C4NxnTeoHK', 1, 'TEACHER', 'TEACH-2016-0046'),
(47, DATE_ADD(NOW(), INTERVAL -173 DAY), 'rim.hamdi47@inspection.tn', 1, '$2a$10$pWUTXsoXtLSdNrCjT64JuOMviCF5i6i7ywRD8OPT7/4C4NxnTeoHK', 1, 'TEACHER', 'TEACH-2015-0047'),
(48, DATE_ADD(NOW(), INTERVAL -172 DAY), 'aicha.karray48@inspection.tn', 1, '$2a$10$pWUTXsoXtLSdNrCjT64JuOMviCF5i6i7ywRD8OPT7/4C4NxnTeoHK', 1, 'TEACHER', 'TEACH-2014-0048'),
(49, DATE_ADD(NOW(), INTERVAL -171 DAY), 'asma.abid49@inspection.tn', 1, '$2a$10$pWUTXsoXtLSdNrCjT64JuOMviCF5i6i7ywRD8OPT7/4C4NxnTeoHK', 1, 'TEACHER', 'TEACH-2013-0049'),
(50, DATE_ADD(NOW(), INTERVAL -170 DAY), 'mohamed.ben.ali50@inspection.tn', 1, '$2a$10$pWUTXsoXtLSdNrCjT64JuOMviCF5i6i7ywRD8OPT7/4C4NxnTeoHK', 1, 'TEACHER', 'TEACH-2012-0050'),
(51, DATE_ADD(NOW(), INTERVAL -169 DAY), 'sami.bouzid51@inspection.tn', 1, '$2a$10$pWUTXsoXtLSdNrCjT64JuOMviCF5i6i7ywRD8OPT7/4C4NxnTeoHK', 1, 'TEACHER', 'TEACH-2011-0051'),
(52, DATE_ADD(NOW(), INTERVAL -168 DAY), 'karim.hamdi52@inspection.tn', 1, '$2a$10$pWUTXsoXtLSdNrCjT64JuOMviCF5i6i7ywRD8OPT7/4C4NxnTeoHK', 1, 'TEACHER', 'TEACH-2010-0052'),
(53, DATE_ADD(NOW(), INTERVAL -167 DAY), 'hatem.karray53@inspection.tn', 1, '$2a$10$pWUTXsoXtLSdNrCjT64JuOMviCF5i6i7ywRD8OPT7/4C4NxnTeoHK', 1, 'TEACHER', 'TEACH-2009-0053'),
(54, DATE_ADD(NOW(), INTERVAL -166 DAY), 'mourad.abid54@inspection.tn', 1, '$2a$10$pWUTXsoXtLSdNrCjT64JuOMviCF5i6i7ywRD8OPT7/4C4NxnTeoHK', 1, 'TEACHER', 'TEACH-2026-0054'),
(55, DATE_ADD(NOW(), INTERVAL -165 DAY), 'fatma.ben.ali55@inspection.tn', 1, '$2a$10$pWUTXsoXtLSdNrCjT64JuOMviCF5i6i7ywRD8OPT7/4C4NxnTeoHK', 1, 'TEACHER', 'TEACH-2025-0055'),
(56, DATE_ADD(NOW(), INTERVAL -164 DAY), 'sarra.bouzid56@inspection.tn', 1, '$2a$10$pWUTXsoXtLSdNrCjT64JuOMviCF5i6i7ywRD8OPT7/4C4NxnTeoHK', 1, 'TEACHER', 'TEACH-2024-0056'),
(57, DATE_ADD(NOW(), INTERVAL -163 DAY), 'rim.hamdi57@inspection.tn', 1, '$2a$10$pWUTXsoXtLSdNrCjT64JuOMviCF5i6i7ywRD8OPT7/4C4NxnTeoHK', 1, 'TEACHER', 'TEACH-2023-0057'),
(58, DATE_ADD(NOW(), INTERVAL -162 DAY), 'aicha.karray58@inspection.tn', 1, '$2a$10$pWUTXsoXtLSdNrCjT64JuOMviCF5i6i7ywRD8OPT7/4C4NxnTeoHK', 1, 'TEACHER', 'TEACH-2022-0058'),
(59, DATE_ADD(NOW(), INTERVAL -161 DAY), 'asma.abid59@inspection.tn', 1, '$2a$10$pWUTXsoXtLSdNrCjT64JuOMviCF5i6i7ywRD8OPT7/4C4NxnTeoHK', 1, 'TEACHER', 'TEACH-2021-0059'),
(60, DATE_ADD(NOW(), INTERVAL -160 DAY), 'mohamed.ben.ali60@inspection.tn', 1, '$2a$10$pWUTXsoXtLSdNrCjT64JuOMviCF5i6i7ywRD8OPT7/4C4NxnTeoHK', 1, 'TEACHER', 'TEACH-2020-0060'),
(61, DATE_ADD(NOW(), INTERVAL -159 DAY), 'sami.bouzid61@inspection.tn', 1, '$2a$10$pWUTXsoXtLSdNrCjT64JuOMviCF5i6i7ywRD8OPT7/4C4NxnTeoHK', 1, 'TEACHER', 'TEACH-2019-0061'),
(62, DATE_ADD(NOW(), INTERVAL -158 DAY), 'karim.hamdi62@inspection.tn', 1, '$2a$10$pWUTXsoXtLSdNrCjT64JuOMviCF5i6i7ywRD8OPT7/4C4NxnTeoHK', 1, 'TEACHER', 'TEACH-2018-0062'),
(63, DATE_ADD(NOW(), INTERVAL -157 DAY), 'hatem.karray63@inspection.tn', 1, '$2a$10$pWUTXsoXtLSdNrCjT64JuOMviCF5i6i7ywRD8OPT7/4C4NxnTeoHK', 1, 'TEACHER', 'TEACH-2017-0063'),
(64, DATE_ADD(NOW(), INTERVAL -156 DAY), 'mourad.abid64@inspection.tn', 1, '$2a$10$pWUTXsoXtLSdNrCjT64JuOMviCF5i6i7ywRD8OPT7/4C4NxnTeoHK', 1, 'TEACHER', 'TEACH-2016-0064'),
(65, DATE_ADD(NOW(), INTERVAL -155 DAY), 'fatma.ben.ali65@inspection.tn', 1, '$2a$10$pWUTXsoXtLSdNrCjT64JuOMviCF5i6i7ywRD8OPT7/4C4NxnTeoHK', 1, 'TEACHER', 'TEACH-2015-0065'),
(66, DATE_ADD(NOW(), INTERVAL -154 DAY), 'sarra.bouzid66@inspection.tn', 1, '$2a$10$pWUTXsoXtLSdNrCjT64JuOMviCF5i6i7ywRD8OPT7/4C4NxnTeoHK', 1, 'TEACHER', 'TEACH-2014-0066'),
(67, DATE_ADD(NOW(), INTERVAL -153 DAY), 'rim.hamdi67@inspection.tn', 1, '$2a$10$pWUTXsoXtLSdNrCjT64JuOMviCF5i6i7ywRD8OPT7/4C4NxnTeoHK', 1, 'TEACHER', 'TEACH-2013-0067'),
(68, DATE_ADD(NOW(), INTERVAL -152 DAY), 'aicha.karray68@inspection.tn', 1, '$2a$10$pWUTXsoXtLSdNrCjT64JuOMviCF5i6i7ywRD8OPT7/4C4NxnTeoHK', 1, 'TEACHER', 'TEACH-2012-0068'),
(69, DATE_ADD(NOW(), INTERVAL -151 DAY), 'asma.abid69@inspection.tn', 1, '$2a$10$pWUTXsoXtLSdNrCjT64JuOMviCF5i6i7ywRD8OPT7/4C4NxnTeoHK', 1, 'TEACHER', 'TEACH-2011-0069'),
(70, DATE_ADD(NOW(), INTERVAL -150 DAY), 'mohamed.ben.ali70@inspection.tn', 1, '$2a$10$pWUTXsoXtLSdNrCjT64JuOMviCF5i6i7ywRD8OPT7/4C4NxnTeoHK', 1, 'TEACHER', 'TEACH-2010-0070'),
(71, DATE_ADD(NOW(), INTERVAL -149 DAY), 'sami.bouzid71@inspection.tn', 1, '$2a$10$pWUTXsoXtLSdNrCjT64JuOMviCF5i6i7ywRD8OPT7/4C4NxnTeoHK', 1, 'TEACHER', 'TEACH-2009-0071'),
(72, DATE_ADD(NOW(), INTERVAL -148 DAY), 'karim.hamdi72@inspection.tn', 1, '$2a$10$pWUTXsoXtLSdNrCjT64JuOMviCF5i6i7ywRD8OPT7/4C4NxnTeoHK', 1, 'TEACHER', 'TEACH-2026-0072'),
(73, DATE_ADD(NOW(), INTERVAL -147 DAY), 'hatem.karray73@inspection.tn', 1, '$2a$10$pWUTXsoXtLSdNrCjT64JuOMviCF5i6i7ywRD8OPT7/4C4NxnTeoHK', 1, 'TEACHER', 'TEACH-2025-0073'),
(74, DATE_ADD(NOW(), INTERVAL -146 DAY), 'mourad.abid74@inspection.tn', 1, '$2a$10$pWUTXsoXtLSdNrCjT64JuOMviCF5i6i7ywRD8OPT7/4C4NxnTeoHK', 1, 'TEACHER', 'TEACH-2024-0074'),
(75, DATE_ADD(NOW(), INTERVAL -145 DAY), 'fatma.ben.ali75@inspection.tn', 1, '$2a$10$pWUTXsoXtLSdNrCjT64JuOMviCF5i6i7ywRD8OPT7/4C4NxnTeoHK', 1, 'TEACHER', 'TEACH-2023-0075'),
(76, DATE_ADD(NOW(), INTERVAL -144 DAY), 'sarra.bouzid76@inspection.tn', 1, '$2a$10$pWUTXsoXtLSdNrCjT64JuOMviCF5i6i7ywRD8OPT7/4C4NxnTeoHK', 1, 'TEACHER', 'TEACH-2022-0076'),
(77, DATE_ADD(NOW(), INTERVAL -143 DAY), 'rim.hamdi77@inspection.tn', 1, '$2a$10$pWUTXsoXtLSdNrCjT64JuOMviCF5i6i7ywRD8OPT7/4C4NxnTeoHK', 1, 'TEACHER', 'TEACH-2021-0077'),
(78, DATE_ADD(NOW(), INTERVAL -142 DAY), 'aicha.karray78@inspection.tn', 1, '$2a$10$pWUTXsoXtLSdNrCjT64JuOMviCF5i6i7ywRD8OPT7/4C4NxnTeoHK', 1, 'TEACHER', 'TEACH-2020-0078'),
(79, DATE_ADD(NOW(), INTERVAL -141 DAY), 'asma.abid79@inspection.tn', 1, '$2a$10$pWUTXsoXtLSdNrCjT64JuOMviCF5i6i7ywRD8OPT7/4C4NxnTeoHK', 1, 'TEACHER', 'TEACH-2019-0079'),
(80, DATE_ADD(NOW(), INTERVAL -140 DAY), 'mohamed.ben.ali80@inspection.tn', 1, '$2a$10$pWUTXsoXtLSdNrCjT64JuOMviCF5i6i7ywRD8OPT7/4C4NxnTeoHK', 1, 'TEACHER', 'TEACH-2018-0080'),
(81, DATE_ADD(NOW(), INTERVAL -139 DAY), 'sami.bouzid81@inspection.tn', 1, '$2a$10$pWUTXsoXtLSdNrCjT64JuOMviCF5i6i7ywRD8OPT7/4C4NxnTeoHK', 1, 'TEACHER', 'TEACH-2017-0081'),
(82, DATE_ADD(NOW(), INTERVAL -138 DAY), 'karim.hamdi82@inspection.tn', 1, '$2a$10$pWUTXsoXtLSdNrCjT64JuOMviCF5i6i7ywRD8OPT7/4C4NxnTeoHK', 1, 'TEACHER', 'TEACH-2016-0082'),
(83, DATE_ADD(NOW(), INTERVAL -137 DAY), 'hatem.karray83@inspection.tn', 1, '$2a$10$pWUTXsoXtLSdNrCjT64JuOMviCF5i6i7ywRD8OPT7/4C4NxnTeoHK', 1, 'TEACHER', 'TEACH-2015-0083'),
(84, DATE_ADD(NOW(), INTERVAL -136 DAY), 'mourad.abid84@inspection.tn', 1, '$2a$10$pWUTXsoXtLSdNrCjT64JuOMviCF5i6i7ywRD8OPT7/4C4NxnTeoHK', 1, 'TEACHER', 'TEACH-2014-0084'),
(85, DATE_ADD(NOW(), INTERVAL -135 DAY), 'fatma.ben.ali85@inspection.tn', 1, '$2a$10$pWUTXsoXtLSdNrCjT64JuOMviCF5i6i7ywRD8OPT7/4C4NxnTeoHK', 1, 'TEACHER', 'TEACH-2013-0085'),
(86, DATE_ADD(NOW(), INTERVAL -134 DAY), 'sarra.bouzid86@inspection.tn', 1, '$2a$10$pWUTXsoXtLSdNrCjT64JuOMviCF5i6i7ywRD8OPT7/4C4NxnTeoHK', 1, 'TEACHER', 'TEACH-2012-0086'),
(87, DATE_ADD(NOW(), INTERVAL -133 DAY), 'rim.hamdi87@inspection.tn', 1, '$2a$10$pWUTXsoXtLSdNrCjT64JuOMviCF5i6i7ywRD8OPT7/4C4NxnTeoHK', 1, 'TEACHER', 'TEACH-2011-0087'),
(88, DATE_ADD(NOW(), INTERVAL -132 DAY), 'aicha.karray88@inspection.tn', 1, '$2a$10$pWUTXsoXtLSdNrCjT64JuOMviCF5i6i7ywRD8OPT7/4C4NxnTeoHK', 1, 'TEACHER', 'TEACH-2010-0088'),
(89, DATE_ADD(NOW(), INTERVAL -131 DAY), 'asma.abid89@inspection.tn', 1, '$2a$10$pWUTXsoXtLSdNrCjT64JuOMviCF5i6i7ywRD8OPT7/4C4NxnTeoHK', 1, 'TEACHER', 'TEACH-2009-0089'),
(90, DATE_ADD(NOW(), INTERVAL -130 DAY), 'mohamed.ben.ali90@inspection.tn', 1, '$2a$10$pWUTXsoXtLSdNrCjT64JuOMviCF5i6i7ywRD8OPT7/4C4NxnTeoHK', 1, 'TEACHER', 'TEACH-2026-0090'),
(91, DATE_ADD(NOW(), INTERVAL -129 DAY), 'sami.bouzid91@inspection.tn', 1, '$2a$10$pWUTXsoXtLSdNrCjT64JuOMviCF5i6i7ywRD8OPT7/4C4NxnTeoHK', 1, 'TEACHER', 'TEACH-2025-0091'),
(92, DATE_ADD(NOW(), INTERVAL -128 DAY), 'karim.hamdi92@inspection.tn', 1, '$2a$10$pWUTXsoXtLSdNrCjT64JuOMviCF5i6i7ywRD8OPT7/4C4NxnTeoHK', 1, 'TEACHER', 'TEACH-2024-0092'),
(93, DATE_ADD(NOW(), INTERVAL -127 DAY), 'hatem.karray93@inspection.tn', 1, '$2a$10$pWUTXsoXtLSdNrCjT64JuOMviCF5i6i7ywRD8OPT7/4C4NxnTeoHK', 1, 'TEACHER', 'TEACH-2023-0093'),
(94, DATE_ADD(NOW(), INTERVAL -126 DAY), 'mourad.abid94@inspection.tn', 1, '$2a$10$pWUTXsoXtLSdNrCjT64JuOMviCF5i6i7ywRD8OPT7/4C4NxnTeoHK', 1, 'TEACHER', 'TEACH-2022-0094'),
(95, DATE_ADD(NOW(), INTERVAL -125 DAY), 'fatma.ben.ali95@inspection.tn', 1, '$2a$10$pWUTXsoXtLSdNrCjT64JuOMviCF5i6i7ywRD8OPT7/4C4NxnTeoHK', 1, 'TEACHER', 'TEACH-2021-0095'),
(96, DATE_ADD(NOW(), INTERVAL -124 DAY), 'sarra.bouzid96@inspection.tn', 1, '$2a$10$pWUTXsoXtLSdNrCjT64JuOMviCF5i6i7ywRD8OPT7/4C4NxnTeoHK', 1, 'TEACHER', 'TEACH-2020-0096'),
(97, DATE_ADD(NOW(), INTERVAL -123 DAY), 'rim.hamdi97@inspection.tn', 1, '$2a$10$pWUTXsoXtLSdNrCjT64JuOMviCF5i6i7ywRD8OPT7/4C4NxnTeoHK', 1, 'TEACHER', 'TEACH-2019-0097'),
(98, DATE_ADD(NOW(), INTERVAL -122 DAY), 'aicha.karray98@inspection.tn', 1, '$2a$10$pWUTXsoXtLSdNrCjT64JuOMviCF5i6i7ywRD8OPT7/4C4NxnTeoHK', 1, 'TEACHER', 'TEACH-2018-0098'),
(99, DATE_ADD(NOW(), INTERVAL -121 DAY), 'asma.abid99@inspection.tn', 1, '$2a$10$pWUTXsoXtLSdNrCjT64JuOMviCF5i6i7ywRD8OPT7/4C4NxnTeoHK', 1, 'TEACHER', 'TEACH-2017-0099'),
(100, DATE_ADD(NOW(), INTERVAL -120 DAY), 'mohamed.ben.ali100@inspection.tn', 1, '$2a$10$pWUTXsoXtLSdNrCjT64JuOMviCF5i6i7ywRD8OPT7/4C4NxnTeoHK', 1, 'TEACHER', 'TEACH-2016-0100');

INSERT INTO inspector_profiles (id, first_name, last_name, rank, subject, school_level, phone, language, user_id) VALUES

(1, 'Mourad', 'Abid', 'INSPECTOR', 'ARABIC', 'PRIMARY', '+216 20 100000', 'ar', 4),
(2, 'Fatma', 'Ben Ali', 'INSPECTOR_PRINCIPAL', 'FRENCH', 'PREPARATORY', '+216 21 100137', 'fr', 5),
(3, 'Sarra', 'Bouzid', 'INSPECTOR_REGIONAL', 'ENGLISH', 'SECONDARY', '+216 22 100274', 'ar', 6),
(4, 'Rim', 'Hamdi', 'INSPECTOR_GENERAL', 'MATH', 'PRIMARY', '+216 23 100411', 'fr', 7),
(5, 'Aicha', 'Karray', 'INSPECTOR', 'PHYSICS', 'PREPARATORY', '+216 24 100548', 'ar', 8),
(6, 'Asma', 'Abid', 'INSPECTOR_PRINCIPAL', 'CHEMISTRY', 'SECONDARY', '+216 25 100685', 'fr', 9),
(7, 'Mohamed', 'Ben Ali', 'INSPECTOR_REGIONAL', 'BIOLOGY', 'PRIMARY', '+216 26 100822', 'ar', 10),
(8, 'Sami', 'Bouzid', 'INSPECTOR_GENERAL', 'HISTORY_GEOGRAPHY', 'PREPARATORY', '+216 27 100959', 'fr', 11),
(9, 'Karim', 'Hamdi', 'INSPECTOR', 'PHILOSOPHY', 'SECONDARY', '+216 20 101096', 'ar', 12),
(10, 'Hatem', 'Karray', 'INSPECTOR_PRINCIPAL', 'ISLAMIC_STUDIES', 'PRIMARY', '+216 21 101233', 'fr', 13),
(11, 'Mourad', 'Abid', 'INSPECTOR_REGIONAL', 'PHYSICAL_EDUCATION', 'PREPARATORY', '+216 22 101370', 'ar', 14),
(12, 'Fatma', 'Ben Ali', 'INSPECTOR_GENERAL', 'COMPUTER_SCIENCE', 'SECONDARY', '+216 23 101507', 'fr', 15),
(13, 'Sarra', 'Bouzid', 'INSPECTOR', 'ECONOMICS', 'PRIMARY', '+216 24 101644', 'ar', 16),
(14, 'Rim', 'Hamdi', 'INSPECTOR_PRINCIPAL', 'ARTS', 'PREPARATORY', '+216 25 101781', 'fr', 17),
(15, 'Aicha', 'Karray', 'INSPECTOR_REGIONAL', 'MUSIC', 'SECONDARY', '+216 26 101918', 'ar', 18),
(16, 'Asma', 'Abid', 'INSPECTOR_GENERAL', 'ARABIC', 'PRIMARY', '+216 27 102055', 'fr', 19),
(17, 'Mohamed', 'Ben Ali', 'INSPECTOR', 'FRENCH', 'PREPARATORY', '+216 20 102192', 'ar', 20);

INSERT INTO teacher_profiles (id, first_name, last_name, subject, phone, language, delegation_id, dependency_id, etablissement_id, user_id) VALUES

(1, 'Sami', 'Bouzid', 'ARABIC', '+216 50 200000', 'fr', 1, 1, 1, 21),
(2, 'Karim', 'Hamdi', 'FRENCH', '+216 51 200211', 'ar', 2, 4, 6, 22),
(3, 'Hatem', 'Karray', 'ENGLISH', '+216 52 200422', 'fr', 3, 5, 11, 23),
(4, 'Mourad', 'Abid', 'MATH', '+216 53 200633', 'ar', 4, 8, 16, 24),
(5, 'Fatma', 'Ben Ali', 'PHYSICS', '+216 54 200844', 'fr', 5, 9, 17, 25),
(6, 'Sarra', 'Bouzid', 'CHEMISTRY', '+216 55 201055', 'ar', 6, 12, 22, 26),
(7, 'Rim', 'Hamdi', 'BIOLOGY', '+216 56 201266', 'fr', 7, 13, 27, 27),
(8, 'Aicha', 'Karray', 'HISTORY_GEOGRAPHY', '+216 57 201477', 'ar', 8, 16, 32, 28),
(9, 'Asma', 'Abid', 'PHILOSOPHY', '+216 50 201688', 'fr', 9, 17, 33, 29),
(10, 'Mohamed', 'Ben Ali', 'ISLAMIC_STUDIES', '+216 51 201899', 'ar', 10, 20, 38, 30),
(11, 'Sami', 'Bouzid', 'PHYSICAL_EDUCATION', '+216 52 202110', 'fr', 11, 21, 43, 31),
(12, 'Karim', 'Hamdi', 'COMPUTER_SCIENCE', '+216 53 202321', 'ar', 12, 24, 48, 32),
(13, 'Hatem', 'Karray', 'ECONOMICS', '+216 54 202532', 'fr', 13, 25, 49, 33),
(14, 'Mourad', 'Abid', 'ARTS', '+216 55 202743', 'ar', 14, 28, 54, 34),
(15, 'Fatma', 'Ben Ali', 'MUSIC', '+216 56 202954', 'fr', 15, 29, 59, 35),
(16, 'Sarra', 'Bouzid', 'ARABIC', '+216 57 203165', 'ar', 16, 32, 64, 36),
(17, 'Rim', 'Hamdi', 'FRENCH', '+216 50 203376', 'fr', 17, 33, 65, 37),
(18, 'Aicha', 'Karray', 'ENGLISH', '+216 51 203587', 'ar', 18, 36, 70, 38),
(19, 'Asma', 'Abid', 'MATH', '+216 52 203798', 'fr', 19, 37, 75, 39),
(20, 'Mohamed', 'Ben Ali', 'PHYSICS', '+216 53 204009', 'ar', 20, 40, 80, 40),
(21, 'Sami', 'Bouzid', 'CHEMISTRY', '+216 54 204220', 'fr', 21, 41, 81, 41),
(22, 'Karim', 'Hamdi', 'BIOLOGY', '+216 55 204431', 'ar', 22, 44, 86, 42),
(23, 'Hatem', 'Karray', 'HISTORY_GEOGRAPHY', '+216 56 204642', 'fr', 23, 45, 91, 43),
(24, 'Mourad', 'Abid', 'PHILOSOPHY', '+216 57 204853', 'ar', 24, 48, 96, 44),
(25, 'Fatma', 'Ben Ali', 'ISLAMIC_STUDIES', '+216 50 205064', 'fr', 25, 49, 97, 45),
(26, 'Sarra', 'Bouzid', 'PHYSICAL_EDUCATION', '+216 51 205275', 'ar', 26, 52, 102, 46),
(27, 'Rim', 'Hamdi', 'COMPUTER_SCIENCE', '+216 52 205486', 'fr', 27, 53, 107, 47),
(28, 'Aicha', 'Karray', 'ECONOMICS', '+216 53 205697', 'ar', 28, 56, 112, 48),
(29, 'Asma', 'Abid', 'ARTS', '+216 54 205908', 'fr', 29, 57, 113, 49),
(30, 'Mohamed', 'Ben Ali', 'MUSIC', '+216 55 206119', 'ar', 30, 60, 118, 50),
(31, 'Sami', 'Bouzid', 'ARABIC', '+216 56 206330', 'fr', 31, 61, 123, 51),
(32, 'Karim', 'Hamdi', 'FRENCH', '+216 57 206541', 'ar', 32, 64, 128, 52),
(33, 'Hatem', 'Karray', 'ENGLISH', '+216 50 206752', 'fr', 33, 65, 129, 53),
(34, 'Mourad', 'Abid', 'MATH', '+216 51 206963', 'ar', 34, 68, 134, 54),
(35, 'Fatma', 'Ben Ali', 'PHYSICS', '+216 52 207174', 'fr', 35, 69, 139, 55),
(36, 'Sarra', 'Bouzid', 'CHEMISTRY', '+216 53 207385', 'ar', 36, 72, 144, 56),
(37, 'Rim', 'Hamdi', 'BIOLOGY', '+216 54 207596', 'fr', 37, 73, 145, 57),
(38, 'Aicha', 'Karray', 'HISTORY_GEOGRAPHY', '+216 55 207807', 'ar', 38, 76, 150, 58),
(39, 'Asma', 'Abid', 'PHILOSOPHY', '+216 56 208018', 'fr', 39, 77, 155, 59),
(40, 'Mohamed', 'Ben Ali', 'ISLAMIC_STUDIES', '+216 57 208229', 'ar', 40, 80, 160, 60),
(41, 'Sami', 'Bouzid', 'PHYSICAL_EDUCATION', '+216 50 208440', 'fr', 41, 81, 161, 61),
(42, 'Karim', 'Hamdi', 'COMPUTER_SCIENCE', '+216 51 208651', 'ar', 42, 84, 166, 62),
(43, 'Hatem', 'Karray', 'ECONOMICS', '+216 52 208862', 'fr', 43, 85, 171, 63),
(44, 'Mourad', 'Abid', 'ARTS', '+216 53 209073', 'ar', 44, 88, 176, 64),
(45, 'Fatma', 'Ben Ali', 'MUSIC', '+216 54 209284', 'fr', 45, 89, 177, 65),
(46, 'Sarra', 'Bouzid', 'ARABIC', '+216 55 209495', 'ar', 46, 92, 182, 66),
(47, 'Rim', 'Hamdi', 'FRENCH', '+216 56 209706', 'fr', 47, 93, 187, 67),
(48, 'Aicha', 'Karray', 'ENGLISH', '+216 57 209917', 'ar', 48, 96, 192, 68),
(49, 'Asma', 'Abid', 'MATH', '+216 50 210128', 'fr', 49, 97, 193, 69),
(50, 'Mohamed', 'Ben Ali', 'PHYSICS', '+216 51 210339', 'ar', 50, 100, 198, 70),
(51, 'Sami', 'Bouzid', 'CHEMISTRY', '+216 52 210550', 'fr', 51, 101, 203, 71),
(52, 'Karim', 'Hamdi', 'BIOLOGY', '+216 53 210761', 'ar', 52, 104, 208, 72),
(53, 'Hatem', 'Karray', 'HISTORY_GEOGRAPHY', '+216 54 210972', 'fr', 53, 105, 209, 73),
(54, 'Mourad', 'Abid', 'PHILOSOPHY', '+216 55 211183', 'ar', 54, 108, 214, 74),
(55, 'Fatma', 'Ben Ali', 'ISLAMIC_STUDIES', '+216 56 211394', 'fr', 55, 109, 219, 75),
(56, 'Sarra', 'Bouzid', 'PHYSICAL_EDUCATION', '+216 57 211605', 'ar', 56, 112, 224, 76),
(57, 'Rim', 'Hamdi', 'COMPUTER_SCIENCE', '+216 50 211816', 'fr', 57, 113, 225, 77),
(58, 'Aicha', 'Karray', 'ECONOMICS', '+216 51 212027', 'ar', 58, 116, 230, 78),
(59, 'Asma', 'Abid', 'ARTS', '+216 52 212238', 'fr', 59, 117, 235, 79),
(60, 'Mohamed', 'Ben Ali', 'MUSIC', '+216 53 212449', 'ar', 60, 120, 240, 80),
(61, 'Sami', 'Bouzid', 'ARABIC', '+216 54 212660', 'fr', 61, 121, 241, 81),
(62, 'Karim', 'Hamdi', 'FRENCH', '+216 55 212871', 'ar', 62, 124, 246, 82),
(63, 'Hatem', 'Karray', 'ENGLISH', '+216 56 213082', 'fr', 63, 125, 251, 83),
(64, 'Mourad', 'Abid', 'MATH', '+216 57 213293', 'ar', 64, 128, 256, 84),
(65, 'Fatma', 'Ben Ali', 'PHYSICS', '+216 50 213504', 'fr', 65, 129, 257, 85),
(66, 'Sarra', 'Bouzid', 'CHEMISTRY', '+216 51 213715', 'ar', 66, 132, 262, 86),
(67, 'Rim', 'Hamdi', 'BIOLOGY', '+216 52 213926', 'fr', 67, 133, 267, 87),
(68, 'Aicha', 'Karray', 'HISTORY_GEOGRAPHY', '+216 53 214137', 'ar', 68, 136, 272, 88),
(69, 'Asma', 'Abid', 'PHILOSOPHY', '+216 54 214348', 'fr', 69, 137, 273, 89),
(70, 'Mohamed', 'Ben Ali', 'ISLAMIC_STUDIES', '+216 55 214559', 'ar', 70, 140, 278, 90),
(71, 'Sami', 'Bouzid', 'PHYSICAL_EDUCATION', '+216 56 214770', 'fr', 71, 141, 283, 91),
(72, 'Karim', 'Hamdi', 'COMPUTER_SCIENCE', '+216 57 214981', 'ar', 72, 144, 288, 92),
(73, 'Hatem', 'Karray', 'ECONOMICS', '+216 50 215192', 'fr', 1, 1, 1, 93),
(74, 'Mourad', 'Abid', 'ARTS', '+216 51 215403', 'ar', 2, 4, 6, 94),
(75, 'Fatma', 'Ben Ali', 'MUSIC', '+216 52 215614', 'fr', 3, 5, 11, 95),
(76, 'Sarra', 'Bouzid', 'ARABIC', '+216 53 215825', 'ar', 4, 8, 16, 96),
(77, 'Rim', 'Hamdi', 'FRENCH', '+216 54 216036', 'fr', 5, 9, 17, 97),
(78, 'Aicha', 'Karray', 'ENGLISH', '+216 55 216247', 'ar', 6, 12, 22, 98),
(79, 'Asma', 'Abid', 'MATH', '+216 56 216458', 'fr', 7, 13, 27, 99),
(80, 'Mohamed', 'Ben Ali', 'PHYSICS', '+216 57 216669', 'ar', 8, 16, 32, 100);

INSERT INTO profile_delegations (profile_id, delegation_id) VALUES

(1, 2),
(1, 3),
(1, 4),
(2, 6),
(2, 7),
(2, 8),
(3, 10),
(3, 11),
(3, 12),
(4, 14),
(4, 15),
(4, 16),
(5, 18),
(5, 19),
(5, 20),
(6, 22),
(6, 23),
(6, 24),
(7, 26),
(7, 27),
(7, 28),
(8, 30),
(8, 31),
(8, 32),
(9, 34),
(9, 35),
(9, 36),
(10, 38),
(10, 39),
(10, 40),
(11, 42),
(11, 43),
(11, 44),
(12, 46),
(12, 47),
(12, 48),
(13, 50),
(13, 51),
(13, 52),
(14, 54),
(14, 55),
(14, 56),
(15, 58),
(15, 59),
(15, 60),
(16, 62),
(16, 63),
(16, 64),
(17, 66),
(17, 67),
(17, 68);

INSERT INTO profile_departments (profile_id, department_id) VALUES

(1, 9),
(1, 17),
(2, 42),
(2, 50),
(3, 75),
(3, 83),
(4, 108),
(4, 116),
(5, 141),
(5, 149),
(6, 174),
(6, 182),
(7, 207),
(7, 215),
(8, 240),
(8, 248),
(9, 265),
(9, 273),
(10, 298),
(10, 306),
(11, 331),
(11, 339),
(12, 364),
(12, 372),
(13, 397),
(13, 405),
(14, 430),
(14, 438),
(15, 463),
(15, 471),
(16, 496),
(16, 504),
(17, 521),
(17, 529);

INSERT INTO profile_dependencies (profile_id, dependency_id) VALUES

(1, 2),
(1, 3),
(2, 7),
(2, 8),
(3, 12),
(3, 13),
(4, 17),
(4, 18),
(5, 22),
(5, 23),
(6, 27),
(6, 28),
(7, 32),
(7, 33),
(8, 37),
(8, 38),
(9, 42),
(9, 43),
(10, 47),
(10, 48),
(11, 52),
(11, 53),
(12, 57),
(12, 58),
(13, 62),
(13, 63),
(14, 67),
(14, 68),
(15, 72),
(15, 73),
(16, 77),
(16, 78),
(17, 82),
(17, 83);

INSERT INTO profile_etablissements (profile_id, etablissement_id) VALUES

(1, 1),
(1, 64),
(1, 123),
(1, 182),
(2, 6),
(2, 65),
(2, 128),
(2, 187),
(3, 11),
(3, 70),
(3, 129),
(3, 192),
(4, 16),
(4, 75),
(4, 134),
(4, 193),
(5, 17),
(5, 80),
(5, 139),
(5, 198),
(6, 22),
(6, 81),
(6, 144),
(6, 203),
(7, 27),
(7, 86),
(7, 145),
(7, 208),
(8, 32),
(8, 91),
(8, 150),
(8, 209),
(9, 33),
(9, 96),
(9, 155),
(9, 214),
(10, 38),
(10, 97),
(10, 160),
(10, 219),
(11, 43),
(11, 102),
(11, 161),
(11, 224),
(12, 48),
(12, 107),
(12, 166),
(12, 225),
(13, 49),
(13, 112),
(13, 171),
(13, 230),
(14, 54),
(14, 113),
(14, 176),
(14, 235),
(15, 59),
(15, 118),
(15, 177),
(15, 240),
(16, 1),
(16, 64),
(16, 123),
(16, 182),
(17, 6),
(17, 65),
(17, 128),
(17, 187);

INSERT INTO activities (id, description, end_date_time, is_online, is_reminder_sent, location, meeting_url, start_date_time, title, type, inspector_user_id) VALUES

(1, 'Suivi pedagogique et accompagnement des enseignants - dossier 1', DATE_ADD(NOW(), INTERVAL -90 DAY), 1, 1, 'En ligne', 'https://meet.jit.si/Inspector-demo-1', DATE_ADD(NOW(), INTERVAL -90 DAY), 'INSPECTION ARABIC', 'INSPECTION', 4),
(2, 'Suivi pedagogique et accompagnement des enseignants - dossier 2', DATE_ADD(NOW(), INTERVAL -89 DAY), 0, 1, 'Habib Bourguiba - Ariana', NULL, DATE_ADD(NOW(), INTERVAL -89 DAY), 'VISITE PEDAGOGIQUE FRENCH', 'VISITE_PEDAGOGIQUE', 5),
(3, 'Suivi pedagogique et accompagnement des enseignants - dossier 3', DATE_ADD(NOW(), INTERVAL -88 DAY), 0, 1, 'Farhat Hached - Ben Arous', NULL, DATE_ADD(NOW(), INTERVAL -88 DAY), 'FORMATION ENGLISH', 'FORMATION', 6),
(4, 'Suivi pedagogique et accompagnement des enseignants - dossier 4', DATE_ADD(NOW(), INTERVAL -87 DAY), 0, 1, 'Ali Belhouane - Manouba', NULL, DATE_ADD(NOW(), INTERVAL -87 DAY), 'REUNION TRAVAIL MATH', 'REUNION_TRAVAIL', 7),
(5, 'Suivi pedagogique et accompagnement des enseignants - dossier 5', DATE_ADD(NOW(), INTERVAL -86 DAY), 0, 1, 'Les Jasmins - Nabeul', NULL, DATE_ADD(NOW(), INTERVAL -86 DAY), 'LECON TEMOIN PHYSICS', 'LECON_TEMOIN', 8),
(6, 'Suivi pedagogique et accompagnement des enseignants - dossier 6', DATE_ADD(NOW(), INTERVAL -85 DAY), 0, 1, 'El Amal - Bizerte', NULL, DATE_ADD(NOW(), INTERVAL -85 DAY), 'SEMINAIRE CHEMISTRY', 'SEMINAIRE', 9),
(7, 'Suivi pedagogique et accompagnement des enseignants - dossier 7', DATE_ADD(NOW(), INTERVAL -84 DAY), 1, 1, 'En ligne', 'https://meet.jit.si/Inspector-demo-7', DATE_ADD(NOW(), INTERVAL -84 DAY), 'INSPECTION BIOLOGY', 'INSPECTION', 10),
(8, 'Suivi pedagogique et accompagnement des enseignants - dossier 8', DATE_ADD(NOW(), INTERVAL -83 DAY), 0, 1, 'El Manar - Jendouba', NULL, DATE_ADD(NOW(), INTERVAL -83 DAY), 'VISITE PEDAGOGIQUE HISTORY_GEOGRAPHY', 'VISITE_PEDAGOGIQUE', 11),
(9, 'Suivi pedagogique et accompagnement des enseignants - dossier 9', DATE_ADD(NOW(), INTERVAL -82 DAY), 0, 1, 'Taher Haddad - Kef', NULL, DATE_ADD(NOW(), INTERVAL -82 DAY), 'FORMATION PHILOSOPHY', 'FORMATION', 12),
(10, 'Suivi pedagogique et accompagnement des enseignants - dossier 10', DATE_ADD(NOW(), INTERVAL -81 DAY), 0, 1, 'Abou Kacem Chebbi - Siliana', NULL, DATE_ADD(NOW(), INTERVAL -81 DAY), 'REUNION TRAVAIL ISLAMIC_STUDIES', 'REUNION_TRAVAIL', 13),
(11, 'Suivi pedagogique et accompagnement des enseignants - dossier 11', DATE_ADD(NOW(), INTERVAL -80 DAY), 0, 1, 'Avenue de la Republique - Sousse', NULL, DATE_ADD(NOW(), INTERVAL -80 DAY), 'LECON TEMOIN PHYSICAL_EDUCATION', 'LECON_TEMOIN', 14),
(12, 'Suivi pedagogique et accompagnement des enseignants - dossier 12', DATE_ADD(NOW(), INTERVAL -79 DAY), 0, 1, 'El Mourouj - Monastir', NULL, DATE_ADD(NOW(), INTERVAL -79 DAY), 'SEMINAIRE COMPUTER_SCIENCE', 'SEMINAIRE', 15),
(13, 'Suivi pedagogique et accompagnement des enseignants - dossier 13', DATE_ADD(NOW(), INTERVAL -78 DAY), 1, 1, 'En ligne', 'https://meet.jit.si/Inspector-demo-13', DATE_ADD(NOW(), INTERVAL -78 DAY), 'INSPECTION ECONOMICS', 'INSPECTION', 16),
(14, 'Suivi pedagogique et accompagnement des enseignants - dossier 14', DATE_ADD(NOW(), INTERVAL -77 DAY), 0, 1, 'Habib Bourguiba - Sfax', NULL, DATE_ADD(NOW(), INTERVAL -77 DAY), 'VISITE PEDAGOGIQUE ARTS', 'VISITE_PEDAGOGIQUE', 17),
(15, 'Suivi pedagogique et accompagnement des enseignants - dossier 15', DATE_ADD(NOW(), INTERVAL -76 DAY), 0, 1, 'Farhat Hached - Kairouan', NULL, DATE_ADD(NOW(), INTERVAL -76 DAY), 'FORMATION MUSIC', 'FORMATION', 18),
(16, 'Suivi pedagogique et accompagnement des enseignants - dossier 16', DATE_ADD(NOW(), INTERVAL -75 DAY), 0, 1, 'Ali Belhouane - Kasserine', NULL, DATE_ADD(NOW(), INTERVAL -75 DAY), 'REUNION TRAVAIL ARABIC', 'REUNION_TRAVAIL', 19),
(17, 'Suivi pedagogique et accompagnement des enseignants - dossier 17', DATE_ADD(NOW(), INTERVAL -74 DAY), 0, 1, 'Les Jasmins - Sidi Bouzid', NULL, DATE_ADD(NOW(), INTERVAL -74 DAY), 'LECON TEMOIN FRENCH', 'LECON_TEMOIN', 20),
(18, 'Suivi pedagogique et accompagnement des enseignants - dossier 18', DATE_ADD(NOW(), INTERVAL -73 DAY), 0, 1, 'El Amal - Gabes', NULL, DATE_ADD(NOW(), INTERVAL -73 DAY), 'SEMINAIRE ENGLISH', 'SEMINAIRE', 4),
(19, 'Suivi pedagogique et accompagnement des enseignants - dossier 19', DATE_ADD(NOW(), INTERVAL -72 DAY), 1, 1, 'En ligne', 'https://meet.jit.si/Inspector-demo-19', DATE_ADD(NOW(), INTERVAL -72 DAY), 'INSPECTION MATH', 'INSPECTION', 5),
(20, 'Suivi pedagogique et accompagnement des enseignants - dossier 20', DATE_ADD(NOW(), INTERVAL -71 DAY), 0, 1, 'El Manar - Tataouine', NULL, DATE_ADD(NOW(), INTERVAL -71 DAY), 'VISITE PEDAGOGIQUE PHYSICS', 'VISITE_PEDAGOGIQUE', 6),
(21, 'Suivi pedagogique et accompagnement des enseignants - dossier 21', DATE_ADD(NOW(), INTERVAL -70 DAY), 0, 1, 'Taher Haddad - Gafsa', NULL, DATE_ADD(NOW(), INTERVAL -70 DAY), 'FORMATION CHEMISTRY', 'FORMATION', 7),
(22, 'Suivi pedagogique et accompagnement des enseignants - dossier 22', DATE_ADD(NOW(), INTERVAL -69 DAY), 0, 1, 'Abou Kacem Chebbi - Tozeur', NULL, DATE_ADD(NOW(), INTERVAL -69 DAY), 'REUNION TRAVAIL BIOLOGY', 'REUNION_TRAVAIL', 8),
(23, 'Suivi pedagogique et accompagnement des enseignants - dossier 23', DATE_ADD(NOW(), INTERVAL -68 DAY), 0, 1, 'Avenue de la Republique - Kebili', NULL, DATE_ADD(NOW(), INTERVAL -68 DAY), 'LECON TEMOIN HISTORY_GEOGRAPHY', 'LECON_TEMOIN', 9),
(24, 'Suivi pedagogique et accompagnement des enseignants - dossier 24', DATE_ADD(NOW(), INTERVAL -67 DAY), 0, 1, 'El Mourouj - Zaghouan', NULL, DATE_ADD(NOW(), INTERVAL -67 DAY), 'SEMINAIRE PHILOSOPHY', 'SEMINAIRE', 10),
(25, 'Suivi pedagogique et accompagnement des enseignants - dossier 25', DATE_ADD(NOW(), INTERVAL -66 DAY), 1, 1, 'En ligne', 'https://meet.jit.si/Inspector-demo-25', DATE_ADD(NOW(), INTERVAL -66 DAY), 'INSPECTION ISLAMIC_STUDIES', 'INSPECTION', 11),
(26, 'Suivi pedagogique et accompagnement des enseignants - dossier 26', DATE_ADD(NOW(), INTERVAL -65 DAY), 0, 1, 'Habib Bourguiba - Ariana', NULL, DATE_ADD(NOW(), INTERVAL -65 DAY), 'VISITE PEDAGOGIQUE PHYSICAL_EDUCATION', 'VISITE_PEDAGOGIQUE', 12),
(27, 'Suivi pedagogique et accompagnement des enseignants - dossier 27', DATE_ADD(NOW(), INTERVAL -64 DAY), 0, 1, 'Farhat Hached - Ben Arous', NULL, DATE_ADD(NOW(), INTERVAL -64 DAY), 'FORMATION COMPUTER_SCIENCE', 'FORMATION', 13),
(28, 'Suivi pedagogique et accompagnement des enseignants - dossier 28', DATE_ADD(NOW(), INTERVAL -63 DAY), 0, 1, 'Ali Belhouane - Manouba', NULL, DATE_ADD(NOW(), INTERVAL -63 DAY), 'REUNION TRAVAIL ECONOMICS', 'REUNION_TRAVAIL', 14),
(29, 'Suivi pedagogique et accompagnement des enseignants - dossier 29', DATE_ADD(NOW(), INTERVAL -62 DAY), 0, 1, 'Les Jasmins - Nabeul', NULL, DATE_ADD(NOW(), INTERVAL -62 DAY), 'LECON TEMOIN ARTS', 'LECON_TEMOIN', 15),
(30, 'Suivi pedagogique et accompagnement des enseignants - dossier 30', DATE_ADD(NOW(), INTERVAL -61 DAY), 0, 1, 'El Amal - Bizerte', NULL, DATE_ADD(NOW(), INTERVAL -61 DAY), 'SEMINAIRE MUSIC', 'SEMINAIRE', 16),
(31, 'Suivi pedagogique et accompagnement des enseignants - dossier 31', DATE_ADD(NOW(), INTERVAL -60 DAY), 1, 1, 'En ligne', 'https://meet.jit.si/Inspector-demo-31', DATE_ADD(NOW(), INTERVAL -60 DAY), 'INSPECTION ARABIC', 'INSPECTION', 17),
(32, 'Suivi pedagogique et accompagnement des enseignants - dossier 32', DATE_ADD(NOW(), INTERVAL -59 DAY), 0, 1, 'El Manar - Jendouba', NULL, DATE_ADD(NOW(), INTERVAL -59 DAY), 'VISITE PEDAGOGIQUE FRENCH', 'VISITE_PEDAGOGIQUE', 18),
(33, 'Suivi pedagogique et accompagnement des enseignants - dossier 33', DATE_ADD(NOW(), INTERVAL -58 DAY), 0, 1, 'Taher Haddad - Kef', NULL, DATE_ADD(NOW(), INTERVAL -58 DAY), 'FORMATION ENGLISH', 'FORMATION', 19),
(34, 'Suivi pedagogique et accompagnement des enseignants - dossier 34', DATE_ADD(NOW(), INTERVAL -57 DAY), 0, 1, 'Abou Kacem Chebbi - Siliana', NULL, DATE_ADD(NOW(), INTERVAL -57 DAY), 'REUNION TRAVAIL MATH', 'REUNION_TRAVAIL', 20),
(35, 'Suivi pedagogique et accompagnement des enseignants - dossier 35', DATE_ADD(NOW(), INTERVAL -56 DAY), 0, 1, 'Avenue de la Republique - Sousse', NULL, DATE_ADD(NOW(), INTERVAL -56 DAY), 'LECON TEMOIN PHYSICS', 'LECON_TEMOIN', 4),
(36, 'Suivi pedagogique et accompagnement des enseignants - dossier 36', DATE_ADD(NOW(), INTERVAL -55 DAY), 0, 1, 'El Mourouj - Monastir', NULL, DATE_ADD(NOW(), INTERVAL -55 DAY), 'SEMINAIRE CHEMISTRY', 'SEMINAIRE', 5),
(37, 'Suivi pedagogique et accompagnement des enseignants - dossier 37', DATE_ADD(NOW(), INTERVAL -54 DAY), 1, 1, 'En ligne', 'https://meet.jit.si/Inspector-demo-37', DATE_ADD(NOW(), INTERVAL -54 DAY), 'INSPECTION BIOLOGY', 'INSPECTION', 6),
(38, 'Suivi pedagogique et accompagnement des enseignants - dossier 38', DATE_ADD(NOW(), INTERVAL -53 DAY), 0, 1, 'Habib Bourguiba - Sfax', NULL, DATE_ADD(NOW(), INTERVAL -53 DAY), 'VISITE PEDAGOGIQUE HISTORY_GEOGRAPHY', 'VISITE_PEDAGOGIQUE', 7),
(39, 'Suivi pedagogique et accompagnement des enseignants - dossier 39', DATE_ADD(NOW(), INTERVAL -52 DAY), 0, 1, 'Farhat Hached - Kairouan', NULL, DATE_ADD(NOW(), INTERVAL -52 DAY), 'FORMATION PHILOSOPHY', 'FORMATION', 8),
(40, 'Suivi pedagogique et accompagnement des enseignants - dossier 40', DATE_ADD(NOW(), INTERVAL -51 DAY), 0, 1, 'Ali Belhouane - Kasserine', NULL, DATE_ADD(NOW(), INTERVAL -51 DAY), 'REUNION TRAVAIL ISLAMIC_STUDIES', 'REUNION_TRAVAIL', 9),
(41, 'Suivi pedagogique et accompagnement des enseignants - dossier 41', DATE_ADD(NOW(), INTERVAL -50 DAY), 0, 1, 'Les Jasmins - Sidi Bouzid', NULL, DATE_ADD(NOW(), INTERVAL -50 DAY), 'LECON TEMOIN PHYSICAL_EDUCATION', 'LECON_TEMOIN', 10),
(42, 'Suivi pedagogique et accompagnement des enseignants - dossier 42', DATE_ADD(NOW(), INTERVAL -49 DAY), 0, 1, 'El Amal - Gabes', NULL, DATE_ADD(NOW(), INTERVAL -49 DAY), 'SEMINAIRE COMPUTER_SCIENCE', 'SEMINAIRE', 11),
(43, 'Suivi pedagogique et accompagnement des enseignants - dossier 43', DATE_ADD(NOW(), INTERVAL -48 DAY), 1, 1, 'En ligne', 'https://meet.jit.si/Inspector-demo-43', DATE_ADD(NOW(), INTERVAL -48 DAY), 'INSPECTION ECONOMICS', 'INSPECTION', 12),
(44, 'Suivi pedagogique et accompagnement des enseignants - dossier 44', DATE_ADD(NOW(), INTERVAL -47 DAY), 0, 1, 'El Manar - Tataouine', NULL, DATE_ADD(NOW(), INTERVAL -47 DAY), 'VISITE PEDAGOGIQUE ARTS', 'VISITE_PEDAGOGIQUE', 13),
(45, 'Suivi pedagogique et accompagnement des enseignants - dossier 45', DATE_ADD(NOW(), INTERVAL -46 DAY), 0, 1, 'Taher Haddad - Gafsa', NULL, DATE_ADD(NOW(), INTERVAL -46 DAY), 'FORMATION MUSIC', 'FORMATION', 14),
(46, 'Suivi pedagogique et accompagnement des enseignants - dossier 46', DATE_ADD(NOW(), INTERVAL -45 DAY), 0, 1, 'Abou Kacem Chebbi - Tozeur', NULL, DATE_ADD(NOW(), INTERVAL -45 DAY), 'REUNION TRAVAIL ARABIC', 'REUNION_TRAVAIL', 15),
(47, 'Suivi pedagogique et accompagnement des enseignants - dossier 47', DATE_ADD(NOW(), INTERVAL -44 DAY), 0, 1, 'Avenue de la Republique - Kebili', NULL, DATE_ADD(NOW(), INTERVAL -44 DAY), 'LECON TEMOIN FRENCH', 'LECON_TEMOIN', 16),
(48, 'Suivi pedagogique et accompagnement des enseignants - dossier 48', DATE_ADD(NOW(), INTERVAL -43 DAY), 0, 1, 'El Mourouj - Zaghouan', NULL, DATE_ADD(NOW(), INTERVAL -43 DAY), 'SEMINAIRE ENGLISH', 'SEMINAIRE', 17),
(49, 'Suivi pedagogique et accompagnement des enseignants - dossier 49', DATE_ADD(NOW(), INTERVAL -42 DAY), 1, 1, 'En ligne', 'https://meet.jit.si/Inspector-demo-49', DATE_ADD(NOW(), INTERVAL -42 DAY), 'INSPECTION MATH', 'INSPECTION', 18),
(50, 'Suivi pedagogique et accompagnement des enseignants - dossier 50', DATE_ADD(NOW(), INTERVAL -41 DAY), 0, 1, 'Habib Bourguiba - Ariana', NULL, DATE_ADD(NOW(), INTERVAL -41 DAY), 'VISITE PEDAGOGIQUE PHYSICS', 'VISITE_PEDAGOGIQUE', 19),
(51, 'Suivi pedagogique et accompagnement des enseignants - dossier 51', DATE_ADD(NOW(), INTERVAL -40 DAY), 0, 1, 'Farhat Hached - Ben Arous', NULL, DATE_ADD(NOW(), INTERVAL -40 DAY), 'FORMATION CHEMISTRY', 'FORMATION', 20),
(52, 'Suivi pedagogique et accompagnement des enseignants - dossier 52', DATE_ADD(NOW(), INTERVAL -39 DAY), 0, 1, 'Ali Belhouane - Manouba', NULL, DATE_ADD(NOW(), INTERVAL -39 DAY), 'REUNION TRAVAIL BIOLOGY', 'REUNION_TRAVAIL', 4),
(53, 'Suivi pedagogique et accompagnement des enseignants - dossier 53', DATE_ADD(NOW(), INTERVAL -38 DAY), 0, 1, 'Les Jasmins - Nabeul', NULL, DATE_ADD(NOW(), INTERVAL -38 DAY), 'LECON TEMOIN HISTORY_GEOGRAPHY', 'LECON_TEMOIN', 5),
(54, 'Suivi pedagogique et accompagnement des enseignants - dossier 54', DATE_ADD(NOW(), INTERVAL -37 DAY), 0, 1, 'El Amal - Bizerte', NULL, DATE_ADD(NOW(), INTERVAL -37 DAY), 'SEMINAIRE PHILOSOPHY', 'SEMINAIRE', 6),
(55, 'Suivi pedagogique et accompagnement des enseignants - dossier 55', DATE_ADD(NOW(), INTERVAL -36 DAY), 1, 1, 'En ligne', 'https://meet.jit.si/Inspector-demo-55', DATE_ADD(NOW(), INTERVAL -36 DAY), 'INSPECTION ISLAMIC_STUDIES', 'INSPECTION', 7),
(56, 'Suivi pedagogique et accompagnement des enseignants - dossier 56', DATE_ADD(NOW(), INTERVAL -35 DAY), 0, 1, 'El Manar - Jendouba', NULL, DATE_ADD(NOW(), INTERVAL -35 DAY), 'VISITE PEDAGOGIQUE PHYSICAL_EDUCATION', 'VISITE_PEDAGOGIQUE', 8),
(57, 'Suivi pedagogique et accompagnement des enseignants - dossier 57', DATE_ADD(NOW(), INTERVAL -34 DAY), 0, 1, 'Taher Haddad - Kef', NULL, DATE_ADD(NOW(), INTERVAL -34 DAY), 'FORMATION COMPUTER_SCIENCE', 'FORMATION', 9),
(58, 'Suivi pedagogique et accompagnement des enseignants - dossier 58', DATE_ADD(NOW(), INTERVAL -33 DAY), 0, 1, 'Abou Kacem Chebbi - Siliana', NULL, DATE_ADD(NOW(), INTERVAL -33 DAY), 'REUNION TRAVAIL ECONOMICS', 'REUNION_TRAVAIL', 10),
(59, 'Suivi pedagogique et accompagnement des enseignants - dossier 59', DATE_ADD(NOW(), INTERVAL -32 DAY), 0, 1, 'Avenue de la Republique - Sousse', NULL, DATE_ADD(NOW(), INTERVAL -32 DAY), 'LECON TEMOIN ARTS', 'LECON_TEMOIN', 11),
(60, 'Suivi pedagogique et accompagnement des enseignants - dossier 60', DATE_ADD(NOW(), INTERVAL -31 DAY), 0, 1, 'El Mourouj - Monastir', NULL, DATE_ADD(NOW(), INTERVAL -31 DAY), 'SEMINAIRE MUSIC', 'SEMINAIRE', 12),
(61, 'Suivi pedagogique et accompagnement des enseignants - dossier 61', DATE_ADD(NOW(), INTERVAL -30 DAY), 1, 1, 'En ligne', 'https://meet.jit.si/Inspector-demo-61', DATE_ADD(NOW(), INTERVAL -30 DAY), 'INSPECTION ARABIC', 'INSPECTION', 13),
(62, 'Suivi pedagogique et accompagnement des enseignants - dossier 62', DATE_ADD(NOW(), INTERVAL -29 DAY), 0, 1, 'Habib Bourguiba - Sfax', NULL, DATE_ADD(NOW(), INTERVAL -29 DAY), 'VISITE PEDAGOGIQUE FRENCH', 'VISITE_PEDAGOGIQUE', 14),
(63, 'Suivi pedagogique et accompagnement des enseignants - dossier 63', DATE_ADD(NOW(), INTERVAL -28 DAY), 0, 1, 'Farhat Hached - Kairouan', NULL, DATE_ADD(NOW(), INTERVAL -28 DAY), 'FORMATION ENGLISH', 'FORMATION', 15),
(64, 'Suivi pedagogique et accompagnement des enseignants - dossier 64', DATE_ADD(NOW(), INTERVAL -27 DAY), 0, 1, 'Ali Belhouane - Kasserine', NULL, DATE_ADD(NOW(), INTERVAL -27 DAY), 'REUNION TRAVAIL MATH', 'REUNION_TRAVAIL', 16),
(65, 'Suivi pedagogique et accompagnement des enseignants - dossier 65', DATE_ADD(NOW(), INTERVAL -26 DAY), 0, 1, 'Les Jasmins - Sidi Bouzid', NULL, DATE_ADD(NOW(), INTERVAL -26 DAY), 'LECON TEMOIN PHYSICS', 'LECON_TEMOIN', 17),
(66, 'Suivi pedagogique et accompagnement des enseignants - dossier 66', DATE_ADD(NOW(), INTERVAL -25 DAY), 0, 1, 'El Amal - Gabes', NULL, DATE_ADD(NOW(), INTERVAL -25 DAY), 'SEMINAIRE CHEMISTRY', 'SEMINAIRE', 18),
(67, 'Suivi pedagogique et accompagnement des enseignants - dossier 67', DATE_ADD(NOW(), INTERVAL -24 DAY), 1, 1, 'En ligne', 'https://meet.jit.si/Inspector-demo-67', DATE_ADD(NOW(), INTERVAL -24 DAY), 'INSPECTION BIOLOGY', 'INSPECTION', 19),
(68, 'Suivi pedagogique et accompagnement des enseignants - dossier 68', DATE_ADD(NOW(), INTERVAL -23 DAY), 0, 1, 'El Manar - Tataouine', NULL, DATE_ADD(NOW(), INTERVAL -23 DAY), 'VISITE PEDAGOGIQUE HISTORY_GEOGRAPHY', 'VISITE_PEDAGOGIQUE', 20),
(69, 'Suivi pedagogique et accompagnement des enseignants - dossier 69', DATE_ADD(NOW(), INTERVAL -22 DAY), 0, 1, 'Taher Haddad - Gafsa', NULL, DATE_ADD(NOW(), INTERVAL -22 DAY), 'FORMATION PHILOSOPHY', 'FORMATION', 4),
(70, 'Suivi pedagogique et accompagnement des enseignants - dossier 70', DATE_ADD(NOW(), INTERVAL -21 DAY), 0, 1, 'Abou Kacem Chebbi - Tozeur', NULL, DATE_ADD(NOW(), INTERVAL -21 DAY), 'REUNION TRAVAIL ISLAMIC_STUDIES', 'REUNION_TRAVAIL', 5),
(71, 'Suivi pedagogique et accompagnement des enseignants - dossier 71', DATE_ADD(NOW(), INTERVAL -20 DAY), 0, 1, 'Avenue de la Republique - Kebili', NULL, DATE_ADD(NOW(), INTERVAL -20 DAY), 'LECON TEMOIN PHYSICAL_EDUCATION', 'LECON_TEMOIN', 6),
(72, 'Suivi pedagogique et accompagnement des enseignants - dossier 72', DATE_ADD(NOW(), INTERVAL -19 DAY), 0, 1, 'El Mourouj - Zaghouan', NULL, DATE_ADD(NOW(), INTERVAL -19 DAY), 'SEMINAIRE COMPUTER_SCIENCE', 'SEMINAIRE', 7),
(73, 'Suivi pedagogique et accompagnement des enseignants - dossier 73', DATE_ADD(NOW(), INTERVAL -18 DAY), 1, 1, 'En ligne', 'https://meet.jit.si/Inspector-demo-73', DATE_ADD(NOW(), INTERVAL -18 DAY), 'INSPECTION ECONOMICS', 'INSPECTION', 8),
(74, 'Suivi pedagogique et accompagnement des enseignants - dossier 74', DATE_ADD(NOW(), INTERVAL -17 DAY), 0, 1, 'Habib Bourguiba - Ariana', NULL, DATE_ADD(NOW(), INTERVAL -17 DAY), 'VISITE PEDAGOGIQUE ARTS', 'VISITE_PEDAGOGIQUE', 9),
(75, 'Suivi pedagogique et accompagnement des enseignants - dossier 75', DATE_ADD(NOW(), INTERVAL -16 DAY), 0, 1, 'Farhat Hached - Ben Arous', NULL, DATE_ADD(NOW(), INTERVAL -16 DAY), 'FORMATION MUSIC', 'FORMATION', 10),
(76, 'Suivi pedagogique et accompagnement des enseignants - dossier 76', DATE_ADD(NOW(), INTERVAL -15 DAY), 0, 1, 'Ali Belhouane - Manouba', NULL, DATE_ADD(NOW(), INTERVAL -15 DAY), 'REUNION TRAVAIL ARABIC', 'REUNION_TRAVAIL', 11),
(77, 'Suivi pedagogique et accompagnement des enseignants - dossier 77', DATE_ADD(NOW(), INTERVAL -14 DAY), 0, 1, 'Les Jasmins - Nabeul', NULL, DATE_ADD(NOW(), INTERVAL -14 DAY), 'LECON TEMOIN FRENCH', 'LECON_TEMOIN', 12),
(78, 'Suivi pedagogique et accompagnement des enseignants - dossier 78', DATE_ADD(NOW(), INTERVAL -13 DAY), 0, 1, 'El Amal - Bizerte', NULL, DATE_ADD(NOW(), INTERVAL -13 DAY), 'SEMINAIRE ENGLISH', 'SEMINAIRE', 13),
(79, 'Suivi pedagogique et accompagnement des enseignants - dossier 79', DATE_ADD(NOW(), INTERVAL -12 DAY), 1, 1, 'En ligne', 'https://meet.jit.si/Inspector-demo-79', DATE_ADD(NOW(), INTERVAL -12 DAY), 'INSPECTION MATH', 'INSPECTION', 14),
(80, 'Suivi pedagogique et accompagnement des enseignants - dossier 80', DATE_ADD(NOW(), INTERVAL -11 DAY), 0, 1, 'El Manar - Jendouba', NULL, DATE_ADD(NOW(), INTERVAL -11 DAY), 'VISITE PEDAGOGIQUE PHYSICS', 'VISITE_PEDAGOGIQUE', 15),
(81, 'Suivi pedagogique et accompagnement des enseignants - dossier 81', DATE_ADD(NOW(), INTERVAL -10 DAY), 0, 1, 'Taher Haddad - Kef', NULL, DATE_ADD(NOW(), INTERVAL -10 DAY), 'FORMATION CHEMISTRY', 'FORMATION', 16),
(82, 'Suivi pedagogique et accompagnement des enseignants - dossier 82', DATE_ADD(NOW(), INTERVAL -9 DAY), 0, 1, 'Abou Kacem Chebbi - Siliana', NULL, DATE_ADD(NOW(), INTERVAL -9 DAY), 'REUNION TRAVAIL BIOLOGY', 'REUNION_TRAVAIL', 17),
(83, 'Suivi pedagogique et accompagnement des enseignants - dossier 83', DATE_ADD(NOW(), INTERVAL -8 DAY), 0, 1, 'Avenue de la Republique - Sousse', NULL, DATE_ADD(NOW(), INTERVAL -8 DAY), 'LECON TEMOIN HISTORY_GEOGRAPHY', 'LECON_TEMOIN', 18),
(84, 'Suivi pedagogique et accompagnement des enseignants - dossier 84', DATE_ADD(NOW(), INTERVAL -7 DAY), 0, 1, 'El Mourouj - Monastir', NULL, DATE_ADD(NOW(), INTERVAL -7 DAY), 'SEMINAIRE PHILOSOPHY', 'SEMINAIRE', 19),
(85, 'Suivi pedagogique et accompagnement des enseignants - dossier 85', DATE_ADD(NOW(), INTERVAL -6 DAY), 1, 1, 'En ligne', 'https://meet.jit.si/Inspector-demo-85', DATE_ADD(NOW(), INTERVAL -6 DAY), 'INSPECTION ISLAMIC_STUDIES', 'INSPECTION', 20),
(86, 'Suivi pedagogique et accompagnement des enseignants - dossier 86', DATE_ADD(NOW(), INTERVAL -5 DAY), 0, 1, 'Habib Bourguiba - Sfax', NULL, DATE_ADD(NOW(), INTERVAL -5 DAY), 'VISITE PEDAGOGIQUE PHYSICAL_EDUCATION', 'VISITE_PEDAGOGIQUE', 4),
(87, 'Suivi pedagogique et accompagnement des enseignants - dossier 87', DATE_ADD(NOW(), INTERVAL -4 DAY), 0, 1, 'Farhat Hached - Kairouan', NULL, DATE_ADD(NOW(), INTERVAL -4 DAY), 'FORMATION COMPUTER_SCIENCE', 'FORMATION', 5),
(88, 'Suivi pedagogique et accompagnement des enseignants - dossier 88', DATE_ADD(NOW(), INTERVAL -3 DAY), 0, 1, 'Ali Belhouane - Kasserine', NULL, DATE_ADD(NOW(), INTERVAL -3 DAY), 'REUNION TRAVAIL ECONOMICS', 'REUNION_TRAVAIL', 6),
(89, 'Suivi pedagogique et accompagnement des enseignants - dossier 89', DATE_ADD(NOW(), INTERVAL -2 DAY), 0, 1, 'Les Jasmins - Sidi Bouzid', NULL, DATE_ADD(NOW(), INTERVAL -2 DAY), 'LECON TEMOIN ARTS', 'LECON_TEMOIN', 7),
(90, 'Suivi pedagogique et accompagnement des enseignants - dossier 90', DATE_ADD(NOW(), INTERVAL -1 DAY), 0, 1, 'El Amal - Gabes', NULL, DATE_ADD(NOW(), INTERVAL -1 DAY), 'SEMINAIRE MUSIC', 'SEMINAIRE', 8),
(91, 'Suivi pedagogique et accompagnement des enseignants - dossier 91', DATE_ADD(NOW(), INTERVAL 0 DAY), 1, 1, 'En ligne', 'https://meet.jit.si/Inspector-demo-91', DATE_ADD(NOW(), INTERVAL 0 DAY), 'INSPECTION ARABIC', 'INSPECTION', 9),
(92, 'Suivi pedagogique et accompagnement des enseignants - dossier 92', DATE_ADD(NOW(), INTERVAL 1 DAY), 0, 1, 'El Manar - Tataouine', NULL, DATE_ADD(NOW(), INTERVAL 1 DAY), 'VISITE PEDAGOGIQUE FRENCH', 'VISITE_PEDAGOGIQUE', 10),
(93, 'Suivi pedagogique et accompagnement des enseignants - dossier 93', DATE_ADD(NOW(), INTERVAL 2 DAY), 0, 1, 'Taher Haddad - Gafsa', NULL, DATE_ADD(NOW(), INTERVAL 2 DAY), 'FORMATION ENGLISH', 'FORMATION', 11),
(94, 'Suivi pedagogique et accompagnement des enseignants - dossier 94', DATE_ADD(NOW(), INTERVAL 3 DAY), 0, 1, 'Abou Kacem Chebbi - Tozeur', NULL, DATE_ADD(NOW(), INTERVAL 3 DAY), 'REUNION TRAVAIL MATH', 'REUNION_TRAVAIL', 12),
(95, 'Suivi pedagogique et accompagnement des enseignants - dossier 95', DATE_ADD(NOW(), INTERVAL 4 DAY), 0, 1, 'Avenue de la Republique - Kebili', NULL, DATE_ADD(NOW(), INTERVAL 4 DAY), 'LECON TEMOIN PHYSICS', 'LECON_TEMOIN', 13),
(96, 'Suivi pedagogique et accompagnement des enseignants - dossier 96', DATE_ADD(NOW(), INTERVAL 5 DAY), 0, 1, 'El Mourouj - Zaghouan', NULL, DATE_ADD(NOW(), INTERVAL 5 DAY), 'SEMINAIRE CHEMISTRY', 'SEMINAIRE', 14),
(97, 'Suivi pedagogique et accompagnement des enseignants - dossier 97', DATE_ADD(NOW(), INTERVAL 6 DAY), 1, 1, 'En ligne', 'https://meet.jit.si/Inspector-demo-97', DATE_ADD(NOW(), INTERVAL 6 DAY), 'INSPECTION BIOLOGY', 'INSPECTION', 15),
(98, 'Suivi pedagogique et accompagnement des enseignants - dossier 98', DATE_ADD(NOW(), INTERVAL 7 DAY), 0, 1, 'Habib Bourguiba - Ariana', NULL, DATE_ADD(NOW(), INTERVAL 7 DAY), 'VISITE PEDAGOGIQUE HISTORY_GEOGRAPHY', 'VISITE_PEDAGOGIQUE', 16),
(99, 'Suivi pedagogique et accompagnement des enseignants - dossier 99', DATE_ADD(NOW(), INTERVAL 8 DAY), 0, 1, 'Farhat Hached - Ben Arous', NULL, DATE_ADD(NOW(), INTERVAL 8 DAY), 'FORMATION PHILOSOPHY', 'FORMATION', 17),
(100, 'Suivi pedagogique et accompagnement des enseignants - dossier 100', DATE_ADD(NOW(), INTERVAL 9 DAY), 0, 1, 'Ali Belhouane - Manouba', NULL, DATE_ADD(NOW(), INTERVAL 9 DAY), 'REUNION TRAVAIL ISLAMIC_STUDIES', 'REUNION_TRAVAIL', 18),
(101, 'Suivi pedagogique et accompagnement des enseignants - dossier 101', DATE_ADD(NOW(), INTERVAL 10 DAY), 0, 1, 'Les Jasmins - Nabeul', NULL, DATE_ADD(NOW(), INTERVAL 10 DAY), 'LECON TEMOIN PHYSICAL_EDUCATION', 'LECON_TEMOIN', 19),
(102, 'Suivi pedagogique et accompagnement des enseignants - dossier 102', DATE_ADD(NOW(), INTERVAL 11 DAY), 0, 1, 'El Amal - Bizerte', NULL, DATE_ADD(NOW(), INTERVAL 11 DAY), 'SEMINAIRE COMPUTER_SCIENCE', 'SEMINAIRE', 20),
(103, 'Suivi pedagogique et accompagnement des enseignants - dossier 103', DATE_ADD(NOW(), INTERVAL 12 DAY), 1, 1, 'En ligne', 'https://meet.jit.si/Inspector-demo-103', DATE_ADD(NOW(), INTERVAL 12 DAY), 'INSPECTION ECONOMICS', 'INSPECTION', 4),
(104, 'Suivi pedagogique et accompagnement des enseignants - dossier 104', DATE_ADD(NOW(), INTERVAL 13 DAY), 0, 1, 'El Manar - Jendouba', NULL, DATE_ADD(NOW(), INTERVAL 13 DAY), 'VISITE PEDAGOGIQUE ARTS', 'VISITE_PEDAGOGIQUE', 5),
(105, 'Suivi pedagogique et accompagnement des enseignants - dossier 105', DATE_ADD(NOW(), INTERVAL 14 DAY), 0, 1, 'Taher Haddad - Kef', NULL, DATE_ADD(NOW(), INTERVAL 14 DAY), 'FORMATION MUSIC', 'FORMATION', 6),
(106, 'Suivi pedagogique et accompagnement des enseignants - dossier 106', DATE_ADD(NOW(), INTERVAL 15 DAY), 0, 0, 'Abou Kacem Chebbi - Siliana', NULL, DATE_ADD(NOW(), INTERVAL 15 DAY), 'REUNION TRAVAIL ARABIC', 'REUNION_TRAVAIL', 7),
(107, 'Suivi pedagogique et accompagnement des enseignants - dossier 107', DATE_ADD(NOW(), INTERVAL 16 DAY), 0, 0, 'Avenue de la Republique - Sousse', NULL, DATE_ADD(NOW(), INTERVAL 16 DAY), 'LECON TEMOIN FRENCH', 'LECON_TEMOIN', 8),
(108, 'Suivi pedagogique et accompagnement des enseignants - dossier 108', DATE_ADD(NOW(), INTERVAL 17 DAY), 0, 0, 'El Mourouj - Monastir', NULL, DATE_ADD(NOW(), INTERVAL 17 DAY), 'SEMINAIRE ENGLISH', 'SEMINAIRE', 9),
(109, 'Suivi pedagogique et accompagnement des enseignants - dossier 109', DATE_ADD(NOW(), INTERVAL 18 DAY), 1, 0, 'En ligne', 'https://meet.jit.si/Inspector-demo-109', DATE_ADD(NOW(), INTERVAL 18 DAY), 'INSPECTION MATH', 'INSPECTION', 10),
(110, 'Suivi pedagogique et accompagnement des enseignants - dossier 110', DATE_ADD(NOW(), INTERVAL 19 DAY), 0, 0, 'Habib Bourguiba - Sfax', NULL, DATE_ADD(NOW(), INTERVAL 19 DAY), 'VISITE PEDAGOGIQUE PHYSICS', 'VISITE_PEDAGOGIQUE', 11),
(111, 'Suivi pedagogique et accompagnement des enseignants - dossier 111', DATE_ADD(NOW(), INTERVAL 20 DAY), 0, 0, 'Farhat Hached - Kairouan', NULL, DATE_ADD(NOW(), INTERVAL 20 DAY), 'FORMATION CHEMISTRY', 'FORMATION', 12),
(112, 'Suivi pedagogique et accompagnement des enseignants - dossier 112', DATE_ADD(NOW(), INTERVAL 21 DAY), 0, 0, 'Ali Belhouane - Kasserine', NULL, DATE_ADD(NOW(), INTERVAL 21 DAY), 'REUNION TRAVAIL BIOLOGY', 'REUNION_TRAVAIL', 13),
(113, 'Suivi pedagogique et accompagnement des enseignants - dossier 113', DATE_ADD(NOW(), INTERVAL 22 DAY), 0, 0, 'Les Jasmins - Sidi Bouzid', NULL, DATE_ADD(NOW(), INTERVAL 22 DAY), 'LECON TEMOIN HISTORY_GEOGRAPHY', 'LECON_TEMOIN', 14),
(114, 'Suivi pedagogique et accompagnement des enseignants - dossier 114', DATE_ADD(NOW(), INTERVAL 23 DAY), 0, 0, 'El Amal - Gabes', NULL, DATE_ADD(NOW(), INTERVAL 23 DAY), 'SEMINAIRE PHILOSOPHY', 'SEMINAIRE', 15),
(115, 'Suivi pedagogique et accompagnement des enseignants - dossier 115', DATE_ADD(NOW(), INTERVAL 24 DAY), 1, 0, 'En ligne', 'https://meet.jit.si/Inspector-demo-115', DATE_ADD(NOW(), INTERVAL 24 DAY), 'INSPECTION ISLAMIC_STUDIES', 'INSPECTION', 16),
(116, 'Suivi pedagogique et accompagnement des enseignants - dossier 116', DATE_ADD(NOW(), INTERVAL 25 DAY), 0, 0, 'El Manar - Tataouine', NULL, DATE_ADD(NOW(), INTERVAL 25 DAY), 'VISITE PEDAGOGIQUE PHYSICAL_EDUCATION', 'VISITE_PEDAGOGIQUE', 17),
(117, 'Suivi pedagogique et accompagnement des enseignants - dossier 117', DATE_ADD(NOW(), INTERVAL 26 DAY), 0, 0, 'Taher Haddad - Gafsa', NULL, DATE_ADD(NOW(), INTERVAL 26 DAY), 'FORMATION COMPUTER_SCIENCE', 'FORMATION', 18),
(118, 'Suivi pedagogique et accompagnement des enseignants - dossier 118', DATE_ADD(NOW(), INTERVAL 27 DAY), 0, 0, 'Abou Kacem Chebbi - Tozeur', NULL, DATE_ADD(NOW(), INTERVAL 27 DAY), 'REUNION TRAVAIL ECONOMICS', 'REUNION_TRAVAIL', 19),
(119, 'Suivi pedagogique et accompagnement des enseignants - dossier 119', DATE_ADD(NOW(), INTERVAL 28 DAY), 0, 0, 'Avenue de la Republique - Kebili', NULL, DATE_ADD(NOW(), INTERVAL 28 DAY), 'LECON TEMOIN ARTS', 'LECON_TEMOIN', 20),
(120, 'Suivi pedagogique et accompagnement des enseignants - dossier 120', DATE_ADD(NOW(), INTERVAL 29 DAY), 0, 0, 'El Mourouj - Zaghouan', NULL, DATE_ADD(NOW(), INTERVAL 29 DAY), 'SEMINAIRE MUSIC', 'SEMINAIRE', 4),
(121, 'Suivi pedagogique et accompagnement des enseignants - dossier 121', DATE_ADD(NOW(), INTERVAL 30 DAY), 1, 0, 'En ligne', 'https://meet.jit.si/Inspector-demo-121', DATE_ADD(NOW(), INTERVAL 30 DAY), 'INSPECTION ARABIC', 'INSPECTION', 5),
(122, 'Suivi pedagogique et accompagnement des enseignants - dossier 122', DATE_ADD(NOW(), INTERVAL 31 DAY), 0, 0, 'Habib Bourguiba - Ariana', NULL, DATE_ADD(NOW(), INTERVAL 31 DAY), 'VISITE PEDAGOGIQUE FRENCH', 'VISITE_PEDAGOGIQUE', 6),
(123, 'Suivi pedagogique et accompagnement des enseignants - dossier 123', DATE_ADD(NOW(), INTERVAL 32 DAY), 0, 0, 'Farhat Hached - Ben Arous', NULL, DATE_ADD(NOW(), INTERVAL 32 DAY), 'FORMATION ENGLISH', 'FORMATION', 7),
(124, 'Suivi pedagogique et accompagnement des enseignants - dossier 124', DATE_ADD(NOW(), INTERVAL 33 DAY), 0, 0, 'Ali Belhouane - Manouba', NULL, DATE_ADD(NOW(), INTERVAL 33 DAY), 'REUNION TRAVAIL MATH', 'REUNION_TRAVAIL', 8),
(125, 'Suivi pedagogique et accompagnement des enseignants - dossier 125', DATE_ADD(NOW(), INTERVAL 34 DAY), 0, 0, 'Les Jasmins - Nabeul', NULL, DATE_ADD(NOW(), INTERVAL 34 DAY), 'LECON TEMOIN PHYSICS', 'LECON_TEMOIN', 9),
(126, 'Suivi pedagogique et accompagnement des enseignants - dossier 126', DATE_ADD(NOW(), INTERVAL 35 DAY), 0, 0, 'El Amal - Bizerte', NULL, DATE_ADD(NOW(), INTERVAL 35 DAY), 'SEMINAIRE CHEMISTRY', 'SEMINAIRE', 10),
(127, 'Suivi pedagogique et accompagnement des enseignants - dossier 127', DATE_ADD(NOW(), INTERVAL 36 DAY), 1, 0, 'En ligne', 'https://meet.jit.si/Inspector-demo-127', DATE_ADD(NOW(), INTERVAL 36 DAY), 'INSPECTION BIOLOGY', 'INSPECTION', 11),
(128, 'Suivi pedagogique et accompagnement des enseignants - dossier 128', DATE_ADD(NOW(), INTERVAL 37 DAY), 0, 0, 'El Manar - Jendouba', NULL, DATE_ADD(NOW(), INTERVAL 37 DAY), 'VISITE PEDAGOGIQUE HISTORY_GEOGRAPHY', 'VISITE_PEDAGOGIQUE', 12),
(129, 'Suivi pedagogique et accompagnement des enseignants - dossier 129', DATE_ADD(NOW(), INTERVAL 38 DAY), 0, 0, 'Taher Haddad - Kef', NULL, DATE_ADD(NOW(), INTERVAL 38 DAY), 'FORMATION PHILOSOPHY', 'FORMATION', 13),
(130, 'Suivi pedagogique et accompagnement des enseignants - dossier 130', DATE_ADD(NOW(), INTERVAL 39 DAY), 0, 0, 'Abou Kacem Chebbi - Siliana', NULL, DATE_ADD(NOW(), INTERVAL 39 DAY), 'REUNION TRAVAIL ISLAMIC_STUDIES', 'REUNION_TRAVAIL', 14),
(131, 'Suivi pedagogique et accompagnement des enseignants - dossier 131', DATE_ADD(NOW(), INTERVAL 40 DAY), 0, 0, 'Avenue de la Republique - Sousse', NULL, DATE_ADD(NOW(), INTERVAL 40 DAY), 'LECON TEMOIN PHYSICAL_EDUCATION', 'LECON_TEMOIN', 15),
(132, 'Suivi pedagogique et accompagnement des enseignants - dossier 132', DATE_ADD(NOW(), INTERVAL 41 DAY), 0, 0, 'El Mourouj - Monastir', NULL, DATE_ADD(NOW(), INTERVAL 41 DAY), 'SEMINAIRE COMPUTER_SCIENCE', 'SEMINAIRE', 16),
(133, 'Suivi pedagogique et accompagnement des enseignants - dossier 133', DATE_ADD(NOW(), INTERVAL 42 DAY), 1, 0, 'En ligne', 'https://meet.jit.si/Inspector-demo-133', DATE_ADD(NOW(), INTERVAL 42 DAY), 'INSPECTION ECONOMICS', 'INSPECTION', 17),
(134, 'Suivi pedagogique et accompagnement des enseignants - dossier 134', DATE_ADD(NOW(), INTERVAL 43 DAY), 0, 0, 'Habib Bourguiba - Sfax', NULL, DATE_ADD(NOW(), INTERVAL 43 DAY), 'VISITE PEDAGOGIQUE ARTS', 'VISITE_PEDAGOGIQUE', 18),
(135, 'Suivi pedagogique et accompagnement des enseignants - dossier 135', DATE_ADD(NOW(), INTERVAL 44 DAY), 0, 0, 'Farhat Hached - Kairouan', NULL, DATE_ADD(NOW(), INTERVAL 44 DAY), 'FORMATION MUSIC', 'FORMATION', 19),
(136, 'Suivi pedagogique et accompagnement des enseignants - dossier 136', DATE_ADD(NOW(), INTERVAL 45 DAY), 0, 0, 'Ali Belhouane - Kasserine', NULL, DATE_ADD(NOW(), INTERVAL 45 DAY), 'REUNION TRAVAIL ARABIC', 'REUNION_TRAVAIL', 20),
(137, 'Suivi pedagogique et accompagnement des enseignants - dossier 137', DATE_ADD(NOW(), INTERVAL 46 DAY), 0, 0, 'Les Jasmins - Sidi Bouzid', NULL, DATE_ADD(NOW(), INTERVAL 46 DAY), 'LECON TEMOIN FRENCH', 'LECON_TEMOIN', 4),
(138, 'Suivi pedagogique et accompagnement des enseignants - dossier 138', DATE_ADD(NOW(), INTERVAL 47 DAY), 0, 0, 'El Amal - Gabes', NULL, DATE_ADD(NOW(), INTERVAL 47 DAY), 'SEMINAIRE ENGLISH', 'SEMINAIRE', 5),
(139, 'Suivi pedagogique et accompagnement des enseignants - dossier 139', DATE_ADD(NOW(), INTERVAL 48 DAY), 1, 0, 'En ligne', 'https://meet.jit.si/Inspector-demo-139', DATE_ADD(NOW(), INTERVAL 48 DAY), 'INSPECTION MATH', 'INSPECTION', 6),
(140, 'Suivi pedagogique et accompagnement des enseignants - dossier 140', DATE_ADD(NOW(), INTERVAL 49 DAY), 0, 0, 'El Manar - Tataouine', NULL, DATE_ADD(NOW(), INTERVAL 49 DAY), 'VISITE PEDAGOGIQUE PHYSICS', 'VISITE_PEDAGOGIQUE', 7),
(141, 'Suivi pedagogique et accompagnement des enseignants - dossier 141', DATE_ADD(NOW(), INTERVAL 50 DAY), 0, 0, 'Taher Haddad - Gafsa', NULL, DATE_ADD(NOW(), INTERVAL 50 DAY), 'FORMATION CHEMISTRY', 'FORMATION', 8),
(142, 'Suivi pedagogique et accompagnement des enseignants - dossier 142', DATE_ADD(NOW(), INTERVAL 51 DAY), 0, 0, 'Abou Kacem Chebbi - Tozeur', NULL, DATE_ADD(NOW(), INTERVAL 51 DAY), 'REUNION TRAVAIL BIOLOGY', 'REUNION_TRAVAIL', 9),
(143, 'Suivi pedagogique et accompagnement des enseignants - dossier 143', DATE_ADD(NOW(), INTERVAL 52 DAY), 0, 0, 'Avenue de la Republique - Kebili', NULL, DATE_ADD(NOW(), INTERVAL 52 DAY), 'LECON TEMOIN HISTORY_GEOGRAPHY', 'LECON_TEMOIN', 10),
(144, 'Suivi pedagogique et accompagnement des enseignants - dossier 144', DATE_ADD(NOW(), INTERVAL 53 DAY), 0, 0, 'El Mourouj - Zaghouan', NULL, DATE_ADD(NOW(), INTERVAL 53 DAY), 'SEMINAIRE PHILOSOPHY', 'SEMINAIRE', 11),
(145, 'Suivi pedagogique et accompagnement des enseignants - dossier 145', DATE_ADD(NOW(), INTERVAL 54 DAY), 1, 0, 'En ligne', 'https://meet.jit.si/Inspector-demo-145', DATE_ADD(NOW(), INTERVAL 54 DAY), 'INSPECTION ISLAMIC_STUDIES', 'INSPECTION', 12),
(146, 'Suivi pedagogique et accompagnement des enseignants - dossier 146', DATE_ADD(NOW(), INTERVAL 55 DAY), 0, 0, 'Habib Bourguiba - Ariana', NULL, DATE_ADD(NOW(), INTERVAL 55 DAY), 'VISITE PEDAGOGIQUE PHYSICAL_EDUCATION', 'VISITE_PEDAGOGIQUE', 13),
(147, 'Suivi pedagogique et accompagnement des enseignants - dossier 147', DATE_ADD(NOW(), INTERVAL 56 DAY), 0, 0, 'Farhat Hached - Ben Arous', NULL, DATE_ADD(NOW(), INTERVAL 56 DAY), 'FORMATION COMPUTER_SCIENCE', 'FORMATION', 14),
(148, 'Suivi pedagogique et accompagnement des enseignants - dossier 148', DATE_ADD(NOW(), INTERVAL 57 DAY), 0, 0, 'Ali Belhouane - Manouba', NULL, DATE_ADD(NOW(), INTERVAL 57 DAY), 'REUNION TRAVAIL ECONOMICS', 'REUNION_TRAVAIL', 15),
(149, 'Suivi pedagogique et accompagnement des enseignants - dossier 149', DATE_ADD(NOW(), INTERVAL 58 DAY), 0, 0, 'Les Jasmins - Nabeul', NULL, DATE_ADD(NOW(), INTERVAL 58 DAY), 'LECON TEMOIN ARTS', 'LECON_TEMOIN', 16),
(150, 'Suivi pedagogique et accompagnement des enseignants - dossier 150', DATE_ADD(NOW(), INTERVAL 59 DAY), 0, 0, 'El Amal - Bizerte', NULL, DATE_ADD(NOW(), INTERVAL 59 DAY), 'SEMINAIRE MUSIC', 'SEMINAIRE', 17);

INSERT INTO activity_guests (activity_id, teacher_profile_id) VALUES

(1, 1),
(2, 8),
(3, 15),
(4, 22),
(5, 29),
(6, 36),
(7, 43),
(8, 50),
(9, 57),
(10, 64),
(11, 71),
(12, 78),
(13, 5),
(14, 12),
(15, 19),
(16, 26),
(17, 33),
(18, 40),
(19, 47),
(20, 54),
(21, 61),
(22, 68),
(23, 75),
(24, 2),
(25, 9),
(26, 16),
(27, 23),
(28, 30),
(29, 37),
(30, 44),
(31, 51),
(32, 58),
(33, 65),
(34, 72),
(35, 79),
(36, 6),
(37, 13),
(38, 20),
(39, 27),
(40, 34),
(41, 41),
(42, 48),
(43, 55),
(44, 62),
(45, 69),
(46, 76),
(47, 3),
(48, 10),
(49, 17),
(50, 24),
(51, 31),
(52, 38),
(53, 45),
(54, 52),
(55, 59),
(56, 66),
(57, 73),
(58, 80),
(59, 7),
(60, 14),
(61, 21),
(62, 28),
(63, 35),
(64, 42),
(65, 49),
(66, 56),
(67, 63),
(68, 70),
(69, 77),
(70, 4),
(71, 11),
(72, 18),
(73, 25),
(74, 32),
(75, 39),
(76, 46),
(77, 53),
(78, 60),
(79, 67),
(80, 74),
(81, 1),
(82, 8),
(83, 15),
(84, 22),
(85, 29),
(86, 36),
(87, 43),
(88, 50),
(89, 57),
(90, 64),
(91, 71),
(92, 78),
(93, 5),
(94, 12),
(95, 19),
(96, 26),
(97, 33),
(98, 40),
(99, 47),
(100, 54),
(101, 61),
(102, 68),
(103, 75),
(104, 2),
(105, 9),
(106, 16),
(107, 23),
(108, 30),
(109, 37),
(110, 44),
(111, 51),
(112, 58),
(113, 65),
(114, 72),
(115, 79),
(116, 6),
(117, 13),
(118, 20),
(119, 27),
(120, 34),
(121, 41),
(122, 48),
(123, 55),
(124, 62),
(125, 69),
(126, 76),
(127, 3),
(128, 10),
(129, 17),
(130, 24),
(131, 31),
(132, 38),
(133, 45),
(134, 52),
(135, 59),
(136, 66),
(137, 73),
(138, 80),
(139, 7),
(140, 14),
(141, 21),
(142, 28),
(143, 35),
(144, 42),
(145, 49),
(146, 56),
(147, 63),
(148, 70),
(149, 77),
(150, 4),
(1, 11),
(2, 18),
(3, 25),
(4, 32),
(5, 39),
(6, 46),
(7, 53),
(8, 60),
(9, 67),
(10, 74),
(11, 1),
(12, 8),
(13, 15),
(14, 22),
(15, 29),
(16, 36),
(17, 43),
(18, 50),
(19, 57),
(20, 64),
(21, 71),
(22, 78),
(23, 5),
(24, 12),
(25, 19),
(26, 26),
(27, 33),
(28, 40),
(29, 47),
(30, 54),
(31, 61),
(32, 68),
(33, 75),
(34, 2),
(35, 9),
(36, 16),
(37, 23),
(38, 30),
(39, 37),
(40, 44),
(41, 51),
(42, 58),
(43, 65),
(44, 72),
(45, 79),
(46, 6),
(47, 13),
(48, 20),
(49, 27),
(50, 34),
(51, 41),
(52, 48),
(53, 55),
(54, 62),
(55, 69),
(56, 76),
(57, 3),
(58, 10),
(59, 17),
(60, 24),
(61, 31),
(62, 38),
(63, 45),
(64, 52),
(65, 59),
(66, 66),
(67, 73),
(68, 80),
(69, 7),
(70, 14),
(71, 21),
(72, 28),
(73, 35),
(74, 42),
(75, 49),
(76, 56),
(77, 63),
(78, 70),
(79, 77),
(80, 4),
(81, 11),
(82, 18),
(83, 25),
(84, 32),
(85, 39),
(86, 46),
(87, 53),
(88, 60),
(89, 67),
(90, 74),
(91, 1),
(92, 8),
(93, 15),
(94, 22),
(95, 29),
(96, 36),
(97, 43),
(98, 50),
(99, 57),
(100, 64),
(101, 71),
(102, 78),
(103, 5),
(104, 12),
(105, 19),
(106, 26),
(107, 33),
(108, 40),
(109, 47),
(110, 54),
(111, 61),
(112, 68),
(113, 75),
(114, 2),
(115, 9),
(116, 16),
(117, 23),
(118, 30),
(119, 37),
(120, 44),
(121, 51),
(122, 58),
(123, 65),
(124, 72),
(125, 79),
(126, 6),
(127, 13),
(128, 20),
(129, 27),
(130, 34),
(131, 41),
(132, 48),
(133, 55),
(134, 62),
(135, 69),
(136, 76),
(137, 3),
(138, 10),
(139, 17),
(140, 24),
(141, 31),
(142, 38),
(143, 45),
(144, 52),
(145, 59),
(146, 66),
(147, 73),
(148, 80),
(149, 7),
(150, 14);

INSERT INTO activity_reports (id, created_at, observations, recommendations, score, status, title, updated_at, activity_id, inspector_user_id, teacher_profile_id) VALUES

(1, DATE_ADD(NOW(), INTERVAL -85 DAY), 'Observation: classe bien geree, progression conforme au programme, participation elevee des eleves. Points de vigilance notes pendant la visite 1.', 'Recommandations: renforcer l''evaluation formative, varier les supports numeriques, planifier une remediation ciblee.', 10, 'DRAFT', 'Rapport pedagogique 1', DATE_ADD(NOW(), INTERVAL -84 DAY), 1, 4, 1),
(2, DATE_ADD(NOW(), INTERVAL -84 DAY), 'Observation: classe bien geree, progression conforme au programme, participation elevee des eleves. Points de vigilance notes pendant la visite 2.', 'Recommandations: renforcer l''evaluation formative, varier les supports numeriques, planifier une remediation ciblee.', 11, 'FINAL', 'Rapport pedagogique 2', DATE_ADD(NOW(), INTERVAL -83 DAY), 2, 5, 4),
(3, DATE_ADD(NOW(), INTERVAL -83 DAY), 'Observation: classe bien geree, progression conforme au programme, participation elevee des eleves. Points de vigilance notes pendant la visite 3.', 'Recommandations: renforcer l''evaluation formative, varier les supports numeriques, planifier une remediation ciblee.', 12, 'FINAL', 'Rapport pedagogique 3', DATE_ADD(NOW(), INTERVAL -82 DAY), 3, 6, 7),
(4, DATE_ADD(NOW(), INTERVAL -82 DAY), 'Observation: classe bien geree, progression conforme au programme, participation elevee des eleves. Points de vigilance notes pendant la visite 4.', 'Recommandations: renforcer l''evaluation formative, varier les supports numeriques, planifier une remediation ciblee.', 13, 'FINAL', 'Rapport pedagogique 4', DATE_ADD(NOW(), INTERVAL -81 DAY), 4, 7, 10),
(5, DATE_ADD(NOW(), INTERVAL -81 DAY), 'Observation: classe bien geree, progression conforme au programme, participation elevee des eleves. Points de vigilance notes pendant la visite 5.', 'Recommandations: renforcer l''evaluation formative, varier les supports numeriques, planifier une remediation ciblee.', 14, 'FINAL', 'Rapport pedagogique 5', DATE_ADD(NOW(), INTERVAL -80 DAY), 5, 8, 13),
(6, DATE_ADD(NOW(), INTERVAL -80 DAY), 'Observation: classe bien geree, progression conforme au programme, participation elevee des eleves. Points de vigilance notes pendant la visite 6.', 'Recommandations: renforcer l''evaluation formative, varier les supports numeriques, planifier une remediation ciblee.', 15, 'DRAFT', 'Rapport pedagogique 6', DATE_ADD(NOW(), INTERVAL -79 DAY), 6, 9, 16),
(7, DATE_ADD(NOW(), INTERVAL -79 DAY), 'Observation: classe bien geree, progression conforme au programme, participation elevee des eleves. Points de vigilance notes pendant la visite 7.', 'Recommandations: renforcer l''evaluation formative, varier les supports numeriques, planifier une remediation ciblee.', 16, 'FINAL', 'Rapport pedagogique 7', DATE_ADD(NOW(), INTERVAL -78 DAY), 7, 10, 19),
(8, DATE_ADD(NOW(), INTERVAL -78 DAY), 'Observation: classe bien geree, progression conforme au programme, participation elevee des eleves. Points de vigilance notes pendant la visite 8.', 'Recommandations: renforcer l''evaluation formative, varier les supports numeriques, planifier une remediation ciblee.', 17, 'FINAL', 'Rapport pedagogique 8', DATE_ADD(NOW(), INTERVAL -77 DAY), 8, 11, 22),
(9, DATE_ADD(NOW(), INTERVAL -77 DAY), 'Observation: classe bien geree, progression conforme au programme, participation elevee des eleves. Points de vigilance notes pendant la visite 9.', 'Recommandations: renforcer l''evaluation formative, varier les supports numeriques, planifier une remediation ciblee.', 18, 'FINAL', 'Rapport pedagogique 9', DATE_ADD(NOW(), INTERVAL -76 DAY), 9, 12, 25),
(10, DATE_ADD(NOW(), INTERVAL -76 DAY), 'Observation: classe bien geree, progression conforme au programme, participation elevee des eleves. Points de vigilance notes pendant la visite 10.', 'Recommandations: renforcer l''evaluation formative, varier les supports numeriques, planifier une remediation ciblee.', 19, 'FINAL', 'Rapport pedagogique 10', DATE_ADD(NOW(), INTERVAL -75 DAY), 10, 13, 28),
(11, DATE_ADD(NOW(), INTERVAL -75 DAY), 'Observation: classe bien geree, progression conforme au programme, participation elevee des eleves. Points de vigilance notes pendant la visite 11.', 'Recommandations: renforcer l''evaluation formative, varier les supports numeriques, planifier une remediation ciblee.', 20, 'DRAFT', 'Rapport pedagogique 11', DATE_ADD(NOW(), INTERVAL -74 DAY), 11, 14, 31),
(12, DATE_ADD(NOW(), INTERVAL -74 DAY), 'Observation: classe bien geree, progression conforme au programme, participation elevee des eleves. Points de vigilance notes pendant la visite 12.', 'Recommandations: renforcer l''evaluation formative, varier les supports numeriques, planifier une remediation ciblee.', 10, 'FINAL', 'Rapport pedagogique 12', DATE_ADD(NOW(), INTERVAL -73 DAY), 12, 15, 34),
(13, DATE_ADD(NOW(), INTERVAL -73 DAY), 'Observation: classe bien geree, progression conforme au programme, participation elevee des eleves. Points de vigilance notes pendant la visite 13.', 'Recommandations: renforcer l''evaluation formative, varier les supports numeriques, planifier une remediation ciblee.', 11, 'FINAL', 'Rapport pedagogique 13', DATE_ADD(NOW(), INTERVAL -72 DAY), 13, 16, 37),
(14, DATE_ADD(NOW(), INTERVAL -72 DAY), 'Observation: classe bien geree, progression conforme au programme, participation elevee des eleves. Points de vigilance notes pendant la visite 14.', 'Recommandations: renforcer l''evaluation formative, varier les supports numeriques, planifier une remediation ciblee.', 12, 'FINAL', 'Rapport pedagogique 14', DATE_ADD(NOW(), INTERVAL -71 DAY), 14, 17, 40),
(15, DATE_ADD(NOW(), INTERVAL -71 DAY), 'Observation: classe bien geree, progression conforme au programme, participation elevee des eleves. Points de vigilance notes pendant la visite 15.', 'Recommandations: renforcer l''evaluation formative, varier les supports numeriques, planifier une remediation ciblee.', 13, 'FINAL', 'Rapport pedagogique 15', DATE_ADD(NOW(), INTERVAL -70 DAY), 15, 18, 43),
(16, DATE_ADD(NOW(), INTERVAL -70 DAY), 'Observation: classe bien geree, progression conforme au programme, participation elevee des eleves. Points de vigilance notes pendant la visite 16.', 'Recommandations: renforcer l''evaluation formative, varier les supports numeriques, planifier une remediation ciblee.', 14, 'DRAFT', 'Rapport pedagogique 16', DATE_ADD(NOW(), INTERVAL -69 DAY), 16, 19, 46),
(17, DATE_ADD(NOW(), INTERVAL -69 DAY), 'Observation: classe bien geree, progression conforme au programme, participation elevee des eleves. Points de vigilance notes pendant la visite 17.', 'Recommandations: renforcer l''evaluation formative, varier les supports numeriques, planifier une remediation ciblee.', 15, 'FINAL', 'Rapport pedagogique 17', DATE_ADD(NOW(), INTERVAL -68 DAY), 17, 20, 49),
(18, DATE_ADD(NOW(), INTERVAL -68 DAY), 'Observation: classe bien geree, progression conforme au programme, participation elevee des eleves. Points de vigilance notes pendant la visite 18.', 'Recommandations: renforcer l''evaluation formative, varier les supports numeriques, planifier une remediation ciblee.', 16, 'FINAL', 'Rapport pedagogique 18', DATE_ADD(NOW(), INTERVAL -67 DAY), 18, 4, 52),
(19, DATE_ADD(NOW(), INTERVAL -67 DAY), 'Observation: classe bien geree, progression conforme au programme, participation elevee des eleves. Points de vigilance notes pendant la visite 19.', 'Recommandations: renforcer l''evaluation formative, varier les supports numeriques, planifier une remediation ciblee.', 17, 'FINAL', 'Rapport pedagogique 19', DATE_ADD(NOW(), INTERVAL -66 DAY), 19, 5, 55),
(20, DATE_ADD(NOW(), INTERVAL -66 DAY), 'Observation: classe bien geree, progression conforme au programme, participation elevee des eleves. Points de vigilance notes pendant la visite 20.', 'Recommandations: renforcer l''evaluation formative, varier les supports numeriques, planifier une remediation ciblee.', 18, 'FINAL', 'Rapport pedagogique 20', DATE_ADD(NOW(), INTERVAL -65 DAY), 20, 6, 58),
(21, DATE_ADD(NOW(), INTERVAL -65 DAY), 'Observation: classe bien geree, progression conforme au programme, participation elevee des eleves. Points de vigilance notes pendant la visite 21.', 'Recommandations: renforcer l''evaluation formative, varier les supports numeriques, planifier une remediation ciblee.', 19, 'DRAFT', 'Rapport pedagogique 21', DATE_ADD(NOW(), INTERVAL -64 DAY), 21, 7, 61),
(22, DATE_ADD(NOW(), INTERVAL -64 DAY), 'Observation: classe bien geree, progression conforme au programme, participation elevee des eleves. Points de vigilance notes pendant la visite 22.', 'Recommandations: renforcer l''evaluation formative, varier les supports numeriques, planifier une remediation ciblee.', 20, 'FINAL', 'Rapport pedagogique 22', DATE_ADD(NOW(), INTERVAL -63 DAY), 22, 8, 64),
(23, DATE_ADD(NOW(), INTERVAL -63 DAY), 'Observation: classe bien geree, progression conforme au programme, participation elevee des eleves. Points de vigilance notes pendant la visite 23.', 'Recommandations: renforcer l''evaluation formative, varier les supports numeriques, planifier une remediation ciblee.', 10, 'FINAL', 'Rapport pedagogique 23', DATE_ADD(NOW(), INTERVAL -62 DAY), 23, 9, 67),
(24, DATE_ADD(NOW(), INTERVAL -62 DAY), 'Observation: classe bien geree, progression conforme au programme, participation elevee des eleves. Points de vigilance notes pendant la visite 24.', 'Recommandations: renforcer l''evaluation formative, varier les supports numeriques, planifier une remediation ciblee.', 11, 'FINAL', 'Rapport pedagogique 24', DATE_ADD(NOW(), INTERVAL -61 DAY), 24, 10, 70),
(25, DATE_ADD(NOW(), INTERVAL -61 DAY), 'Observation: classe bien geree, progression conforme au programme, participation elevee des eleves. Points de vigilance notes pendant la visite 25.', 'Recommandations: renforcer l''evaluation formative, varier les supports numeriques, planifier une remediation ciblee.', 12, 'FINAL', 'Rapport pedagogique 25', DATE_ADD(NOW(), INTERVAL -60 DAY), 25, 11, 73),
(26, DATE_ADD(NOW(), INTERVAL -60 DAY), 'Observation: classe bien geree, progression conforme au programme, participation elevee des eleves. Points de vigilance notes pendant la visite 26.', 'Recommandations: renforcer l''evaluation formative, varier les supports numeriques, planifier une remediation ciblee.', 13, 'DRAFT', 'Rapport pedagogique 26', DATE_ADD(NOW(), INTERVAL -59 DAY), 26, 12, 76),
(27, DATE_ADD(NOW(), INTERVAL -59 DAY), 'Observation: classe bien geree, progression conforme au programme, participation elevee des eleves. Points de vigilance notes pendant la visite 27.', 'Recommandations: renforcer l''evaluation formative, varier les supports numeriques, planifier une remediation ciblee.', 14, 'FINAL', 'Rapport pedagogique 27', DATE_ADD(NOW(), INTERVAL -58 DAY), 27, 13, 79),
(28, DATE_ADD(NOW(), INTERVAL -58 DAY), 'Observation: classe bien geree, progression conforme au programme, participation elevee des eleves. Points de vigilance notes pendant la visite 28.', 'Recommandations: renforcer l''evaluation formative, varier les supports numeriques, planifier une remediation ciblee.', 15, 'FINAL', 'Rapport pedagogique 28', DATE_ADD(NOW(), INTERVAL -57 DAY), 28, 14, 2),
(29, DATE_ADD(NOW(), INTERVAL -57 DAY), 'Observation: classe bien geree, progression conforme au programme, participation elevee des eleves. Points de vigilance notes pendant la visite 29.', 'Recommandations: renforcer l''evaluation formative, varier les supports numeriques, planifier une remediation ciblee.', 16, 'FINAL', 'Rapport pedagogique 29', DATE_ADD(NOW(), INTERVAL -56 DAY), 29, 15, 5),
(30, DATE_ADD(NOW(), INTERVAL -56 DAY), 'Observation: classe bien geree, progression conforme au programme, participation elevee des eleves. Points de vigilance notes pendant la visite 30.', 'Recommandations: renforcer l''evaluation formative, varier les supports numeriques, planifier une remediation ciblee.', 17, 'FINAL', 'Rapport pedagogique 30', DATE_ADD(NOW(), INTERVAL -55 DAY), 30, 16, 8),
(31, DATE_ADD(NOW(), INTERVAL -55 DAY), 'Observation: classe bien geree, progression conforme au programme, participation elevee des eleves. Points de vigilance notes pendant la visite 31.', 'Recommandations: renforcer l''evaluation formative, varier les supports numeriques, planifier une remediation ciblee.', 18, 'DRAFT', 'Rapport pedagogique 31', DATE_ADD(NOW(), INTERVAL -54 DAY), 31, 17, 11),
(32, DATE_ADD(NOW(), INTERVAL -54 DAY), 'Observation: classe bien geree, progression conforme au programme, participation elevee des eleves. Points de vigilance notes pendant la visite 32.', 'Recommandations: renforcer l''evaluation formative, varier les supports numeriques, planifier une remediation ciblee.', 19, 'FINAL', 'Rapport pedagogique 32', DATE_ADD(NOW(), INTERVAL -53 DAY), 32, 18, 14),
(33, DATE_ADD(NOW(), INTERVAL -53 DAY), 'Observation: classe bien geree, progression conforme au programme, participation elevee des eleves. Points de vigilance notes pendant la visite 33.', 'Recommandations: renforcer l''evaluation formative, varier les supports numeriques, planifier une remediation ciblee.', 20, 'FINAL', 'Rapport pedagogique 33', DATE_ADD(NOW(), INTERVAL -52 DAY), 33, 19, 17),
(34, DATE_ADD(NOW(), INTERVAL -52 DAY), 'Observation: classe bien geree, progression conforme au programme, participation elevee des eleves. Points de vigilance notes pendant la visite 34.', 'Recommandations: renforcer l''evaluation formative, varier les supports numeriques, planifier une remediation ciblee.', 10, 'FINAL', 'Rapport pedagogique 34', DATE_ADD(NOW(), INTERVAL -51 DAY), 34, 20, 20),
(35, DATE_ADD(NOW(), INTERVAL -51 DAY), 'Observation: classe bien geree, progression conforme au programme, participation elevee des eleves. Points de vigilance notes pendant la visite 35.', 'Recommandations: renforcer l''evaluation formative, varier les supports numeriques, planifier une remediation ciblee.', 11, 'FINAL', 'Rapport pedagogique 35', DATE_ADD(NOW(), INTERVAL -50 DAY), 35, 4, 23),
(36, DATE_ADD(NOW(), INTERVAL -50 DAY), 'Observation: classe bien geree, progression conforme au programme, participation elevee des eleves. Points de vigilance notes pendant la visite 36.', 'Recommandations: renforcer l''evaluation formative, varier les supports numeriques, planifier une remediation ciblee.', 12, 'DRAFT', 'Rapport pedagogique 36', DATE_ADD(NOW(), INTERVAL -49 DAY), 36, 5, 26),
(37, DATE_ADD(NOW(), INTERVAL -49 DAY), 'Observation: classe bien geree, progression conforme au programme, participation elevee des eleves. Points de vigilance notes pendant la visite 37.', 'Recommandations: renforcer l''evaluation formative, varier les supports numeriques, planifier une remediation ciblee.', 13, 'FINAL', 'Rapport pedagogique 37', DATE_ADD(NOW(), INTERVAL -48 DAY), 37, 6, 29),
(38, DATE_ADD(NOW(), INTERVAL -48 DAY), 'Observation: classe bien geree, progression conforme au programme, participation elevee des eleves. Points de vigilance notes pendant la visite 38.', 'Recommandations: renforcer l''evaluation formative, varier les supports numeriques, planifier une remediation ciblee.', 14, 'FINAL', 'Rapport pedagogique 38', DATE_ADD(NOW(), INTERVAL -47 DAY), 38, 7, 32),
(39, DATE_ADD(NOW(), INTERVAL -47 DAY), 'Observation: classe bien geree, progression conforme au programme, participation elevee des eleves. Points de vigilance notes pendant la visite 39.', 'Recommandations: renforcer l''evaluation formative, varier les supports numeriques, planifier une remediation ciblee.', 15, 'FINAL', 'Rapport pedagogique 39', DATE_ADD(NOW(), INTERVAL -46 DAY), 39, 8, 35),
(40, DATE_ADD(NOW(), INTERVAL -46 DAY), 'Observation: classe bien geree, progression conforme au programme, participation elevee des eleves. Points de vigilance notes pendant la visite 40.', 'Recommandations: renforcer l''evaluation formative, varier les supports numeriques, planifier une remediation ciblee.', 16, 'FINAL', 'Rapport pedagogique 40', DATE_ADD(NOW(), INTERVAL -45 DAY), 40, 9, 38),
(41, DATE_ADD(NOW(), INTERVAL -45 DAY), 'Observation: classe bien geree, progression conforme au programme, participation elevee des eleves. Points de vigilance notes pendant la visite 41.', 'Recommandations: renforcer l''evaluation formative, varier les supports numeriques, planifier une remediation ciblee.', 17, 'DRAFT', 'Rapport pedagogique 41', DATE_ADD(NOW(), INTERVAL -44 DAY), 41, 10, 41),
(42, DATE_ADD(NOW(), INTERVAL -44 DAY), 'Observation: classe bien geree, progression conforme au programme, participation elevee des eleves. Points de vigilance notes pendant la visite 42.', 'Recommandations: renforcer l''evaluation formative, varier les supports numeriques, planifier une remediation ciblee.', 18, 'FINAL', 'Rapport pedagogique 42', DATE_ADD(NOW(), INTERVAL -43 DAY), 42, 11, 44),
(43, DATE_ADD(NOW(), INTERVAL -43 DAY), 'Observation: classe bien geree, progression conforme au programme, participation elevee des eleves. Points de vigilance notes pendant la visite 43.', 'Recommandations: renforcer l''evaluation formative, varier les supports numeriques, planifier une remediation ciblee.', 19, 'FINAL', 'Rapport pedagogique 43', DATE_ADD(NOW(), INTERVAL -42 DAY), 43, 12, 47),
(44, DATE_ADD(NOW(), INTERVAL -42 DAY), 'Observation: classe bien geree, progression conforme au programme, participation elevee des eleves. Points de vigilance notes pendant la visite 44.', 'Recommandations: renforcer l''evaluation formative, varier les supports numeriques, planifier une remediation ciblee.', 20, 'FINAL', 'Rapport pedagogique 44', DATE_ADD(NOW(), INTERVAL -41 DAY), 44, 13, 50),
(45, DATE_ADD(NOW(), INTERVAL -41 DAY), 'Observation: classe bien geree, progression conforme au programme, participation elevee des eleves. Points de vigilance notes pendant la visite 45.', 'Recommandations: renforcer l''evaluation formative, varier les supports numeriques, planifier une remediation ciblee.', 10, 'FINAL', 'Rapport pedagogique 45', DATE_ADD(NOW(), INTERVAL -40 DAY), 45, 14, 53),
(46, DATE_ADD(NOW(), INTERVAL -40 DAY), 'Observation: classe bien geree, progression conforme au programme, participation elevee des eleves. Points de vigilance notes pendant la visite 46.', 'Recommandations: renforcer l''evaluation formative, varier les supports numeriques, planifier une remediation ciblee.', 11, 'DRAFT', 'Rapport pedagogique 46', DATE_ADD(NOW(), INTERVAL -39 DAY), 46, 15, 56),
(47, DATE_ADD(NOW(), INTERVAL -39 DAY), 'Observation: classe bien geree, progression conforme au programme, participation elevee des eleves. Points de vigilance notes pendant la visite 47.', 'Recommandations: renforcer l''evaluation formative, varier les supports numeriques, planifier une remediation ciblee.', 12, 'FINAL', 'Rapport pedagogique 47', DATE_ADD(NOW(), INTERVAL -38 DAY), 47, 16, 59),
(48, DATE_ADD(NOW(), INTERVAL -38 DAY), 'Observation: classe bien geree, progression conforme au programme, participation elevee des eleves. Points de vigilance notes pendant la visite 48.', 'Recommandations: renforcer l''evaluation formative, varier les supports numeriques, planifier une remediation ciblee.', 13, 'FINAL', 'Rapport pedagogique 48', DATE_ADD(NOW(), INTERVAL -37 DAY), 48, 17, 62),
(49, DATE_ADD(NOW(), INTERVAL -37 DAY), 'Observation: classe bien geree, progression conforme au programme, participation elevee des eleves. Points de vigilance notes pendant la visite 49.', 'Recommandations: renforcer l''evaluation formative, varier les supports numeriques, planifier une remediation ciblee.', 14, 'FINAL', 'Rapport pedagogique 49', DATE_ADD(NOW(), INTERVAL -36 DAY), 49, 18, 65),
(50, DATE_ADD(NOW(), INTERVAL -36 DAY), 'Observation: classe bien geree, progression conforme au programme, participation elevee des eleves. Points de vigilance notes pendant la visite 50.', 'Recommandations: renforcer l''evaluation formative, varier les supports numeriques, planifier une remediation ciblee.', 15, 'FINAL', 'Rapport pedagogique 50', DATE_ADD(NOW(), INTERVAL -35 DAY), 50, 19, 68),
(51, DATE_ADD(NOW(), INTERVAL -35 DAY), 'Observation: classe bien geree, progression conforme au programme, participation elevee des eleves. Points de vigilance notes pendant la visite 51.', 'Recommandations: renforcer l''evaluation formative, varier les supports numeriques, planifier une remediation ciblee.', 16, 'DRAFT', 'Rapport pedagogique 51', DATE_ADD(NOW(), INTERVAL -34 DAY), 51, 20, 71),
(52, DATE_ADD(NOW(), INTERVAL -34 DAY), 'Observation: classe bien geree, progression conforme au programme, participation elevee des eleves. Points de vigilance notes pendant la visite 52.', 'Recommandations: renforcer l''evaluation formative, varier les supports numeriques, planifier une remediation ciblee.', 17, 'FINAL', 'Rapport pedagogique 52', DATE_ADD(NOW(), INTERVAL -33 DAY), 52, 4, 74),
(53, DATE_ADD(NOW(), INTERVAL -33 DAY), 'Observation: classe bien geree, progression conforme au programme, participation elevee des eleves. Points de vigilance notes pendant la visite 53.', 'Recommandations: renforcer l''evaluation formative, varier les supports numeriques, planifier une remediation ciblee.', 18, 'FINAL', 'Rapport pedagogique 53', DATE_ADD(NOW(), INTERVAL -32 DAY), 53, 5, 77),
(54, DATE_ADD(NOW(), INTERVAL -32 DAY), 'Observation: classe bien geree, progression conforme au programme, participation elevee des eleves. Points de vigilance notes pendant la visite 54.', 'Recommandations: renforcer l''evaluation formative, varier les supports numeriques, planifier une remediation ciblee.', 19, 'FINAL', 'Rapport pedagogique 54', DATE_ADD(NOW(), INTERVAL -31 DAY), 54, 6, 80),
(55, DATE_ADD(NOW(), INTERVAL -31 DAY), 'Observation: classe bien geree, progression conforme au programme, participation elevee des eleves. Points de vigilance notes pendant la visite 55.', 'Recommandations: renforcer l''evaluation formative, varier les supports numeriques, planifier une remediation ciblee.', 20, 'FINAL', 'Rapport pedagogique 55', DATE_ADD(NOW(), INTERVAL -30 DAY), 55, 7, 3),
(56, DATE_ADD(NOW(), INTERVAL -30 DAY), 'Observation: classe bien geree, progression conforme au programme, participation elevee des eleves. Points de vigilance notes pendant la visite 56.', 'Recommandations: renforcer l''evaluation formative, varier les supports numeriques, planifier une remediation ciblee.', 10, 'DRAFT', 'Rapport pedagogique 56', DATE_ADD(NOW(), INTERVAL -29 DAY), 56, 8, 6),
(57, DATE_ADD(NOW(), INTERVAL -29 DAY), 'Observation: classe bien geree, progression conforme au programme, participation elevee des eleves. Points de vigilance notes pendant la visite 57.', 'Recommandations: renforcer l''evaluation formative, varier les supports numeriques, planifier une remediation ciblee.', 11, 'FINAL', 'Rapport pedagogique 57', DATE_ADD(NOW(), INTERVAL -28 DAY), 57, 9, 9),
(58, DATE_ADD(NOW(), INTERVAL -28 DAY), 'Observation: classe bien geree, progression conforme au programme, participation elevee des eleves. Points de vigilance notes pendant la visite 58.', 'Recommandations: renforcer l''evaluation formative, varier les supports numeriques, planifier une remediation ciblee.', 12, 'FINAL', 'Rapport pedagogique 58', DATE_ADD(NOW(), INTERVAL -27 DAY), 58, 10, 12),
(59, DATE_ADD(NOW(), INTERVAL -27 DAY), 'Observation: classe bien geree, progression conforme au programme, participation elevee des eleves. Points de vigilance notes pendant la visite 59.', 'Recommandations: renforcer l''evaluation formative, varier les supports numeriques, planifier une remediation ciblee.', 13, 'FINAL', 'Rapport pedagogique 59', DATE_ADD(NOW(), INTERVAL -26 DAY), 59, 11, 15),
(60, DATE_ADD(NOW(), INTERVAL -26 DAY), 'Observation: classe bien geree, progression conforme au programme, participation elevee des eleves. Points de vigilance notes pendant la visite 60.', 'Recommandations: renforcer l''evaluation formative, varier les supports numeriques, planifier une remediation ciblee.', 14, 'FINAL', 'Rapport pedagogique 60', DATE_ADD(NOW(), INTERVAL -25 DAY), 60, 12, 18),
(61, DATE_ADD(NOW(), INTERVAL -25 DAY), 'Observation: classe bien geree, progression conforme au programme, participation elevee des eleves. Points de vigilance notes pendant la visite 61.', 'Recommandations: renforcer l''evaluation formative, varier les supports numeriques, planifier une remediation ciblee.', 15, 'DRAFT', 'Rapport pedagogique 61', DATE_ADD(NOW(), INTERVAL -24 DAY), 61, 13, 21),
(62, DATE_ADD(NOW(), INTERVAL -24 DAY), 'Observation: classe bien geree, progression conforme au programme, participation elevee des eleves. Points de vigilance notes pendant la visite 62.', 'Recommandations: renforcer l''evaluation formative, varier les supports numeriques, planifier une remediation ciblee.', 16, 'FINAL', 'Rapport pedagogique 62', DATE_ADD(NOW(), INTERVAL -23 DAY), 62, 14, 24),
(63, DATE_ADD(NOW(), INTERVAL -23 DAY), 'Observation: classe bien geree, progression conforme au programme, participation elevee des eleves. Points de vigilance notes pendant la visite 63.', 'Recommandations: renforcer l''evaluation formative, varier les supports numeriques, planifier une remediation ciblee.', 17, 'FINAL', 'Rapport pedagogique 63', DATE_ADD(NOW(), INTERVAL -22 DAY), 63, 15, 27),
(64, DATE_ADD(NOW(), INTERVAL -22 DAY), 'Observation: classe bien geree, progression conforme au programme, participation elevee des eleves. Points de vigilance notes pendant la visite 64.', 'Recommandations: renforcer l''evaluation formative, varier les supports numeriques, planifier une remediation ciblee.', 18, 'FINAL', 'Rapport pedagogique 64', DATE_ADD(NOW(), INTERVAL -21 DAY), 64, 16, 30),
(65, DATE_ADD(NOW(), INTERVAL -21 DAY), 'Observation: classe bien geree, progression conforme au programme, participation elevee des eleves. Points de vigilance notes pendant la visite 65.', 'Recommandations: renforcer l''evaluation formative, varier les supports numeriques, planifier une remediation ciblee.', 19, 'FINAL', 'Rapport pedagogique 65', DATE_ADD(NOW(), INTERVAL -20 DAY), 65, 17, 33),
(66, DATE_ADD(NOW(), INTERVAL -20 DAY), 'Observation: classe bien geree, progression conforme au programme, participation elevee des eleves. Points de vigilance notes pendant la visite 66.', 'Recommandations: renforcer l''evaluation formative, varier les supports numeriques, planifier une remediation ciblee.', 20, 'DRAFT', 'Rapport pedagogique 66', DATE_ADD(NOW(), INTERVAL -19 DAY), 66, 18, 36),
(67, DATE_ADD(NOW(), INTERVAL -19 DAY), 'Observation: classe bien geree, progression conforme au programme, participation elevee des eleves. Points de vigilance notes pendant la visite 67.', 'Recommandations: renforcer l''evaluation formative, varier les supports numeriques, planifier une remediation ciblee.', 10, 'FINAL', 'Rapport pedagogique 67', DATE_ADD(NOW(), INTERVAL -18 DAY), 67, 19, 39),
(68, DATE_ADD(NOW(), INTERVAL -18 DAY), 'Observation: classe bien geree, progression conforme au programme, participation elevee des eleves. Points de vigilance notes pendant la visite 68.', 'Recommandations: renforcer l''evaluation formative, varier les supports numeriques, planifier une remediation ciblee.', 11, 'FINAL', 'Rapport pedagogique 68', DATE_ADD(NOW(), INTERVAL -17 DAY), 68, 20, 42),
(69, DATE_ADD(NOW(), INTERVAL -17 DAY), 'Observation: classe bien geree, progression conforme au programme, participation elevee des eleves. Points de vigilance notes pendant la visite 69.', 'Recommandations: renforcer l''evaluation formative, varier les supports numeriques, planifier une remediation ciblee.', 12, 'FINAL', 'Rapport pedagogique 69', DATE_ADD(NOW(), INTERVAL -16 DAY), 69, 4, 45),
(70, DATE_ADD(NOW(), INTERVAL -16 DAY), 'Observation: classe bien geree, progression conforme au programme, participation elevee des eleves. Points de vigilance notes pendant la visite 70.', 'Recommandations: renforcer l''evaluation formative, varier les supports numeriques, planifier une remediation ciblee.', 13, 'FINAL', 'Rapport pedagogique 70', DATE_ADD(NOW(), INTERVAL -15 DAY), 70, 5, 48),
(71, DATE_ADD(NOW(), INTERVAL -15 DAY), 'Observation: classe bien geree, progression conforme au programme, participation elevee des eleves. Points de vigilance notes pendant la visite 71.', 'Recommandations: renforcer l''evaluation formative, varier les supports numeriques, planifier une remediation ciblee.', 14, 'DRAFT', 'Rapport pedagogique 71', DATE_ADD(NOW(), INTERVAL -14 DAY), 71, 6, 51),
(72, DATE_ADD(NOW(), INTERVAL -14 DAY), 'Observation: classe bien geree, progression conforme au programme, participation elevee des eleves. Points de vigilance notes pendant la visite 72.', 'Recommandations: renforcer l''evaluation formative, varier les supports numeriques, planifier une remediation ciblee.', 15, 'FINAL', 'Rapport pedagogique 72', DATE_ADD(NOW(), INTERVAL -13 DAY), 72, 7, 54),
(73, DATE_ADD(NOW(), INTERVAL -13 DAY), 'Observation: classe bien geree, progression conforme au programme, participation elevee des eleves. Points de vigilance notes pendant la visite 73.', 'Recommandations: renforcer l''evaluation formative, varier les supports numeriques, planifier une remediation ciblee.', 16, 'FINAL', 'Rapport pedagogique 73', DATE_ADD(NOW(), INTERVAL -12 DAY), 73, 8, 57),
(74, DATE_ADD(NOW(), INTERVAL -12 DAY), 'Observation: classe bien geree, progression conforme au programme, participation elevee des eleves. Points de vigilance notes pendant la visite 74.', 'Recommandations: renforcer l''evaluation formative, varier les supports numeriques, planifier une remediation ciblee.', 17, 'FINAL', 'Rapport pedagogique 74', DATE_ADD(NOW(), INTERVAL -11 DAY), 74, 9, 60),
(75, DATE_ADD(NOW(), INTERVAL -11 DAY), 'Observation: classe bien geree, progression conforme au programme, participation elevee des eleves. Points de vigilance notes pendant la visite 75.', 'Recommandations: renforcer l''evaluation formative, varier les supports numeriques, planifier une remediation ciblee.', 18, 'FINAL', 'Rapport pedagogique 75', DATE_ADD(NOW(), INTERVAL -10 DAY), 75, 10, 63),
(76, DATE_ADD(NOW(), INTERVAL -10 DAY), 'Observation: classe bien geree, progression conforme au programme, participation elevee des eleves. Points de vigilance notes pendant la visite 76.', 'Recommandations: renforcer l''evaluation formative, varier les supports numeriques, planifier une remediation ciblee.', 19, 'DRAFT', 'Rapport pedagogique 76', DATE_ADD(NOW(), INTERVAL -9 DAY), 76, 11, 66),
(77, DATE_ADD(NOW(), INTERVAL -9 DAY), 'Observation: classe bien geree, progression conforme au programme, participation elevee des eleves. Points de vigilance notes pendant la visite 77.', 'Recommandations: renforcer l''evaluation formative, varier les supports numeriques, planifier une remediation ciblee.', 20, 'FINAL', 'Rapport pedagogique 77', DATE_ADD(NOW(), INTERVAL -8 DAY), 77, 12, 69),
(78, DATE_ADD(NOW(), INTERVAL -8 DAY), 'Observation: classe bien geree, progression conforme au programme, participation elevee des eleves. Points de vigilance notes pendant la visite 78.', 'Recommandations: renforcer l''evaluation formative, varier les supports numeriques, planifier une remediation ciblee.', 10, 'FINAL', 'Rapport pedagogique 78', DATE_ADD(NOW(), INTERVAL -7 DAY), 78, 13, 72),
(79, DATE_ADD(NOW(), INTERVAL -7 DAY), 'Observation: classe bien geree, progression conforme au programme, participation elevee des eleves. Points de vigilance notes pendant la visite 79.', 'Recommandations: renforcer l''evaluation formative, varier les supports numeriques, planifier une remediation ciblee.', 11, 'FINAL', 'Rapport pedagogique 79', DATE_ADD(NOW(), INTERVAL -6 DAY), 79, 14, 75),
(80, DATE_ADD(NOW(), INTERVAL -6 DAY), 'Observation: classe bien geree, progression conforme au programme, participation elevee des eleves. Points de vigilance notes pendant la visite 80.', 'Recommandations: renforcer l''evaluation formative, varier les supports numeriques, planifier une remediation ciblee.', 12, 'FINAL', 'Rapport pedagogique 80', DATE_ADD(NOW(), INTERVAL -5 DAY), 80, 15, 78),
(81, DATE_ADD(NOW(), INTERVAL -5 DAY), 'Observation: classe bien geree, progression conforme au programme, participation elevee des eleves. Points de vigilance notes pendant la visite 81.', 'Recommandations: renforcer l''evaluation formative, varier les supports numeriques, planifier une remediation ciblee.', 13, 'DRAFT', 'Rapport pedagogique 81', DATE_ADD(NOW(), INTERVAL -4 DAY), 81, 16, 1),
(82, DATE_ADD(NOW(), INTERVAL -4 DAY), 'Observation: classe bien geree, progression conforme au programme, participation elevee des eleves. Points de vigilance notes pendant la visite 82.', 'Recommandations: renforcer l''evaluation formative, varier les supports numeriques, planifier une remediation ciblee.', 14, 'FINAL', 'Rapport pedagogique 82', DATE_ADD(NOW(), INTERVAL -3 DAY), 82, 17, 4),
(83, DATE_ADD(NOW(), INTERVAL -3 DAY), 'Observation: classe bien geree, progression conforme au programme, participation elevee des eleves. Points de vigilance notes pendant la visite 83.', 'Recommandations: renforcer l''evaluation formative, varier les supports numeriques, planifier une remediation ciblee.', 15, 'FINAL', 'Rapport pedagogique 83', DATE_ADD(NOW(), INTERVAL -2 DAY), 83, 18, 7),
(84, DATE_ADD(NOW(), INTERVAL -2 DAY), 'Observation: classe bien geree, progression conforme au programme, participation elevee des eleves. Points de vigilance notes pendant la visite 84.', 'Recommandations: renforcer l''evaluation formative, varier les supports numeriques, planifier une remediation ciblee.', 16, 'FINAL', 'Rapport pedagogique 84', DATE_ADD(NOW(), INTERVAL -1 DAY), 84, 19, 10),
(85, DATE_ADD(NOW(), INTERVAL -1 DAY), 'Observation: classe bien geree, progression conforme au programme, participation elevee des eleves. Points de vigilance notes pendant la visite 85.', 'Recommandations: renforcer l''evaluation formative, varier les supports numeriques, planifier une remediation ciblee.', 17, 'FINAL', 'Rapport pedagogique 85', DATE_ADD(NOW(), INTERVAL 0 DAY), 85, 20, 13),
(86, DATE_ADD(NOW(), INTERVAL 0 DAY), 'Observation: classe bien geree, progression conforme au programme, participation elevee des eleves. Points de vigilance notes pendant la visite 86.', 'Recommandations: renforcer l''evaluation formative, varier les supports numeriques, planifier une remediation ciblee.', 18, 'DRAFT', 'Rapport pedagogique 86', DATE_ADD(NOW(), INTERVAL 1 DAY), 86, 4, 16),
(87, DATE_ADD(NOW(), INTERVAL 1 DAY), 'Observation: classe bien geree, progression conforme au programme, participation elevee des eleves. Points de vigilance notes pendant la visite 87.', 'Recommandations: renforcer l''evaluation formative, varier les supports numeriques, planifier une remediation ciblee.', 19, 'FINAL', 'Rapport pedagogique 87', DATE_ADD(NOW(), INTERVAL 2 DAY), 87, 5, 19),
(88, DATE_ADD(NOW(), INTERVAL 2 DAY), 'Observation: classe bien geree, progression conforme au programme, participation elevee des eleves. Points de vigilance notes pendant la visite 88.', 'Recommandations: renforcer l''evaluation formative, varier les supports numeriques, planifier une remediation ciblee.', 20, 'FINAL', 'Rapport pedagogique 88', DATE_ADD(NOW(), INTERVAL 3 DAY), 88, 6, 22),
(89, DATE_ADD(NOW(), INTERVAL 3 DAY), 'Observation: classe bien geree, progression conforme au programme, participation elevee des eleves. Points de vigilance notes pendant la visite 89.', 'Recommandations: renforcer l''evaluation formative, varier les supports numeriques, planifier une remediation ciblee.', 10, 'FINAL', 'Rapport pedagogique 89', DATE_ADD(NOW(), INTERVAL 4 DAY), 89, 7, 25),
(90, DATE_ADD(NOW(), INTERVAL 4 DAY), 'Observation: classe bien geree, progression conforme au programme, participation elevee des eleves. Points de vigilance notes pendant la visite 90.', 'Recommandations: renforcer l''evaluation formative, varier les supports numeriques, planifier une remediation ciblee.', 11, 'FINAL', 'Rapport pedagogique 90', DATE_ADD(NOW(), INTERVAL 5 DAY), 90, 8, 28),
(91, DATE_ADD(NOW(), INTERVAL 5 DAY), 'Observation: classe bien geree, progression conforme au programme, participation elevee des eleves. Points de vigilance notes pendant la visite 91.', 'Recommandations: renforcer l''evaluation formative, varier les supports numeriques, planifier une remediation ciblee.', 12, 'DRAFT', 'Rapport pedagogique 91', DATE_ADD(NOW(), INTERVAL 6 DAY), 91, 9, 31),
(92, DATE_ADD(NOW(), INTERVAL 6 DAY), 'Observation: classe bien geree, progression conforme au programme, participation elevee des eleves. Points de vigilance notes pendant la visite 92.', 'Recommandations: renforcer l''evaluation formative, varier les supports numeriques, planifier une remediation ciblee.', 13, 'FINAL', 'Rapport pedagogique 92', DATE_ADD(NOW(), INTERVAL 7 DAY), 92, 10, 34),
(93, DATE_ADD(NOW(), INTERVAL 7 DAY), 'Observation: classe bien geree, progression conforme au programme, participation elevee des eleves. Points de vigilance notes pendant la visite 93.', 'Recommandations: renforcer l''evaluation formative, varier les supports numeriques, planifier une remediation ciblee.', 14, 'FINAL', 'Rapport pedagogique 93', DATE_ADD(NOW(), INTERVAL 8 DAY), 93, 11, 37),
(94, DATE_ADD(NOW(), INTERVAL 8 DAY), 'Observation: classe bien geree, progression conforme au programme, participation elevee des eleves. Points de vigilance notes pendant la visite 94.', 'Recommandations: renforcer l''evaluation formative, varier les supports numeriques, planifier une remediation ciblee.', 15, 'FINAL', 'Rapport pedagogique 94', DATE_ADD(NOW(), INTERVAL 9 DAY), 94, 12, 40),
(95, DATE_ADD(NOW(), INTERVAL 9 DAY), 'Observation: classe bien geree, progression conforme au programme, participation elevee des eleves. Points de vigilance notes pendant la visite 95.', 'Recommandations: renforcer l''evaluation formative, varier les supports numeriques, planifier une remediation ciblee.', 16, 'FINAL', 'Rapport pedagogique 95', DATE_ADD(NOW(), INTERVAL 10 DAY), 95, 13, 43);

INSERT INTO inspections (id, created_at, score, delegation_id, inspector_user_id) VALUES

(1, DATE_ADD(NOW(), INTERVAL -120 DAY), 9, 1, 4),
(2, DATE_ADD(NOW(), INTERVAL -119 DAY), 10, 2, 5),
(3, DATE_ADD(NOW(), INTERVAL -118 DAY), 11, 3, 6),
(4, DATE_ADD(NOW(), INTERVAL -117 DAY), 12, 4, 7),
(5, DATE_ADD(NOW(), INTERVAL -116 DAY), 13, 5, 8),
(6, DATE_ADD(NOW(), INTERVAL -115 DAY), 14, 6, 9),
(7, DATE_ADD(NOW(), INTERVAL -114 DAY), 15, 7, 10),
(8, DATE_ADD(NOW(), INTERVAL -113 DAY), 16, 8, 11),
(9, DATE_ADD(NOW(), INTERVAL -112 DAY), 17, 9, 12),
(10, DATE_ADD(NOW(), INTERVAL -111 DAY), 18, 10, 13),
(11, DATE_ADD(NOW(), INTERVAL -110 DAY), 19, 11, 14),
(12, DATE_ADD(NOW(), INTERVAL -109 DAY), 20, 12, 15),
(13, DATE_ADD(NOW(), INTERVAL -108 DAY), 9, 13, 16),
(14, DATE_ADD(NOW(), INTERVAL -107 DAY), 10, 14, 17),
(15, DATE_ADD(NOW(), INTERVAL -106 DAY), 11, 15, 18),
(16, DATE_ADD(NOW(), INTERVAL -105 DAY), 12, 16, 19),
(17, DATE_ADD(NOW(), INTERVAL -104 DAY), 13, 17, 20),
(18, DATE_ADD(NOW(), INTERVAL -103 DAY), 14, 18, 4),
(19, DATE_ADD(NOW(), INTERVAL -102 DAY), 15, 19, 5),
(20, DATE_ADD(NOW(), INTERVAL -101 DAY), 16, 20, 6),
(21, DATE_ADD(NOW(), INTERVAL -100 DAY), 17, 21, 7),
(22, DATE_ADD(NOW(), INTERVAL -99 DAY), 18, 22, 8),
(23, DATE_ADD(NOW(), INTERVAL -98 DAY), 19, 23, 9),
(24, DATE_ADD(NOW(), INTERVAL -97 DAY), 20, 24, 10),
(25, DATE_ADD(NOW(), INTERVAL -96 DAY), 9, 25, 11),
(26, DATE_ADD(NOW(), INTERVAL -95 DAY), 10, 26, 12),
(27, DATE_ADD(NOW(), INTERVAL -94 DAY), 11, 27, 13),
(28, DATE_ADD(NOW(), INTERVAL -93 DAY), 12, 28, 14),
(29, DATE_ADD(NOW(), INTERVAL -92 DAY), 13, 29, 15),
(30, DATE_ADD(NOW(), INTERVAL -91 DAY), 14, 30, 16),
(31, DATE_ADD(NOW(), INTERVAL -90 DAY), 15, 31, 17),
(32, DATE_ADD(NOW(), INTERVAL -89 DAY), 16, 32, 18),
(33, DATE_ADD(NOW(), INTERVAL -88 DAY), 17, 33, 19),
(34, DATE_ADD(NOW(), INTERVAL -87 DAY), 18, 34, 20),
(35, DATE_ADD(NOW(), INTERVAL -86 DAY), 19, 35, 4),
(36, DATE_ADD(NOW(), INTERVAL -85 DAY), 20, 36, 5),
(37, DATE_ADD(NOW(), INTERVAL -84 DAY), 9, 37, 6),
(38, DATE_ADD(NOW(), INTERVAL -83 DAY), 10, 38, 7),
(39, DATE_ADD(NOW(), INTERVAL -82 DAY), 11, 39, 8),
(40, DATE_ADD(NOW(), INTERVAL -81 DAY), 12, 40, 9),
(41, DATE_ADD(NOW(), INTERVAL -80 DAY), 13, 41, 10),
(42, DATE_ADD(NOW(), INTERVAL -79 DAY), 14, 42, 11),
(43, DATE_ADD(NOW(), INTERVAL -78 DAY), 15, 43, 12),
(44, DATE_ADD(NOW(), INTERVAL -77 DAY), 16, 44, 13),
(45, DATE_ADD(NOW(), INTERVAL -76 DAY), 17, 45, 14),
(46, DATE_ADD(NOW(), INTERVAL -75 DAY), 18, 46, 15),
(47, DATE_ADD(NOW(), INTERVAL -74 DAY), 19, 47, 16),
(48, DATE_ADD(NOW(), INTERVAL -73 DAY), 20, 48, 17),
(49, DATE_ADD(NOW(), INTERVAL -72 DAY), 9, 49, 18),
(50, DATE_ADD(NOW(), INTERVAL -71 DAY), 10, 50, 19),
(51, DATE_ADD(NOW(), INTERVAL -70 DAY), 11, 51, 20),
(52, DATE_ADD(NOW(), INTERVAL -69 DAY), 12, 52, 4),
(53, DATE_ADD(NOW(), INTERVAL -68 DAY), 13, 53, 5),
(54, DATE_ADD(NOW(), INTERVAL -67 DAY), 14, 54, 6),
(55, DATE_ADD(NOW(), INTERVAL -66 DAY), 15, 55, 7),
(56, DATE_ADD(NOW(), INTERVAL -65 DAY), 16, 56, 8),
(57, DATE_ADD(NOW(), INTERVAL -64 DAY), 17, 57, 9),
(58, DATE_ADD(NOW(), INTERVAL -63 DAY), 18, 58, 10),
(59, DATE_ADD(NOW(), INTERVAL -62 DAY), 19, 59, 11),
(60, DATE_ADD(NOW(), INTERVAL -61 DAY), 20, 60, 12),
(61, DATE_ADD(NOW(), INTERVAL -60 DAY), 9, 61, 13),
(62, DATE_ADD(NOW(), INTERVAL -59 DAY), 10, 62, 14),
(63, DATE_ADD(NOW(), INTERVAL -58 DAY), 11, 63, 15),
(64, DATE_ADD(NOW(), INTERVAL -57 DAY), 12, 64, 16),
(65, DATE_ADD(NOW(), INTERVAL -56 DAY), 13, 65, 17),
(66, DATE_ADD(NOW(), INTERVAL -55 DAY), 14, 66, 18),
(67, DATE_ADD(NOW(), INTERVAL -54 DAY), 15, 67, 19),
(68, DATE_ADD(NOW(), INTERVAL -53 DAY), 16, 68, 20),
(69, DATE_ADD(NOW(), INTERVAL -52 DAY), 17, 69, 4),
(70, DATE_ADD(NOW(), INTERVAL -51 DAY), 18, 70, 5),
(71, DATE_ADD(NOW(), INTERVAL -50 DAY), 19, 71, 6),
(72, DATE_ADD(NOW(), INTERVAL -49 DAY), 20, 72, 7),
(73, DATE_ADD(NOW(), INTERVAL -48 DAY), 9, 1, 8),
(74, DATE_ADD(NOW(), INTERVAL -47 DAY), 10, 2, 9),
(75, DATE_ADD(NOW(), INTERVAL -46 DAY), 11, 3, 10),
(76, DATE_ADD(NOW(), INTERVAL -45 DAY), 12, 4, 11),
(77, DATE_ADD(NOW(), INTERVAL -44 DAY), 13, 5, 12),
(78, DATE_ADD(NOW(), INTERVAL -43 DAY), 14, 6, 13),
(79, DATE_ADD(NOW(), INTERVAL -42 DAY), 15, 7, 14),
(80, DATE_ADD(NOW(), INTERVAL -41 DAY), 16, 8, 15),
(81, DATE_ADD(NOW(), INTERVAL -40 DAY), 17, 9, 16),
(82, DATE_ADD(NOW(), INTERVAL -39 DAY), 18, 10, 17),
(83, DATE_ADD(NOW(), INTERVAL -38 DAY), 19, 11, 18),
(84, DATE_ADD(NOW(), INTERVAL -37 DAY), 20, 12, 19),
(85, DATE_ADD(NOW(), INTERVAL -36 DAY), 9, 13, 20),
(86, DATE_ADD(NOW(), INTERVAL -35 DAY), 10, 14, 4),
(87, DATE_ADD(NOW(), INTERVAL -34 DAY), 11, 15, 5),
(88, DATE_ADD(NOW(), INTERVAL -33 DAY), 12, 16, 6),
(89, DATE_ADD(NOW(), INTERVAL -32 DAY), 13, 17, 7),
(90, DATE_ADD(NOW(), INTERVAL -31 DAY), 14, 18, 8),
(91, DATE_ADD(NOW(), INTERVAL -30 DAY), 15, 19, 9),
(92, DATE_ADD(NOW(), INTERVAL -29 DAY), 16, 20, 10),
(93, DATE_ADD(NOW(), INTERVAL -28 DAY), 17, 21, 11),
(94, DATE_ADD(NOW(), INTERVAL -27 DAY), 18, 22, 12),
(95, DATE_ADD(NOW(), INTERVAL -26 DAY), 19, 23, 13),
(96, DATE_ADD(NOW(), INTERVAL -25 DAY), 20, 24, 14),
(97, DATE_ADD(NOW(), INTERVAL -24 DAY), 9, 25, 15),
(98, DATE_ADD(NOW(), INTERVAL -23 DAY), 10, 26, 16),
(99, DATE_ADD(NOW(), INTERVAL -22 DAY), 11, 27, 17),
(100, DATE_ADD(NOW(), INTERVAL -21 DAY), 12, 28, 18),
(101, DATE_ADD(NOW(), INTERVAL -20 DAY), 13, 29, 19),
(102, DATE_ADD(NOW(), INTERVAL -19 DAY), 14, 30, 20),
(103, DATE_ADD(NOW(), INTERVAL -18 DAY), 15, 31, 4),
(104, DATE_ADD(NOW(), INTERVAL -17 DAY), 16, 32, 5),
(105, DATE_ADD(NOW(), INTERVAL -16 DAY), 17, 33, 6),
(106, DATE_ADD(NOW(), INTERVAL -15 DAY), 18, 34, 7),
(107, DATE_ADD(NOW(), INTERVAL -14 DAY), 19, 35, 8),
(108, DATE_ADD(NOW(), INTERVAL -13 DAY), 20, 36, 9),
(109, DATE_ADD(NOW(), INTERVAL -12 DAY), 9, 37, 10),
(110, DATE_ADD(NOW(), INTERVAL -11 DAY), 10, 38, 11),
(111, DATE_ADD(NOW(), INTERVAL -10 DAY), 11, 39, 12),
(112, DATE_ADD(NOW(), INTERVAL -9 DAY), 12, 40, 13),
(113, DATE_ADD(NOW(), INTERVAL -8 DAY), 13, 41, 14),
(114, DATE_ADD(NOW(), INTERVAL -7 DAY), 14, 42, 15),
(115, DATE_ADD(NOW(), INTERVAL -6 DAY), 15, 43, 16),
(116, DATE_ADD(NOW(), INTERVAL -5 DAY), 16, 44, 17),
(117, DATE_ADD(NOW(), INTERVAL -4 DAY), 17, 45, 18),
(118, DATE_ADD(NOW(), INTERVAL -3 DAY), 18, 46, 19),
(119, DATE_ADD(NOW(), INTERVAL -2 DAY), 19, 47, 20),
(120, DATE_ADD(NOW(), INTERVAL -1 DAY), 20, 48, 4);

INSERT INTO courses (id, created_at, description, status, subject, title, updated_at, inspector_id) VALUES

(1, DATE_ADD(NOW(), INTERVAL -80 DAY), 'Parcours de formation continue avec ressources, activites pratiques et evaluation.', 'DRAFT', 'ARABIC', 'Formation Arabe - sequence 1', DATE_ADD(NOW(), INTERVAL -70 DAY), 1),
(2, DATE_ADD(NOW(), INTERVAL -79 DAY), 'Parcours de formation continue avec ressources, activites pratiques et evaluation.', 'PUBLISHED', 'FRENCH', 'Formation Francais - sequence 2', DATE_ADD(NOW(), INTERVAL -69 DAY), 2),
(3, DATE_ADD(NOW(), INTERVAL -78 DAY), 'Parcours de formation continue avec ressources, activites pratiques et evaluation.', 'PUBLISHED', 'ENGLISH', 'Formation Anglais - sequence 3', DATE_ADD(NOW(), INTERVAL -68 DAY), 3),
(4, DATE_ADD(NOW(), INTERVAL -77 DAY), 'Parcours de formation continue avec ressources, activites pratiques et evaluation.', 'PUBLISHED', 'MATH', 'Formation Mathematiques - sequence 4', DATE_ADD(NOW(), INTERVAL -67 DAY), 4),
(5, DATE_ADD(NOW(), INTERVAL -76 DAY), 'Parcours de formation continue avec ressources, activites pratiques et evaluation.', 'DRAFT', 'PHYSICS', 'Formation Physique - sequence 5', DATE_ADD(NOW(), INTERVAL -66 DAY), 5),
(6, DATE_ADD(NOW(), INTERVAL -75 DAY), 'Parcours de formation continue avec ressources, activites pratiques et evaluation.', 'PUBLISHED', 'CHEMISTRY', 'Formation Chimie - sequence 6', DATE_ADD(NOW(), INTERVAL -65 DAY), 6),
(7, DATE_ADD(NOW(), INTERVAL -74 DAY), 'Parcours de formation continue avec ressources, activites pratiques et evaluation.', 'PUBLISHED', 'BIOLOGY', 'Formation Sciences de la vie - sequence 7', DATE_ADD(NOW(), INTERVAL -64 DAY), 7),
(8, DATE_ADD(NOW(), INTERVAL -73 DAY), 'Parcours de formation continue avec ressources, activites pratiques et evaluation.', 'PUBLISHED', 'HISTORY_GEOGRAPHY', 'Formation Histoire-Geographie - sequence 8', DATE_ADD(NOW(), INTERVAL -63 DAY), 8),
(9, DATE_ADD(NOW(), INTERVAL -72 DAY), 'Parcours de formation continue avec ressources, activites pratiques et evaluation.', 'DRAFT', 'PHILOSOPHY', 'Formation Philosophie - sequence 9', DATE_ADD(NOW(), INTERVAL -62 DAY), 9),
(10, DATE_ADD(NOW(), INTERVAL -71 DAY), 'Parcours de formation continue avec ressources, activites pratiques et evaluation.', 'PUBLISHED', 'ISLAMIC_STUDIES', 'Formation Education islamique - sequence 10', DATE_ADD(NOW(), INTERVAL -61 DAY), 10),
(11, DATE_ADD(NOW(), INTERVAL -70 DAY), 'Parcours de formation continue avec ressources, activites pratiques et evaluation.', 'PUBLISHED', 'PHYSICAL_EDUCATION', 'Formation Education physique - sequence 11', DATE_ADD(NOW(), INTERVAL -60 DAY), 11),
(12, DATE_ADD(NOW(), INTERVAL -69 DAY), 'Parcours de formation continue avec ressources, activites pratiques et evaluation.', 'PUBLISHED', 'COMPUTER_SCIENCE', 'Formation Informatique - sequence 12', DATE_ADD(NOW(), INTERVAL -59 DAY), 12),
(13, DATE_ADD(NOW(), INTERVAL -68 DAY), 'Parcours de formation continue avec ressources, activites pratiques et evaluation.', 'DRAFT', 'ECONOMICS', 'Formation Economie - sequence 13', DATE_ADD(NOW(), INTERVAL -58 DAY), 13),
(14, DATE_ADD(NOW(), INTERVAL -67 DAY), 'Parcours de formation continue avec ressources, activites pratiques et evaluation.', 'PUBLISHED', 'ARTS', 'Formation Arts plastiques - sequence 14', DATE_ADD(NOW(), INTERVAL -57 DAY), 14),
(15, DATE_ADD(NOW(), INTERVAL -66 DAY), 'Parcours de formation continue avec ressources, activites pratiques et evaluation.', 'PUBLISHED', 'MUSIC', 'Formation Musique - sequence 15', DATE_ADD(NOW(), INTERVAL -56 DAY), 15),
(16, DATE_ADD(NOW(), INTERVAL -65 DAY), 'Parcours de formation continue avec ressources, activites pratiques et evaluation.', 'PUBLISHED', 'ARABIC', 'Formation Arabe - sequence 16', DATE_ADD(NOW(), INTERVAL -55 DAY), 16),
(17, DATE_ADD(NOW(), INTERVAL -64 DAY), 'Parcours de formation continue avec ressources, activites pratiques et evaluation.', 'DRAFT', 'FRENCH', 'Formation Francais - sequence 17', DATE_ADD(NOW(), INTERVAL -54 DAY), 17),
(18, DATE_ADD(NOW(), INTERVAL -63 DAY), 'Parcours de formation continue avec ressources, activites pratiques et evaluation.', 'PUBLISHED', 'ENGLISH', 'Formation Anglais - sequence 18', DATE_ADD(NOW(), INTERVAL -53 DAY), 1),
(19, DATE_ADD(NOW(), INTERVAL -62 DAY), 'Parcours de formation continue avec ressources, activites pratiques et evaluation.', 'PUBLISHED', 'MATH', 'Formation Mathematiques - sequence 19', DATE_ADD(NOW(), INTERVAL -52 DAY), 2),
(20, DATE_ADD(NOW(), INTERVAL -61 DAY), 'Parcours de formation continue avec ressources, activites pratiques et evaluation.', 'PUBLISHED', 'PHYSICS', 'Formation Physique - sequence 20', DATE_ADD(NOW(), INTERVAL -51 DAY), 3);

INSERT INTO course_modules (id, description, order_index, title, course_id) VALUES

(1, 'Objectifs, supports et activites d''application.', 1, 'Module 1', 1),
(2, 'Objectifs, supports et activites d''application.', 2, 'Module 2', 1),
(3, 'Objectifs, supports et activites d''application.', 3, 'Module 3', 1),
(4, 'Objectifs, supports et activites d''application.', 1, 'Module 1', 2),
(5, 'Objectifs, supports et activites d''application.', 2, 'Module 2', 2),
(6, 'Objectifs, supports et activites d''application.', 3, 'Module 3', 2),
(7, 'Objectifs, supports et activites d''application.', 1, 'Module 1', 3),
(8, 'Objectifs, supports et activites d''application.', 2, 'Module 2', 3),
(9, 'Objectifs, supports et activites d''application.', 3, 'Module 3', 3),
(10, 'Objectifs, supports et activites d''application.', 1, 'Module 1', 4),
(11, 'Objectifs, supports et activites d''application.', 2, 'Module 2', 4),
(12, 'Objectifs, supports et activites d''application.', 3, 'Module 3', 4),
(13, 'Objectifs, supports et activites d''application.', 1, 'Module 1', 5),
(14, 'Objectifs, supports et activites d''application.', 2, 'Module 2', 5),
(15, 'Objectifs, supports et activites d''application.', 3, 'Module 3', 5),
(16, 'Objectifs, supports et activites d''application.', 1, 'Module 1', 6),
(17, 'Objectifs, supports et activites d''application.', 2, 'Module 2', 6),
(18, 'Objectifs, supports et activites d''application.', 3, 'Module 3', 6),
(19, 'Objectifs, supports et activites d''application.', 1, 'Module 1', 7),
(20, 'Objectifs, supports et activites d''application.', 2, 'Module 2', 7),
(21, 'Objectifs, supports et activites d''application.', 3, 'Module 3', 7),
(22, 'Objectifs, supports et activites d''application.', 1, 'Module 1', 8),
(23, 'Objectifs, supports et activites d''application.', 2, 'Module 2', 8),
(24, 'Objectifs, supports et activites d''application.', 3, 'Module 3', 8),
(25, 'Objectifs, supports et activites d''application.', 1, 'Module 1', 9),
(26, 'Objectifs, supports et activites d''application.', 2, 'Module 2', 9),
(27, 'Objectifs, supports et activites d''application.', 3, 'Module 3', 9),
(28, 'Objectifs, supports et activites d''application.', 1, 'Module 1', 10),
(29, 'Objectifs, supports et activites d''application.', 2, 'Module 2', 10),
(30, 'Objectifs, supports et activites d''application.', 3, 'Module 3', 10),
(31, 'Objectifs, supports et activites d''application.', 1, 'Module 1', 11),
(32, 'Objectifs, supports et activites d''application.', 2, 'Module 2', 11),
(33, 'Objectifs, supports et activites d''application.', 3, 'Module 3', 11),
(34, 'Objectifs, supports et activites d''application.', 1, 'Module 1', 12),
(35, 'Objectifs, supports et activites d''application.', 2, 'Module 2', 12),
(36, 'Objectifs, supports et activites d''application.', 3, 'Module 3', 12),
(37, 'Objectifs, supports et activites d''application.', 1, 'Module 1', 13),
(38, 'Objectifs, supports et activites d''application.', 2, 'Module 2', 13),
(39, 'Objectifs, supports et activites d''application.', 3, 'Module 3', 13),
(40, 'Objectifs, supports et activites d''application.', 1, 'Module 1', 14),
(41, 'Objectifs, supports et activites d''application.', 2, 'Module 2', 14),
(42, 'Objectifs, supports et activites d''application.', 3, 'Module 3', 14),
(43, 'Objectifs, supports et activites d''application.', 1, 'Module 1', 15),
(44, 'Objectifs, supports et activites d''application.', 2, 'Module 2', 15),
(45, 'Objectifs, supports et activites d''application.', 3, 'Module 3', 15),
(46, 'Objectifs, supports et activites d''application.', 1, 'Module 1', 16),
(47, 'Objectifs, supports et activites d''application.', 2, 'Module 2', 16),
(48, 'Objectifs, supports et activites d''application.', 3, 'Module 3', 16),
(49, 'Objectifs, supports et activites d''application.', 1, 'Module 1', 17),
(50, 'Objectifs, supports et activites d''application.', 2, 'Module 2', 17),
(51, 'Objectifs, supports et activites d''application.', 3, 'Module 3', 17),
(52, 'Objectifs, supports et activites d''application.', 1, 'Module 1', 18),
(53, 'Objectifs, supports et activites d''application.', 2, 'Module 2', 18),
(54, 'Objectifs, supports et activites d''application.', 3, 'Module 3', 18),
(55, 'Objectifs, supports et activites d''application.', 1, 'Module 1', 19),
(56, 'Objectifs, supports et activites d''application.', 2, 'Module 2', 19),
(57, 'Objectifs, supports et activites d''application.', 3, 'Module 3', 19),
(58, 'Objectifs, supports et activites d''application.', 1, 'Module 1', 20),
(59, 'Objectifs, supports et activites d''application.', 2, 'Module 2', 20),
(60, 'Objectifs, supports et activites d''application.', 3, 'Module 3', 20);

INSERT INTO course_lessons (id, content_url, description, duration_minutes, order_index, title, type, module_id) VALUES

(1, '/resources/courses/lesson-1', 'Ressource pedagogique structuree pour la formation.', 20, 1, 'Lecon 1', 'PDF', 1),
(2, '/resources/courses/lesson-2', 'Ressource pedagogique structuree pour la formation.', 21, 2, 'Lecon 2', 'VIDEO', 1),
(3, '/resources/courses/lesson-3', 'Ressource pedagogique structuree pour la formation.', 22, 3, 'Lecon 3', 'QUIZ', 1),
(4, '/resources/courses/lesson-4', 'Ressource pedagogique structuree pour la formation.', 23, 1, 'Lecon 1', 'PDF', 2),
(5, '/resources/courses/lesson-5', 'Ressource pedagogique structuree pour la formation.', 24, 2, 'Lecon 2', 'VIDEO', 2),
(6, '/resources/courses/lesson-6', 'Ressource pedagogique structuree pour la formation.', 25, 3, 'Lecon 3', 'QUIZ', 2),
(7, '/resources/courses/lesson-7', 'Ressource pedagogique structuree pour la formation.', 26, 1, 'Lecon 1', 'PDF', 3),
(8, '/resources/courses/lesson-8', 'Ressource pedagogique structuree pour la formation.', 27, 2, 'Lecon 2', 'VIDEO', 3),
(9, '/resources/courses/lesson-9', 'Ressource pedagogique structuree pour la formation.', 28, 3, 'Lecon 3', 'QUIZ', 3),
(10, '/resources/courses/lesson-10', 'Ressource pedagogique structuree pour la formation.', 29, 1, 'Lecon 1', 'PDF', 4),
(11, '/resources/courses/lesson-11', 'Ressource pedagogique structuree pour la formation.', 30, 2, 'Lecon 2', 'VIDEO', 4),
(12, '/resources/courses/lesson-12', 'Ressource pedagogique structuree pour la formation.', 31, 3, 'Lecon 3', 'QUIZ', 4),
(13, '/resources/courses/lesson-13', 'Ressource pedagogique structuree pour la formation.', 32, 1, 'Lecon 1', 'PDF', 5),
(14, '/resources/courses/lesson-14', 'Ressource pedagogique structuree pour la formation.', 33, 2, 'Lecon 2', 'VIDEO', 5),
(15, '/resources/courses/lesson-15', 'Ressource pedagogique structuree pour la formation.', 34, 3, 'Lecon 3', 'QUIZ', 5),
(16, '/resources/courses/lesson-16', 'Ressource pedagogique structuree pour la formation.', 35, 1, 'Lecon 1', 'PDF', 6),
(17, '/resources/courses/lesson-17', 'Ressource pedagogique structuree pour la formation.', 36, 2, 'Lecon 2', 'VIDEO', 6),
(18, '/resources/courses/lesson-18', 'Ressource pedagogique structuree pour la formation.', 37, 3, 'Lecon 3', 'QUIZ', 6),
(19, '/resources/courses/lesson-19', 'Ressource pedagogique structuree pour la formation.', 38, 1, 'Lecon 1', 'PDF', 7),
(20, '/resources/courses/lesson-20', 'Ressource pedagogique structuree pour la formation.', 39, 2, 'Lecon 2', 'VIDEO', 7),
(21, '/resources/courses/lesson-21', 'Ressource pedagogique structuree pour la formation.', 40, 3, 'Lecon 3', 'QUIZ', 7),
(22, '/resources/courses/lesson-22', 'Ressource pedagogique structuree pour la formation.', 41, 1, 'Lecon 1', 'PDF', 8),
(23, '/resources/courses/lesson-23', 'Ressource pedagogique structuree pour la formation.', 42, 2, 'Lecon 2', 'VIDEO', 8),
(24, '/resources/courses/lesson-24', 'Ressource pedagogique structuree pour la formation.', 43, 3, 'Lecon 3', 'QUIZ', 8),
(25, '/resources/courses/lesson-25', 'Ressource pedagogique structuree pour la formation.', 44, 1, 'Lecon 1', 'PDF', 9),
(26, '/resources/courses/lesson-26', 'Ressource pedagogique structuree pour la formation.', 45, 2, 'Lecon 2', 'VIDEO', 9),
(27, '/resources/courses/lesson-27', 'Ressource pedagogique structuree pour la formation.', 46, 3, 'Lecon 3', 'QUIZ', 9),
(28, '/resources/courses/lesson-28', 'Ressource pedagogique structuree pour la formation.', 47, 1, 'Lecon 1', 'PDF', 10),
(29, '/resources/courses/lesson-29', 'Ressource pedagogique structuree pour la formation.', 48, 2, 'Lecon 2', 'VIDEO', 10),
(30, '/resources/courses/lesson-30', 'Ressource pedagogique structuree pour la formation.', 49, 3, 'Lecon 3', 'QUIZ', 10),
(31, '/resources/courses/lesson-31', 'Ressource pedagogique structuree pour la formation.', 50, 1, 'Lecon 1', 'PDF', 11),
(32, '/resources/courses/lesson-32', 'Ressource pedagogique structuree pour la formation.', 51, 2, 'Lecon 2', 'VIDEO', 11),
(33, '/resources/courses/lesson-33', 'Ressource pedagogique structuree pour la formation.', 52, 3, 'Lecon 3', 'QUIZ', 11),
(34, '/resources/courses/lesson-34', 'Ressource pedagogique structuree pour la formation.', 53, 1, 'Lecon 1', 'PDF', 12),
(35, '/resources/courses/lesson-35', 'Ressource pedagogique structuree pour la formation.', 54, 2, 'Lecon 2', 'VIDEO', 12),
(36, '/resources/courses/lesson-36', 'Ressource pedagogique structuree pour la formation.', 55, 3, 'Lecon 3', 'QUIZ', 12),
(37, '/resources/courses/lesson-37', 'Ressource pedagogique structuree pour la formation.', 56, 1, 'Lecon 1', 'PDF', 13),
(38, '/resources/courses/lesson-38', 'Ressource pedagogique structuree pour la formation.', 57, 2, 'Lecon 2', 'VIDEO', 13),
(39, '/resources/courses/lesson-39', 'Ressource pedagogique structuree pour la formation.', 58, 3, 'Lecon 3', 'QUIZ', 13),
(40, '/resources/courses/lesson-40', 'Ressource pedagogique structuree pour la formation.', 59, 1, 'Lecon 1', 'PDF', 14),
(41, '/resources/courses/lesson-41', 'Ressource pedagogique structuree pour la formation.', 20, 2, 'Lecon 2', 'VIDEO', 14),
(42, '/resources/courses/lesson-42', 'Ressource pedagogique structuree pour la formation.', 21, 3, 'Lecon 3', 'QUIZ', 14),
(43, '/resources/courses/lesson-43', 'Ressource pedagogique structuree pour la formation.', 22, 1, 'Lecon 1', 'PDF', 15),
(44, '/resources/courses/lesson-44', 'Ressource pedagogique structuree pour la formation.', 23, 2, 'Lecon 2', 'VIDEO', 15),
(45, '/resources/courses/lesson-45', 'Ressource pedagogique structuree pour la formation.', 24, 3, 'Lecon 3', 'QUIZ', 15),
(46, '/resources/courses/lesson-46', 'Ressource pedagogique structuree pour la formation.', 25, 1, 'Lecon 1', 'PDF', 16),
(47, '/resources/courses/lesson-47', 'Ressource pedagogique structuree pour la formation.', 26, 2, 'Lecon 2', 'VIDEO', 16),
(48, '/resources/courses/lesson-48', 'Ressource pedagogique structuree pour la formation.', 27, 3, 'Lecon 3', 'QUIZ', 16),
(49, '/resources/courses/lesson-49', 'Ressource pedagogique structuree pour la formation.', 28, 1, 'Lecon 1', 'PDF', 17),
(50, '/resources/courses/lesson-50', 'Ressource pedagogique structuree pour la formation.', 29, 2, 'Lecon 2', 'VIDEO', 17),
(51, '/resources/courses/lesson-51', 'Ressource pedagogique structuree pour la formation.', 30, 3, 'Lecon 3', 'QUIZ', 17),
(52, '/resources/courses/lesson-52', 'Ressource pedagogique structuree pour la formation.', 31, 1, 'Lecon 1', 'PDF', 18),
(53, '/resources/courses/lesson-53', 'Ressource pedagogique structuree pour la formation.', 32, 2, 'Lecon 2', 'VIDEO', 18),
(54, '/resources/courses/lesson-54', 'Ressource pedagogique structuree pour la formation.', 33, 3, 'Lecon 3', 'QUIZ', 18),
(55, '/resources/courses/lesson-55', 'Ressource pedagogique structuree pour la formation.', 34, 1, 'Lecon 1', 'PDF', 19),
(56, '/resources/courses/lesson-56', 'Ressource pedagogique structuree pour la formation.', 35, 2, 'Lecon 2', 'VIDEO', 19),
(57, '/resources/courses/lesson-57', 'Ressource pedagogique structuree pour la formation.', 36, 3, 'Lecon 3', 'QUIZ', 19),
(58, '/resources/courses/lesson-58', 'Ressource pedagogique structuree pour la formation.', 37, 1, 'Lecon 1', 'PDF', 20),
(59, '/resources/courses/lesson-59', 'Ressource pedagogique structuree pour la formation.', 38, 2, 'Lecon 2', 'VIDEO', 20),
(60, '/resources/courses/lesson-60', 'Ressource pedagogique structuree pour la formation.', 39, 3, 'Lecon 3', 'QUIZ', 20),
(61, '/resources/courses/lesson-61', 'Ressource pedagogique structuree pour la formation.', 40, 1, 'Lecon 1', 'PDF', 21),
(62, '/resources/courses/lesson-62', 'Ressource pedagogique structuree pour la formation.', 41, 2, 'Lecon 2', 'VIDEO', 21),
(63, '/resources/courses/lesson-63', 'Ressource pedagogique structuree pour la formation.', 42, 3, 'Lecon 3', 'QUIZ', 21),
(64, '/resources/courses/lesson-64', 'Ressource pedagogique structuree pour la formation.', 43, 1, 'Lecon 1', 'PDF', 22),
(65, '/resources/courses/lesson-65', 'Ressource pedagogique structuree pour la formation.', 44, 2, 'Lecon 2', 'VIDEO', 22),
(66, '/resources/courses/lesson-66', 'Ressource pedagogique structuree pour la formation.', 45, 3, 'Lecon 3', 'QUIZ', 22),
(67, '/resources/courses/lesson-67', 'Ressource pedagogique structuree pour la formation.', 46, 1, 'Lecon 1', 'PDF', 23),
(68, '/resources/courses/lesson-68', 'Ressource pedagogique structuree pour la formation.', 47, 2, 'Lecon 2', 'VIDEO', 23),
(69, '/resources/courses/lesson-69', 'Ressource pedagogique structuree pour la formation.', 48, 3, 'Lecon 3', 'QUIZ', 23),
(70, '/resources/courses/lesson-70', 'Ressource pedagogique structuree pour la formation.', 49, 1, 'Lecon 1', 'PDF', 24),
(71, '/resources/courses/lesson-71', 'Ressource pedagogique structuree pour la formation.', 50, 2, 'Lecon 2', 'VIDEO', 24),
(72, '/resources/courses/lesson-72', 'Ressource pedagogique structuree pour la formation.', 51, 3, 'Lecon 3', 'QUIZ', 24),
(73, '/resources/courses/lesson-73', 'Ressource pedagogique structuree pour la formation.', 52, 1, 'Lecon 1', 'PDF', 25),
(74, '/resources/courses/lesson-74', 'Ressource pedagogique structuree pour la formation.', 53, 2, 'Lecon 2', 'VIDEO', 25),
(75, '/resources/courses/lesson-75', 'Ressource pedagogique structuree pour la formation.', 54, 3, 'Lecon 3', 'QUIZ', 25),
(76, '/resources/courses/lesson-76', 'Ressource pedagogique structuree pour la formation.', 55, 1, 'Lecon 1', 'PDF', 26),
(77, '/resources/courses/lesson-77', 'Ressource pedagogique structuree pour la formation.', 56, 2, 'Lecon 2', 'VIDEO', 26),
(78, '/resources/courses/lesson-78', 'Ressource pedagogique structuree pour la formation.', 57, 3, 'Lecon 3', 'QUIZ', 26),
(79, '/resources/courses/lesson-79', 'Ressource pedagogique structuree pour la formation.', 58, 1, 'Lecon 1', 'PDF', 27),
(80, '/resources/courses/lesson-80', 'Ressource pedagogique structuree pour la formation.', 59, 2, 'Lecon 2', 'VIDEO', 27),
(81, '/resources/courses/lesson-81', 'Ressource pedagogique structuree pour la formation.', 20, 3, 'Lecon 3', 'QUIZ', 27),
(82, '/resources/courses/lesson-82', 'Ressource pedagogique structuree pour la formation.', 21, 1, 'Lecon 1', 'PDF', 28),
(83, '/resources/courses/lesson-83', 'Ressource pedagogique structuree pour la formation.', 22, 2, 'Lecon 2', 'VIDEO', 28),
(84, '/resources/courses/lesson-84', 'Ressource pedagogique structuree pour la formation.', 23, 3, 'Lecon 3', 'QUIZ', 28),
(85, '/resources/courses/lesson-85', 'Ressource pedagogique structuree pour la formation.', 24, 1, 'Lecon 1', 'PDF', 29),
(86, '/resources/courses/lesson-86', 'Ressource pedagogique structuree pour la formation.', 25, 2, 'Lecon 2', 'VIDEO', 29),
(87, '/resources/courses/lesson-87', 'Ressource pedagogique structuree pour la formation.', 26, 3, 'Lecon 3', 'QUIZ', 29),
(88, '/resources/courses/lesson-88', 'Ressource pedagogique structuree pour la formation.', 27, 1, 'Lecon 1', 'PDF', 30),
(89, '/resources/courses/lesson-89', 'Ressource pedagogique structuree pour la formation.', 28, 2, 'Lecon 2', 'VIDEO', 30),
(90, '/resources/courses/lesson-90', 'Ressource pedagogique structuree pour la formation.', 29, 3, 'Lecon 3', 'QUIZ', 30),
(91, '/resources/courses/lesson-91', 'Ressource pedagogique structuree pour la formation.', 30, 1, 'Lecon 1', 'PDF', 31),
(92, '/resources/courses/lesson-92', 'Ressource pedagogique structuree pour la formation.', 31, 2, 'Lecon 2', 'VIDEO', 31),
(93, '/resources/courses/lesson-93', 'Ressource pedagogique structuree pour la formation.', 32, 3, 'Lecon 3', 'QUIZ', 31),
(94, '/resources/courses/lesson-94', 'Ressource pedagogique structuree pour la formation.', 33, 1, 'Lecon 1', 'PDF', 32),
(95, '/resources/courses/lesson-95', 'Ressource pedagogique structuree pour la formation.', 34, 2, 'Lecon 2', 'VIDEO', 32),
(96, '/resources/courses/lesson-96', 'Ressource pedagogique structuree pour la formation.', 35, 3, 'Lecon 3', 'QUIZ', 32),
(97, '/resources/courses/lesson-97', 'Ressource pedagogique structuree pour la formation.', 36, 1, 'Lecon 1', 'PDF', 33),
(98, '/resources/courses/lesson-98', 'Ressource pedagogique structuree pour la formation.', 37, 2, 'Lecon 2', 'VIDEO', 33),
(99, '/resources/courses/lesson-99', 'Ressource pedagogique structuree pour la formation.', 38, 3, 'Lecon 3', 'QUIZ', 33),
(100, '/resources/courses/lesson-100', 'Ressource pedagogique structuree pour la formation.', 39, 1, 'Lecon 1', 'PDF', 34),
(101, '/resources/courses/lesson-101', 'Ressource pedagogique structuree pour la formation.', 40, 2, 'Lecon 2', 'VIDEO', 34),
(102, '/resources/courses/lesson-102', 'Ressource pedagogique structuree pour la formation.', 41, 3, 'Lecon 3', 'QUIZ', 34),
(103, '/resources/courses/lesson-103', 'Ressource pedagogique structuree pour la formation.', 42, 1, 'Lecon 1', 'PDF', 35),
(104, '/resources/courses/lesson-104', 'Ressource pedagogique structuree pour la formation.', 43, 2, 'Lecon 2', 'VIDEO', 35),
(105, '/resources/courses/lesson-105', 'Ressource pedagogique structuree pour la formation.', 44, 3, 'Lecon 3', 'QUIZ', 35),
(106, '/resources/courses/lesson-106', 'Ressource pedagogique structuree pour la formation.', 45, 1, 'Lecon 1', 'PDF', 36),
(107, '/resources/courses/lesson-107', 'Ressource pedagogique structuree pour la formation.', 46, 2, 'Lecon 2', 'VIDEO', 36),
(108, '/resources/courses/lesson-108', 'Ressource pedagogique structuree pour la formation.', 47, 3, 'Lecon 3', 'QUIZ', 36),
(109, '/resources/courses/lesson-109', 'Ressource pedagogique structuree pour la formation.', 48, 1, 'Lecon 1', 'PDF', 37),
(110, '/resources/courses/lesson-110', 'Ressource pedagogique structuree pour la formation.', 49, 2, 'Lecon 2', 'VIDEO', 37),
(111, '/resources/courses/lesson-111', 'Ressource pedagogique structuree pour la formation.', 50, 3, 'Lecon 3', 'QUIZ', 37),
(112, '/resources/courses/lesson-112', 'Ressource pedagogique structuree pour la formation.', 51, 1, 'Lecon 1', 'PDF', 38),
(113, '/resources/courses/lesson-113', 'Ressource pedagogique structuree pour la formation.', 52, 2, 'Lecon 2', 'VIDEO', 38),
(114, '/resources/courses/lesson-114', 'Ressource pedagogique structuree pour la formation.', 53, 3, 'Lecon 3', 'QUIZ', 38),
(115, '/resources/courses/lesson-115', 'Ressource pedagogique structuree pour la formation.', 54, 1, 'Lecon 1', 'PDF', 39),
(116, '/resources/courses/lesson-116', 'Ressource pedagogique structuree pour la formation.', 55, 2, 'Lecon 2', 'VIDEO', 39),
(117, '/resources/courses/lesson-117', 'Ressource pedagogique structuree pour la formation.', 56, 3, 'Lecon 3', 'QUIZ', 39),
(118, '/resources/courses/lesson-118', 'Ressource pedagogique structuree pour la formation.', 57, 1, 'Lecon 1', 'PDF', 40),
(119, '/resources/courses/lesson-119', 'Ressource pedagogique structuree pour la formation.', 58, 2, 'Lecon 2', 'VIDEO', 40),
(120, '/resources/courses/lesson-120', 'Ressource pedagogique structuree pour la formation.', 59, 3, 'Lecon 3', 'QUIZ', 40),
(121, '/resources/courses/lesson-121', 'Ressource pedagogique structuree pour la formation.', 20, 1, 'Lecon 1', 'PDF', 41),
(122, '/resources/courses/lesson-122', 'Ressource pedagogique structuree pour la formation.', 21, 2, 'Lecon 2', 'VIDEO', 41),
(123, '/resources/courses/lesson-123', 'Ressource pedagogique structuree pour la formation.', 22, 3, 'Lecon 3', 'QUIZ', 41),
(124, '/resources/courses/lesson-124', 'Ressource pedagogique structuree pour la formation.', 23, 1, 'Lecon 1', 'PDF', 42),
(125, '/resources/courses/lesson-125', 'Ressource pedagogique structuree pour la formation.', 24, 2, 'Lecon 2', 'VIDEO', 42),
(126, '/resources/courses/lesson-126', 'Ressource pedagogique structuree pour la formation.', 25, 3, 'Lecon 3', 'QUIZ', 42),
(127, '/resources/courses/lesson-127', 'Ressource pedagogique structuree pour la formation.', 26, 1, 'Lecon 1', 'PDF', 43),
(128, '/resources/courses/lesson-128', 'Ressource pedagogique structuree pour la formation.', 27, 2, 'Lecon 2', 'VIDEO', 43),
(129, '/resources/courses/lesson-129', 'Ressource pedagogique structuree pour la formation.', 28, 3, 'Lecon 3', 'QUIZ', 43),
(130, '/resources/courses/lesson-130', 'Ressource pedagogique structuree pour la formation.', 29, 1, 'Lecon 1', 'PDF', 44),
(131, '/resources/courses/lesson-131', 'Ressource pedagogique structuree pour la formation.', 30, 2, 'Lecon 2', 'VIDEO', 44),
(132, '/resources/courses/lesson-132', 'Ressource pedagogique structuree pour la formation.', 31, 3, 'Lecon 3', 'QUIZ', 44),
(133, '/resources/courses/lesson-133', 'Ressource pedagogique structuree pour la formation.', 32, 1, 'Lecon 1', 'PDF', 45),
(134, '/resources/courses/lesson-134', 'Ressource pedagogique structuree pour la formation.', 33, 2, 'Lecon 2', 'VIDEO', 45),
(135, '/resources/courses/lesson-135', 'Ressource pedagogique structuree pour la formation.', 34, 3, 'Lecon 3', 'QUIZ', 45),
(136, '/resources/courses/lesson-136', 'Ressource pedagogique structuree pour la formation.', 35, 1, 'Lecon 1', 'PDF', 46),
(137, '/resources/courses/lesson-137', 'Ressource pedagogique structuree pour la formation.', 36, 2, 'Lecon 2', 'VIDEO', 46),
(138, '/resources/courses/lesson-138', 'Ressource pedagogique structuree pour la formation.', 37, 3, 'Lecon 3', 'QUIZ', 46),
(139, '/resources/courses/lesson-139', 'Ressource pedagogique structuree pour la formation.', 38, 1, 'Lecon 1', 'PDF', 47),
(140, '/resources/courses/lesson-140', 'Ressource pedagogique structuree pour la formation.', 39, 2, 'Lecon 2', 'VIDEO', 47),
(141, '/resources/courses/lesson-141', 'Ressource pedagogique structuree pour la formation.', 40, 3, 'Lecon 3', 'QUIZ', 47),
(142, '/resources/courses/lesson-142', 'Ressource pedagogique structuree pour la formation.', 41, 1, 'Lecon 1', 'PDF', 48),
(143, '/resources/courses/lesson-143', 'Ressource pedagogique structuree pour la formation.', 42, 2, 'Lecon 2', 'VIDEO', 48),
(144, '/resources/courses/lesson-144', 'Ressource pedagogique structuree pour la formation.', 43, 3, 'Lecon 3', 'QUIZ', 48),
(145, '/resources/courses/lesson-145', 'Ressource pedagogique structuree pour la formation.', 44, 1, 'Lecon 1', 'PDF', 49),
(146, '/resources/courses/lesson-146', 'Ressource pedagogique structuree pour la formation.', 45, 2, 'Lecon 2', 'VIDEO', 49),
(147, '/resources/courses/lesson-147', 'Ressource pedagogique structuree pour la formation.', 46, 3, 'Lecon 3', 'QUIZ', 49),
(148, '/resources/courses/lesson-148', 'Ressource pedagogique structuree pour la formation.', 47, 1, 'Lecon 1', 'PDF', 50),
(149, '/resources/courses/lesson-149', 'Ressource pedagogique structuree pour la formation.', 48, 2, 'Lecon 2', 'VIDEO', 50),
(150, '/resources/courses/lesson-150', 'Ressource pedagogique structuree pour la formation.', 49, 3, 'Lecon 3', 'QUIZ', 50),
(151, '/resources/courses/lesson-151', 'Ressource pedagogique structuree pour la formation.', 50, 1, 'Lecon 1', 'PDF', 51),
(152, '/resources/courses/lesson-152', 'Ressource pedagogique structuree pour la formation.', 51, 2, 'Lecon 2', 'VIDEO', 51),
(153, '/resources/courses/lesson-153', 'Ressource pedagogique structuree pour la formation.', 52, 3, 'Lecon 3', 'QUIZ', 51),
(154, '/resources/courses/lesson-154', 'Ressource pedagogique structuree pour la formation.', 53, 1, 'Lecon 1', 'PDF', 52),
(155, '/resources/courses/lesson-155', 'Ressource pedagogique structuree pour la formation.', 54, 2, 'Lecon 2', 'VIDEO', 52),
(156, '/resources/courses/lesson-156', 'Ressource pedagogique structuree pour la formation.', 55, 3, 'Lecon 3', 'QUIZ', 52),
(157, '/resources/courses/lesson-157', 'Ressource pedagogique structuree pour la formation.', 56, 1, 'Lecon 1', 'PDF', 53),
(158, '/resources/courses/lesson-158', 'Ressource pedagogique structuree pour la formation.', 57, 2, 'Lecon 2', 'VIDEO', 53),
(159, '/resources/courses/lesson-159', 'Ressource pedagogique structuree pour la formation.', 58, 3, 'Lecon 3', 'QUIZ', 53),
(160, '/resources/courses/lesson-160', 'Ressource pedagogique structuree pour la formation.', 59, 1, 'Lecon 1', 'PDF', 54),
(161, '/resources/courses/lesson-161', 'Ressource pedagogique structuree pour la formation.', 20, 2, 'Lecon 2', 'VIDEO', 54),
(162, '/resources/courses/lesson-162', 'Ressource pedagogique structuree pour la formation.', 21, 3, 'Lecon 3', 'QUIZ', 54),
(163, '/resources/courses/lesson-163', 'Ressource pedagogique structuree pour la formation.', 22, 1, 'Lecon 1', 'PDF', 55),
(164, '/resources/courses/lesson-164', 'Ressource pedagogique structuree pour la formation.', 23, 2, 'Lecon 2', 'VIDEO', 55),
(165, '/resources/courses/lesson-165', 'Ressource pedagogique structuree pour la formation.', 24, 3, 'Lecon 3', 'QUIZ', 55),
(166, '/resources/courses/lesson-166', 'Ressource pedagogique structuree pour la formation.', 25, 1, 'Lecon 1', 'PDF', 56),
(167, '/resources/courses/lesson-167', 'Ressource pedagogique structuree pour la formation.', 26, 2, 'Lecon 2', 'VIDEO', 56),
(168, '/resources/courses/lesson-168', 'Ressource pedagogique structuree pour la formation.', 27, 3, 'Lecon 3', 'QUIZ', 56),
(169, '/resources/courses/lesson-169', 'Ressource pedagogique structuree pour la formation.', 28, 1, 'Lecon 1', 'PDF', 57),
(170, '/resources/courses/lesson-170', 'Ressource pedagogique structuree pour la formation.', 29, 2, 'Lecon 2', 'VIDEO', 57),
(171, '/resources/courses/lesson-171', 'Ressource pedagogique structuree pour la formation.', 30, 3, 'Lecon 3', 'QUIZ', 57),
(172, '/resources/courses/lesson-172', 'Ressource pedagogique structuree pour la formation.', 31, 1, 'Lecon 1', 'PDF', 58),
(173, '/resources/courses/lesson-173', 'Ressource pedagogique structuree pour la formation.', 32, 2, 'Lecon 2', 'VIDEO', 58),
(174, '/resources/courses/lesson-174', 'Ressource pedagogique structuree pour la formation.', 33, 3, 'Lecon 3', 'QUIZ', 58),
(175, '/resources/courses/lesson-175', 'Ressource pedagogique structuree pour la formation.', 34, 1, 'Lecon 1', 'PDF', 59),
(176, '/resources/courses/lesson-176', 'Ressource pedagogique structuree pour la formation.', 35, 2, 'Lecon 2', 'VIDEO', 59),
(177, '/resources/courses/lesson-177', 'Ressource pedagogique structuree pour la formation.', 36, 3, 'Lecon 3', 'QUIZ', 59),
(178, '/resources/courses/lesson-178', 'Ressource pedagogique structuree pour la formation.', 37, 1, 'Lecon 1', 'PDF', 60),
(179, '/resources/courses/lesson-179', 'Ressource pedagogique structuree pour la formation.', 38, 2, 'Lecon 2', 'VIDEO', 60),
(180, '/resources/courses/lesson-180', 'Ressource pedagogique structuree pour la formation.', 39, 3, 'Lecon 3', 'QUIZ', 60);

INSERT INTO course_assignments (id, assigned_at, course_id, teacher_id) VALUES

(1, DATE_ADD(NOW(), INTERVAL -59 DAY), 1, 6),
(2, DATE_ADD(NOW(), INTERVAL -58 DAY), 1, 7),
(3, DATE_ADD(NOW(), INTERVAL -57 DAY), 1, 8),
(4, DATE_ADD(NOW(), INTERVAL -56 DAY), 1, 9),
(5, DATE_ADD(NOW(), INTERVAL -55 DAY), 1, 10),
(6, DATE_ADD(NOW(), INTERVAL -54 DAY), 1, 11),
(7, DATE_ADD(NOW(), INTERVAL -53 DAY), 1, 12),
(8, DATE_ADD(NOW(), INTERVAL -52 DAY), 1, 13),
(9, DATE_ADD(NOW(), INTERVAL -58 DAY), 2, 11),
(10, DATE_ADD(NOW(), INTERVAL -57 DAY), 2, 12),
(11, DATE_ADD(NOW(), INTERVAL -56 DAY), 2, 13),
(12, DATE_ADD(NOW(), INTERVAL -55 DAY), 2, 14),
(13, DATE_ADD(NOW(), INTERVAL -54 DAY), 2, 15),
(14, DATE_ADD(NOW(), INTERVAL -53 DAY), 2, 16),
(15, DATE_ADD(NOW(), INTERVAL -52 DAY), 2, 17),
(16, DATE_ADD(NOW(), INTERVAL -51 DAY), 2, 18),
(17, DATE_ADD(NOW(), INTERVAL -57 DAY), 3, 16),
(18, DATE_ADD(NOW(), INTERVAL -56 DAY), 3, 17),
(19, DATE_ADD(NOW(), INTERVAL -55 DAY), 3, 18),
(20, DATE_ADD(NOW(), INTERVAL -54 DAY), 3, 19),
(21, DATE_ADD(NOW(), INTERVAL -53 DAY), 3, 20),
(22, DATE_ADD(NOW(), INTERVAL -52 DAY), 3, 21),
(23, DATE_ADD(NOW(), INTERVAL -51 DAY), 3, 22),
(24, DATE_ADD(NOW(), INTERVAL -50 DAY), 3, 23),
(25, DATE_ADD(NOW(), INTERVAL -56 DAY), 4, 21),
(26, DATE_ADD(NOW(), INTERVAL -55 DAY), 4, 22),
(27, DATE_ADD(NOW(), INTERVAL -54 DAY), 4, 23),
(28, DATE_ADD(NOW(), INTERVAL -53 DAY), 4, 24),
(29, DATE_ADD(NOW(), INTERVAL -52 DAY), 4, 25),
(30, DATE_ADD(NOW(), INTERVAL -51 DAY), 4, 26),
(31, DATE_ADD(NOW(), INTERVAL -50 DAY), 4, 27),
(32, DATE_ADD(NOW(), INTERVAL -49 DAY), 4, 28),
(33, DATE_ADD(NOW(), INTERVAL -55 DAY), 5, 26),
(34, DATE_ADD(NOW(), INTERVAL -54 DAY), 5, 27),
(35, DATE_ADD(NOW(), INTERVAL -53 DAY), 5, 28),
(36, DATE_ADD(NOW(), INTERVAL -52 DAY), 5, 29),
(37, DATE_ADD(NOW(), INTERVAL -51 DAY), 5, 30),
(38, DATE_ADD(NOW(), INTERVAL -50 DAY), 5, 31),
(39, DATE_ADD(NOW(), INTERVAL -49 DAY), 5, 32),
(40, DATE_ADD(NOW(), INTERVAL -48 DAY), 5, 33),
(41, DATE_ADD(NOW(), INTERVAL -54 DAY), 6, 31),
(42, DATE_ADD(NOW(), INTERVAL -53 DAY), 6, 32),
(43, DATE_ADD(NOW(), INTERVAL -52 DAY), 6, 33),
(44, DATE_ADD(NOW(), INTERVAL -51 DAY), 6, 34),
(45, DATE_ADD(NOW(), INTERVAL -50 DAY), 6, 35),
(46, DATE_ADD(NOW(), INTERVAL -49 DAY), 6, 36),
(47, DATE_ADD(NOW(), INTERVAL -48 DAY), 6, 37),
(48, DATE_ADD(NOW(), INTERVAL -47 DAY), 6, 38),
(49, DATE_ADD(NOW(), INTERVAL -53 DAY), 7, 36),
(50, DATE_ADD(NOW(), INTERVAL -52 DAY), 7, 37),
(51, DATE_ADD(NOW(), INTERVAL -51 DAY), 7, 38),
(52, DATE_ADD(NOW(), INTERVAL -50 DAY), 7, 39),
(53, DATE_ADD(NOW(), INTERVAL -49 DAY), 7, 40),
(54, DATE_ADD(NOW(), INTERVAL -48 DAY), 7, 41),
(55, DATE_ADD(NOW(), INTERVAL -47 DAY), 7, 42),
(56, DATE_ADD(NOW(), INTERVAL -46 DAY), 7, 43),
(57, DATE_ADD(NOW(), INTERVAL -52 DAY), 8, 41),
(58, DATE_ADD(NOW(), INTERVAL -51 DAY), 8, 42),
(59, DATE_ADD(NOW(), INTERVAL -50 DAY), 8, 43),
(60, DATE_ADD(NOW(), INTERVAL -49 DAY), 8, 44),
(61, DATE_ADD(NOW(), INTERVAL -48 DAY), 8, 45),
(62, DATE_ADD(NOW(), INTERVAL -47 DAY), 8, 46),
(63, DATE_ADD(NOW(), INTERVAL -46 DAY), 8, 47),
(64, DATE_ADD(NOW(), INTERVAL -45 DAY), 8, 48),
(65, DATE_ADD(NOW(), INTERVAL -51 DAY), 9, 46),
(66, DATE_ADD(NOW(), INTERVAL -50 DAY), 9, 47),
(67, DATE_ADD(NOW(), INTERVAL -49 DAY), 9, 48),
(68, DATE_ADD(NOW(), INTERVAL -48 DAY), 9, 49),
(69, DATE_ADD(NOW(), INTERVAL -47 DAY), 9, 50),
(70, DATE_ADD(NOW(), INTERVAL -46 DAY), 9, 51),
(71, DATE_ADD(NOW(), INTERVAL -45 DAY), 9, 52),
(72, DATE_ADD(NOW(), INTERVAL -44 DAY), 9, 53),
(73, DATE_ADD(NOW(), INTERVAL -50 DAY), 10, 51),
(74, DATE_ADD(NOW(), INTERVAL -49 DAY), 10, 52),
(75, DATE_ADD(NOW(), INTERVAL -48 DAY), 10, 53),
(76, DATE_ADD(NOW(), INTERVAL -47 DAY), 10, 54),
(77, DATE_ADD(NOW(), INTERVAL -46 DAY), 10, 55),
(78, DATE_ADD(NOW(), INTERVAL -45 DAY), 10, 56),
(79, DATE_ADD(NOW(), INTERVAL -44 DAY), 10, 57),
(80, DATE_ADD(NOW(), INTERVAL -43 DAY), 10, 58),
(81, DATE_ADD(NOW(), INTERVAL -49 DAY), 11, 56),
(82, DATE_ADD(NOW(), INTERVAL -48 DAY), 11, 57),
(83, DATE_ADD(NOW(), INTERVAL -47 DAY), 11, 58),
(84, DATE_ADD(NOW(), INTERVAL -46 DAY), 11, 59),
(85, DATE_ADD(NOW(), INTERVAL -45 DAY), 11, 60),
(86, DATE_ADD(NOW(), INTERVAL -44 DAY), 11, 61),
(87, DATE_ADD(NOW(), INTERVAL -43 DAY), 11, 62),
(88, DATE_ADD(NOW(), INTERVAL -42 DAY), 11, 63),
(89, DATE_ADD(NOW(), INTERVAL -48 DAY), 12, 61),
(90, DATE_ADD(NOW(), INTERVAL -47 DAY), 12, 62),
(91, DATE_ADD(NOW(), INTERVAL -46 DAY), 12, 63),
(92, DATE_ADD(NOW(), INTERVAL -45 DAY), 12, 64),
(93, DATE_ADD(NOW(), INTERVAL -44 DAY), 12, 65),
(94, DATE_ADD(NOW(), INTERVAL -43 DAY), 12, 66),
(95, DATE_ADD(NOW(), INTERVAL -42 DAY), 12, 67),
(96, DATE_ADD(NOW(), INTERVAL -41 DAY), 12, 68),
(97, DATE_ADD(NOW(), INTERVAL -47 DAY), 13, 66),
(98, DATE_ADD(NOW(), INTERVAL -46 DAY), 13, 67),
(99, DATE_ADD(NOW(), INTERVAL -45 DAY), 13, 68),
(100, DATE_ADD(NOW(), INTERVAL -44 DAY), 13, 69),
(101, DATE_ADD(NOW(), INTERVAL -43 DAY), 13, 70),
(102, DATE_ADD(NOW(), INTERVAL -42 DAY), 13, 71),
(103, DATE_ADD(NOW(), INTERVAL -41 DAY), 13, 72),
(104, DATE_ADD(NOW(), INTERVAL -40 DAY), 13, 73),
(105, DATE_ADD(NOW(), INTERVAL -46 DAY), 14, 71),
(106, DATE_ADD(NOW(), INTERVAL -45 DAY), 14, 72),
(107, DATE_ADD(NOW(), INTERVAL -44 DAY), 14, 73),
(108, DATE_ADD(NOW(), INTERVAL -43 DAY), 14, 74),
(109, DATE_ADD(NOW(), INTERVAL -42 DAY), 14, 75),
(110, DATE_ADD(NOW(), INTERVAL -41 DAY), 14, 76),
(111, DATE_ADD(NOW(), INTERVAL -40 DAY), 14, 77),
(112, DATE_ADD(NOW(), INTERVAL -39 DAY), 14, 78),
(113, DATE_ADD(NOW(), INTERVAL -45 DAY), 15, 76),
(114, DATE_ADD(NOW(), INTERVAL -44 DAY), 15, 77),
(115, DATE_ADD(NOW(), INTERVAL -43 DAY), 15, 78),
(116, DATE_ADD(NOW(), INTERVAL -42 DAY), 15, 79),
(117, DATE_ADD(NOW(), INTERVAL -41 DAY), 15, 80),
(118, DATE_ADD(NOW(), INTERVAL -40 DAY), 15, 1),
(119, DATE_ADD(NOW(), INTERVAL -39 DAY), 15, 2),
(120, DATE_ADD(NOW(), INTERVAL -38 DAY), 15, 3),
(121, DATE_ADD(NOW(), INTERVAL -44 DAY), 16, 1),
(122, DATE_ADD(NOW(), INTERVAL -43 DAY), 16, 2),
(123, DATE_ADD(NOW(), INTERVAL -42 DAY), 16, 3),
(124, DATE_ADD(NOW(), INTERVAL -41 DAY), 16, 4),
(125, DATE_ADD(NOW(), INTERVAL -40 DAY), 16, 5),
(126, DATE_ADD(NOW(), INTERVAL -39 DAY), 16, 6),
(127, DATE_ADD(NOW(), INTERVAL -38 DAY), 16, 7),
(128, DATE_ADD(NOW(), INTERVAL -37 DAY), 16, 8),
(129, DATE_ADD(NOW(), INTERVAL -43 DAY), 17, 6),
(130, DATE_ADD(NOW(), INTERVAL -42 DAY), 17, 7),
(131, DATE_ADD(NOW(), INTERVAL -41 DAY), 17, 8),
(132, DATE_ADD(NOW(), INTERVAL -40 DAY), 17, 9),
(133, DATE_ADD(NOW(), INTERVAL -39 DAY), 17, 10),
(134, DATE_ADD(NOW(), INTERVAL -38 DAY), 17, 11),
(135, DATE_ADD(NOW(), INTERVAL -37 DAY), 17, 12),
(136, DATE_ADD(NOW(), INTERVAL -36 DAY), 17, 13),
(137, DATE_ADD(NOW(), INTERVAL -42 DAY), 18, 11),
(138, DATE_ADD(NOW(), INTERVAL -41 DAY), 18, 12),
(139, DATE_ADD(NOW(), INTERVAL -40 DAY), 18, 13),
(140, DATE_ADD(NOW(), INTERVAL -39 DAY), 18, 14),
(141, DATE_ADD(NOW(), INTERVAL -38 DAY), 18, 15),
(142, DATE_ADD(NOW(), INTERVAL -37 DAY), 18, 16),
(143, DATE_ADD(NOW(), INTERVAL -36 DAY), 18, 17),
(144, DATE_ADD(NOW(), INTERVAL -35 DAY), 18, 18),
(145, DATE_ADD(NOW(), INTERVAL -41 DAY), 19, 16),
(146, DATE_ADD(NOW(), INTERVAL -40 DAY), 19, 17),
(147, DATE_ADD(NOW(), INTERVAL -39 DAY), 19, 18),
(148, DATE_ADD(NOW(), INTERVAL -38 DAY), 19, 19),
(149, DATE_ADD(NOW(), INTERVAL -37 DAY), 19, 20),
(150, DATE_ADD(NOW(), INTERVAL -36 DAY), 19, 21),
(151, DATE_ADD(NOW(), INTERVAL -35 DAY), 19, 22),
(152, DATE_ADD(NOW(), INTERVAL -34 DAY), 19, 23),
(153, DATE_ADD(NOW(), INTERVAL -40 DAY), 20, 21),
(154, DATE_ADD(NOW(), INTERVAL -39 DAY), 20, 22),
(155, DATE_ADD(NOW(), INTERVAL -38 DAY), 20, 23),
(156, DATE_ADD(NOW(), INTERVAL -37 DAY), 20, 24),
(157, DATE_ADD(NOW(), INTERVAL -36 DAY), 20, 25),
(158, DATE_ADD(NOW(), INTERVAL -35 DAY), 20, 26),
(159, DATE_ADD(NOW(), INTERVAL -34 DAY), 20, 27),
(160, DATE_ADD(NOW(), INTERVAL -33 DAY), 20, 28);

INSERT INTO lesson_progress (id, completed, completed_at, score, lesson_id, teacher_id) VALUES

(1, 0, NULL, 12, 1, 6),
(2, 1, DATE_ADD(NOW(), INTERVAL -34 DAY), NULL, 2, 7),
(3, 1, DATE_ADD(NOW(), INTERVAL -33 DAY), NULL, 3, 8),
(4, 1, DATE_ADD(NOW(), INTERVAL -32 DAY), 15, 4, 9),
(5, 0, NULL, NULL, 5, 10),
(6, 1, DATE_ADD(NOW(), INTERVAL -30 DAY), NULL, 6, 11),
(7, 1, DATE_ADD(NOW(), INTERVAL -29 DAY), 18, 7, 12),
(8, 1, DATE_ADD(NOW(), INTERVAL -28 DAY), NULL, 8, 13),
(9, 0, NULL, NULL, 18, 11),
(10, 1, DATE_ADD(NOW(), INTERVAL -26 DAY), 12, 10, 12),
(11, 1, DATE_ADD(NOW(), INTERVAL -25 DAY), NULL, 11, 13),
(12, 1, DATE_ADD(NOW(), INTERVAL -24 DAY), NULL, 12, 14),
(13, 0, NULL, 15, 13, 15),
(14, 1, DATE_ADD(NOW(), INTERVAL -22 DAY), NULL, 14, 16),
(15, 1, DATE_ADD(NOW(), INTERVAL -21 DAY), NULL, 15, 17),
(16, 1, DATE_ADD(NOW(), INTERVAL -20 DAY), 18, 16, 18),
(17, 0, NULL, NULL, 26, 16),
(18, 1, DATE_ADD(NOW(), INTERVAL -18 DAY), NULL, 27, 17),
(19, 1, DATE_ADD(NOW(), INTERVAL -17 DAY), 12, 19, 18),
(20, 1, DATE_ADD(NOW(), INTERVAL -16 DAY), NULL, 20, 19),
(21, 0, NULL, NULL, 21, 20),
(22, 1, DATE_ADD(NOW(), INTERVAL -14 DAY), 15, 22, 21),
(23, 1, DATE_ADD(NOW(), INTERVAL -13 DAY), NULL, 23, 22),
(24, 1, DATE_ADD(NOW(), INTERVAL -12 DAY), NULL, 24, 23),
(25, 0, NULL, 18, 34, 21),
(26, 1, DATE_ADD(NOW(), INTERVAL -10 DAY), NULL, 35, 22),
(27, 1, DATE_ADD(NOW(), INTERVAL -9 DAY), NULL, 36, 23),
(28, 1, DATE_ADD(NOW(), INTERVAL -8 DAY), 12, 28, 24),
(29, 0, NULL, NULL, 29, 25),
(30, 1, DATE_ADD(NOW(), INTERVAL -6 DAY), NULL, 30, 26),
(31, 1, DATE_ADD(NOW(), INTERVAL -5 DAY), 15, 31, 27),
(32, 1, DATE_ADD(NOW(), INTERVAL -4 DAY), NULL, 32, 28),
(33, 0, NULL, NULL, 42, 26),
(34, 1, DATE_ADD(NOW(), INTERVAL -2 DAY), 18, 43, 27),
(35, 1, DATE_ADD(NOW(), INTERVAL -1 DAY), NULL, 44, 28),
(36, 1, DATE_ADD(NOW(), INTERVAL 0 DAY), NULL, 45, 29),
(37, 0, NULL, 12, 37, 30),
(38, 1, DATE_ADD(NOW(), INTERVAL 2 DAY), NULL, 38, 31),
(39, 1, DATE_ADD(NOW(), INTERVAL 3 DAY), NULL, 39, 32),
(40, 1, DATE_ADD(NOW(), INTERVAL 4 DAY), 15, 40, 33),
(41, 0, NULL, NULL, 50, 31),
(42, 1, DATE_ADD(NOW(), INTERVAL 6 DAY), NULL, 51, 32),
(43, 1, DATE_ADD(NOW(), INTERVAL 7 DAY), 18, 52, 33),
(44, 1, DATE_ADD(NOW(), INTERVAL 8 DAY), NULL, 53, 34),
(45, 0, NULL, NULL, 54, 35),
(46, 1, DATE_ADD(NOW(), INTERVAL 10 DAY), 12, 46, 36),
(47, 1, DATE_ADD(NOW(), INTERVAL 11 DAY), NULL, 47, 37),
(48, 1, DATE_ADD(NOW(), INTERVAL 12 DAY), NULL, 48, 38),
(49, 0, NULL, 15, 58, 36),
(50, 1, DATE_ADD(NOW(), INTERVAL 14 DAY), NULL, 59, 37),
(51, 1, DATE_ADD(NOW(), INTERVAL -35 DAY), NULL, 60, 38),
(52, 1, DATE_ADD(NOW(), INTERVAL -34 DAY), 18, 61, 39),
(53, 0, NULL, NULL, 62, 40),
(54, 1, DATE_ADD(NOW(), INTERVAL -32 DAY), NULL, 63, 41),
(55, 1, DATE_ADD(NOW(), INTERVAL -31 DAY), 12, 55, 42),
(56, 1, DATE_ADD(NOW(), INTERVAL -30 DAY), NULL, 56, 43),
(57, 0, NULL, NULL, 66, 41),
(58, 1, DATE_ADD(NOW(), INTERVAL -28 DAY), 15, 67, 42),
(59, 1, DATE_ADD(NOW(), INTERVAL -27 DAY), NULL, 68, 43),
(60, 1, DATE_ADD(NOW(), INTERVAL -26 DAY), NULL, 69, 44),
(61, 0, NULL, 18, 70, 45),
(62, 1, DATE_ADD(NOW(), INTERVAL -24 DAY), NULL, 71, 46),
(63, 1, DATE_ADD(NOW(), INTERVAL -23 DAY), NULL, 72, 47),
(64, 1, DATE_ADD(NOW(), INTERVAL -22 DAY), 12, 64, 48),
(65, 0, NULL, NULL, 74, 46),
(66, 1, DATE_ADD(NOW(), INTERVAL -20 DAY), NULL, 75, 47),
(67, 1, DATE_ADD(NOW(), INTERVAL -19 DAY), 15, 76, 48),
(68, 1, DATE_ADD(NOW(), INTERVAL -18 DAY), NULL, 77, 49),
(69, 0, NULL, NULL, 78, 50),
(70, 1, DATE_ADD(NOW(), INTERVAL -16 DAY), 18, 79, 51),
(71, 1, DATE_ADD(NOW(), INTERVAL -15 DAY), NULL, 80, 52),
(72, 1, DATE_ADD(NOW(), INTERVAL -14 DAY), NULL, 81, 53),
(73, 0, NULL, 12, 82, 51),
(74, 1, DATE_ADD(NOW(), INTERVAL -12 DAY), NULL, 83, 52),
(75, 1, DATE_ADD(NOW(), INTERVAL -11 DAY), NULL, 84, 53),
(76, 1, DATE_ADD(NOW(), INTERVAL -10 DAY), 15, 85, 54),
(77, 0, NULL, NULL, 86, 55),
(78, 1, DATE_ADD(NOW(), INTERVAL -8 DAY), NULL, 87, 56),
(79, 1, DATE_ADD(NOW(), INTERVAL -7 DAY), 18, 88, 57),
(80, 1, DATE_ADD(NOW(), INTERVAL -6 DAY), NULL, 89, 58),
(81, 0, NULL, NULL, 99, 56),
(82, 1, DATE_ADD(NOW(), INTERVAL -4 DAY), 12, 91, 57),
(83, 1, DATE_ADD(NOW(), INTERVAL -3 DAY), NULL, 92, 58),
(84, 1, DATE_ADD(NOW(), INTERVAL -2 DAY), NULL, 93, 59),
(85, 0, NULL, 15, 94, 60),
(86, 1, DATE_ADD(NOW(), INTERVAL 0 DAY), NULL, 95, 61),
(87, 1, DATE_ADD(NOW(), INTERVAL 1 DAY), NULL, 96, 62),
(88, 1, DATE_ADD(NOW(), INTERVAL 2 DAY), 18, 97, 63),
(89, 0, NULL, NULL, 107, 61),
(90, 1, DATE_ADD(NOW(), INTERVAL 4 DAY), NULL, 108, 62),
(91, 1, DATE_ADD(NOW(), INTERVAL 5 DAY), 12, 100, 63),
(92, 1, DATE_ADD(NOW(), INTERVAL 6 DAY), NULL, 101, 64),
(93, 0, NULL, NULL, 102, 65),
(94, 1, DATE_ADD(NOW(), INTERVAL 8 DAY), 15, 103, 66),
(95, 1, DATE_ADD(NOW(), INTERVAL 9 DAY), NULL, 104, 67),
(96, 1, DATE_ADD(NOW(), INTERVAL 10 DAY), NULL, 105, 68),
(97, 0, NULL, 18, 115, 66),
(98, 1, DATE_ADD(NOW(), INTERVAL 12 DAY), NULL, 116, 67),
(99, 1, DATE_ADD(NOW(), INTERVAL 13 DAY), NULL, 117, 68),
(100, 1, DATE_ADD(NOW(), INTERVAL 14 DAY), 12, 109, 69),
(101, 0, NULL, NULL, 110, 70),
(102, 1, DATE_ADD(NOW(), INTERVAL -34 DAY), NULL, 111, 71),
(103, 1, DATE_ADD(NOW(), INTERVAL -33 DAY), 15, 112, 72),
(104, 1, DATE_ADD(NOW(), INTERVAL -32 DAY), NULL, 113, 73),
(105, 0, NULL, NULL, 123, 71),
(106, 1, DATE_ADD(NOW(), INTERVAL -30 DAY), 18, 124, 72),
(107, 1, DATE_ADD(NOW(), INTERVAL -29 DAY), NULL, 125, 73),
(108, 1, DATE_ADD(NOW(), INTERVAL -28 DAY), NULL, 126, 74),
(109, 0, NULL, 12, 118, 75),
(110, 1, DATE_ADD(NOW(), INTERVAL -26 DAY), NULL, 119, 76),
(111, 1, DATE_ADD(NOW(), INTERVAL -25 DAY), NULL, 120, 77),
(112, 1, DATE_ADD(NOW(), INTERVAL -24 DAY), 15, 121, 78),
(113, 0, NULL, NULL, 131, 76),
(114, 1, DATE_ADD(NOW(), INTERVAL -22 DAY), NULL, 132, 77),
(115, 1, DATE_ADD(NOW(), INTERVAL -21 DAY), 18, 133, 78),
(116, 1, DATE_ADD(NOW(), INTERVAL -20 DAY), NULL, 134, 79),
(117, 0, NULL, NULL, 135, 80),
(118, 1, DATE_ADD(NOW(), INTERVAL -18 DAY), 12, 127, 1),
(119, 1, DATE_ADD(NOW(), INTERVAL -17 DAY), NULL, 128, 2),
(120, 1, DATE_ADD(NOW(), INTERVAL -16 DAY), NULL, 129, 3),
(121, 0, NULL, 15, 139, 1),
(122, 1, DATE_ADD(NOW(), INTERVAL -14 DAY), NULL, 140, 2),
(123, 1, DATE_ADD(NOW(), INTERVAL -13 DAY), NULL, 141, 3),
(124, 1, DATE_ADD(NOW(), INTERVAL -12 DAY), 18, 142, 4),
(125, 0, NULL, NULL, 143, 5),
(126, 1, DATE_ADD(NOW(), INTERVAL -10 DAY), NULL, 144, 6),
(127, 1, DATE_ADD(NOW(), INTERVAL -9 DAY), 12, 136, 7),
(128, 1, DATE_ADD(NOW(), INTERVAL -8 DAY), NULL, 137, 8),
(129, 0, NULL, NULL, 147, 6),
(130, 1, DATE_ADD(NOW(), INTERVAL -6 DAY), 15, 148, 7),
(131, 1, DATE_ADD(NOW(), INTERVAL -5 DAY), NULL, 149, 8),
(132, 1, DATE_ADD(NOW(), INTERVAL -4 DAY), NULL, 150, 9),
(133, 0, NULL, 18, 151, 10),
(134, 1, DATE_ADD(NOW(), INTERVAL -2 DAY), NULL, 152, 11),
(135, 1, DATE_ADD(NOW(), INTERVAL -1 DAY), NULL, 153, 12),
(136, 1, DATE_ADD(NOW(), INTERVAL 0 DAY), 12, 145, 13),
(137, 0, NULL, NULL, 155, 11),
(138, 1, DATE_ADD(NOW(), INTERVAL 2 DAY), NULL, 156, 12),
(139, 1, DATE_ADD(NOW(), INTERVAL 3 DAY), 15, 157, 13),
(140, 1, DATE_ADD(NOW(), INTERVAL 4 DAY), NULL, 158, 14),
(141, 0, NULL, NULL, 159, 15),
(142, 1, DATE_ADD(NOW(), INTERVAL 6 DAY), 18, 160, 16),
(143, 1, DATE_ADD(NOW(), INTERVAL 7 DAY), NULL, 161, 17),
(144, 1, DATE_ADD(NOW(), INTERVAL 8 DAY), NULL, 162, 18),
(145, 0, NULL, 12, 163, 16),
(146, 1, DATE_ADD(NOW(), INTERVAL 10 DAY), NULL, 164, 17),
(147, 1, DATE_ADD(NOW(), INTERVAL 11 DAY), NULL, 165, 18),
(148, 1, DATE_ADD(NOW(), INTERVAL 12 DAY), 15, 166, 19),
(149, 0, NULL, NULL, 167, 20),
(150, 1, DATE_ADD(NOW(), INTERVAL 14 DAY), NULL, 168, 21),
(151, 1, DATE_ADD(NOW(), INTERVAL -35 DAY), 18, 169, 22),
(152, 1, DATE_ADD(NOW(), INTERVAL -34 DAY), NULL, 170, 23),
(153, 0, NULL, NULL, 180, 21),
(154, 1, DATE_ADD(NOW(), INTERVAL -32 DAY), 12, 172, 22),
(155, 1, DATE_ADD(NOW(), INTERVAL -31 DAY), NULL, 173, 23),
(156, 1, DATE_ADD(NOW(), INTERVAL -30 DAY), NULL, 174, 24),
(157, 0, NULL, 15, 175, 25),
(158, 1, DATE_ADD(NOW(), INTERVAL -28 DAY), NULL, 176, 26),
(159, 1, DATE_ADD(NOW(), INTERVAL -27 DAY), NULL, 177, 27),
(160, 1, DATE_ADD(NOW(), INTERVAL -26 DAY), 18, 178, 28);

INSERT INTO quizzes (id, created_at, grade, school_level, subject, title, topic, inspector_id) VALUES

(1, DATE_ADD(NOW(), INTERVAL -65 DAY), '6eme', 'PRIMARY', 'ARABIC', 'Quiz diagnostic Arabe 1', 'Evaluation formative', 1),
(2, DATE_ADD(NOW(), INTERVAL -64 DAY), '7eme', 'PREPARATORY', 'FRENCH', 'Quiz diagnostic Francais 2', 'Competences de base', 2),
(3, DATE_ADD(NOW(), INTERVAL -63 DAY), '8eme', 'SECONDARY', 'ENGLISH', 'Quiz diagnostic Anglais 3', 'Remediation', 3),
(4, DATE_ADD(NOW(), INTERVAL -62 DAY), '9eme', 'PRIMARY', 'MATH', 'Quiz diagnostic Mathematiques 4', 'Integration des TIC', 4),
(5, DATE_ADD(NOW(), INTERVAL -61 DAY), '1ere secondaire', 'PREPARATORY', 'PHYSICS', 'Quiz diagnostic Physique 5', 'Evaluation formative', 5),
(6, DATE_ADD(NOW(), INTERVAL -60 DAY), '2eme secondaire', 'SECONDARY', 'CHEMISTRY', 'Quiz diagnostic Chimie 6', 'Competences de base', 6),
(7, DATE_ADD(NOW(), INTERVAL -59 DAY), 'Bac', 'PRIMARY', 'BIOLOGY', 'Quiz diagnostic Sciences de la vie 7', 'Remediation', 7),
(8, DATE_ADD(NOW(), INTERVAL -58 DAY), '6eme', 'PREPARATORY', 'HISTORY_GEOGRAPHY', 'Quiz diagnostic Histoire-Geographie 8', 'Integration des TIC', 8),
(9, DATE_ADD(NOW(), INTERVAL -57 DAY), '7eme', 'SECONDARY', 'PHILOSOPHY', 'Quiz diagnostic Philosophie 9', 'Evaluation formative', 9),
(10, DATE_ADD(NOW(), INTERVAL -56 DAY), '8eme', 'PRIMARY', 'ISLAMIC_STUDIES', 'Quiz diagnostic Education islamique 10', 'Competences de base', 10),
(11, DATE_ADD(NOW(), INTERVAL -55 DAY), '9eme', 'PREPARATORY', 'PHYSICAL_EDUCATION', 'Quiz diagnostic Education physique 11', 'Remediation', 11),
(12, DATE_ADD(NOW(), INTERVAL -54 DAY), '1ere secondaire', 'SECONDARY', 'COMPUTER_SCIENCE', 'Quiz diagnostic Informatique 12', 'Integration des TIC', 12),
(13, DATE_ADD(NOW(), INTERVAL -53 DAY), '2eme secondaire', 'PRIMARY', 'ECONOMICS', 'Quiz diagnostic Economie 13', 'Evaluation formative', 13),
(14, DATE_ADD(NOW(), INTERVAL -52 DAY), 'Bac', 'PREPARATORY', 'ARTS', 'Quiz diagnostic Arts plastiques 14', 'Competences de base', 14),
(15, DATE_ADD(NOW(), INTERVAL -51 DAY), '6eme', 'SECONDARY', 'MUSIC', 'Quiz diagnostic Musique 15', 'Remediation', 15),
(16, DATE_ADD(NOW(), INTERVAL -50 DAY), '7eme', 'PRIMARY', 'ARABIC', 'Quiz diagnostic Arabe 16', 'Integration des TIC', 16),
(17, DATE_ADD(NOW(), INTERVAL -49 DAY), '8eme', 'PREPARATORY', 'FRENCH', 'Quiz diagnostic Francais 17', 'Evaluation formative', 17),
(18, DATE_ADD(NOW(), INTERVAL -48 DAY), '9eme', 'SECONDARY', 'ENGLISH', 'Quiz diagnostic Anglais 18', 'Competences de base', 1),
(19, DATE_ADD(NOW(), INTERVAL -47 DAY), '1ere secondaire', 'PRIMARY', 'MATH', 'Quiz diagnostic Mathematiques 19', 'Remediation', 2),
(20, DATE_ADD(NOW(), INTERVAL -46 DAY), '2eme secondaire', 'PREPARATORY', 'PHYSICS', 'Quiz diagnostic Physique 20', 'Integration des TIC', 3),
(21, DATE_ADD(NOW(), INTERVAL -45 DAY), 'Bac', 'SECONDARY', 'CHEMISTRY', 'Quiz diagnostic Chimie 21', 'Evaluation formative', 4),
(22, DATE_ADD(NOW(), INTERVAL -44 DAY), '6eme', 'PRIMARY', 'BIOLOGY', 'Quiz diagnostic Sciences de la vie 22', 'Competences de base', 5),
(23, DATE_ADD(NOW(), INTERVAL -43 DAY), '7eme', 'PREPARATORY', 'HISTORY_GEOGRAPHY', 'Quiz diagnostic Histoire-Geographie 23', 'Remediation', 6),
(24, DATE_ADD(NOW(), INTERVAL -42 DAY), '8eme', 'SECONDARY', 'PHILOSOPHY', 'Quiz diagnostic Philosophie 24', 'Integration des TIC', 7),
(25, DATE_ADD(NOW(), INTERVAL -41 DAY), '9eme', 'PRIMARY', 'ISLAMIC_STUDIES', 'Quiz diagnostic Education islamique 25', 'Evaluation formative', 8);

INSERT INTO quiz_questions (id, correct_answer, options, question_text, type, quiz_id) VALUES

(1, 'B', '["A","B","C","D"]', 'Question 1: analyser la situation pedagogique proposee.', 'MCQ', 1),
(2, 'Reponse argumentee attendue', NULL, 'Question 2: analyser la situation pedagogique proposee.', 'FREE_TEXT', 1),
(3, 'B', '["A","B","C","D"]', 'Question 3: analyser la situation pedagogique proposee.', 'MCQ', 1),
(4, 'Reponse argumentee attendue', NULL, 'Question 4: analyser la situation pedagogique proposee.', 'FREE_TEXT', 1),
(5, 'B', '["A","B","C","D"]', 'Question 5: analyser la situation pedagogique proposee.', 'MCQ', 2),
(6, 'Reponse argumentee attendue', NULL, 'Question 6: analyser la situation pedagogique proposee.', 'FREE_TEXT', 2),
(7, 'B', '["A","B","C","D"]', 'Question 7: analyser la situation pedagogique proposee.', 'MCQ', 2),
(8, 'Reponse argumentee attendue', NULL, 'Question 8: analyser la situation pedagogique proposee.', 'FREE_TEXT', 2),
(9, 'B', '["A","B","C","D"]', 'Question 9: analyser la situation pedagogique proposee.', 'MCQ', 3),
(10, 'Reponse argumentee attendue', NULL, 'Question 10: analyser la situation pedagogique proposee.', 'FREE_TEXT', 3),
(11, 'B', '["A","B","C","D"]', 'Question 11: analyser la situation pedagogique proposee.', 'MCQ', 3),
(12, 'Reponse argumentee attendue', NULL, 'Question 12: analyser la situation pedagogique proposee.', 'FREE_TEXT', 3),
(13, 'B', '["A","B","C","D"]', 'Question 13: analyser la situation pedagogique proposee.', 'MCQ', 4),
(14, 'Reponse argumentee attendue', NULL, 'Question 14: analyser la situation pedagogique proposee.', 'FREE_TEXT', 4),
(15, 'B', '["A","B","C","D"]', 'Question 15: analyser la situation pedagogique proposee.', 'MCQ', 4),
(16, 'Reponse argumentee attendue', NULL, 'Question 16: analyser la situation pedagogique proposee.', 'FREE_TEXT', 4),
(17, 'B', '["A","B","C","D"]', 'Question 17: analyser la situation pedagogique proposee.', 'MCQ', 5),
(18, 'Reponse argumentee attendue', NULL, 'Question 18: analyser la situation pedagogique proposee.', 'FREE_TEXT', 5),
(19, 'B', '["A","B","C","D"]', 'Question 19: analyser la situation pedagogique proposee.', 'MCQ', 5),
(20, 'Reponse argumentee attendue', NULL, 'Question 20: analyser la situation pedagogique proposee.', 'FREE_TEXT', 5),
(21, 'B', '["A","B","C","D"]', 'Question 21: analyser la situation pedagogique proposee.', 'MCQ', 6),
(22, 'Reponse argumentee attendue', NULL, 'Question 22: analyser la situation pedagogique proposee.', 'FREE_TEXT', 6),
(23, 'B', '["A","B","C","D"]', 'Question 23: analyser la situation pedagogique proposee.', 'MCQ', 6),
(24, 'Reponse argumentee attendue', NULL, 'Question 24: analyser la situation pedagogique proposee.', 'FREE_TEXT', 6),
(25, 'B', '["A","B","C","D"]', 'Question 25: analyser la situation pedagogique proposee.', 'MCQ', 7),
(26, 'Reponse argumentee attendue', NULL, 'Question 26: analyser la situation pedagogique proposee.', 'FREE_TEXT', 7),
(27, 'B', '["A","B","C","D"]', 'Question 27: analyser la situation pedagogique proposee.', 'MCQ', 7),
(28, 'Reponse argumentee attendue', NULL, 'Question 28: analyser la situation pedagogique proposee.', 'FREE_TEXT', 7),
(29, 'B', '["A","B","C","D"]', 'Question 29: analyser la situation pedagogique proposee.', 'MCQ', 8),
(30, 'Reponse argumentee attendue', NULL, 'Question 30: analyser la situation pedagogique proposee.', 'FREE_TEXT', 8),
(31, 'B', '["A","B","C","D"]', 'Question 31: analyser la situation pedagogique proposee.', 'MCQ', 8),
(32, 'Reponse argumentee attendue', NULL, 'Question 32: analyser la situation pedagogique proposee.', 'FREE_TEXT', 8),
(33, 'B', '["A","B","C","D"]', 'Question 33: analyser la situation pedagogique proposee.', 'MCQ', 9),
(34, 'Reponse argumentee attendue', NULL, 'Question 34: analyser la situation pedagogique proposee.', 'FREE_TEXT', 9),
(35, 'B', '["A","B","C","D"]', 'Question 35: analyser la situation pedagogique proposee.', 'MCQ', 9),
(36, 'Reponse argumentee attendue', NULL, 'Question 36: analyser la situation pedagogique proposee.', 'FREE_TEXT', 9),
(37, 'B', '["A","B","C","D"]', 'Question 37: analyser la situation pedagogique proposee.', 'MCQ', 10),
(38, 'Reponse argumentee attendue', NULL, 'Question 38: analyser la situation pedagogique proposee.', 'FREE_TEXT', 10),
(39, 'B', '["A","B","C","D"]', 'Question 39: analyser la situation pedagogique proposee.', 'MCQ', 10),
(40, 'Reponse argumentee attendue', NULL, 'Question 40: analyser la situation pedagogique proposee.', 'FREE_TEXT', 10),
(41, 'B', '["A","B","C","D"]', 'Question 41: analyser la situation pedagogique proposee.', 'MCQ', 11),
(42, 'Reponse argumentee attendue', NULL, 'Question 42: analyser la situation pedagogique proposee.', 'FREE_TEXT', 11),
(43, 'B', '["A","B","C","D"]', 'Question 43: analyser la situation pedagogique proposee.', 'MCQ', 11),
(44, 'Reponse argumentee attendue', NULL, 'Question 44: analyser la situation pedagogique proposee.', 'FREE_TEXT', 11),
(45, 'B', '["A","B","C","D"]', 'Question 45: analyser la situation pedagogique proposee.', 'MCQ', 12),
(46, 'Reponse argumentee attendue', NULL, 'Question 46: analyser la situation pedagogique proposee.', 'FREE_TEXT', 12),
(47, 'B', '["A","B","C","D"]', 'Question 47: analyser la situation pedagogique proposee.', 'MCQ', 12),
(48, 'Reponse argumentee attendue', NULL, 'Question 48: analyser la situation pedagogique proposee.', 'FREE_TEXT', 12),
(49, 'B', '["A","B","C","D"]', 'Question 49: analyser la situation pedagogique proposee.', 'MCQ', 13),
(50, 'Reponse argumentee attendue', NULL, 'Question 50: analyser la situation pedagogique proposee.', 'FREE_TEXT', 13),
(51, 'B', '["A","B","C","D"]', 'Question 51: analyser la situation pedagogique proposee.', 'MCQ', 13),
(52, 'Reponse argumentee attendue', NULL, 'Question 52: analyser la situation pedagogique proposee.', 'FREE_TEXT', 13),
(53, 'B', '["A","B","C","D"]', 'Question 53: analyser la situation pedagogique proposee.', 'MCQ', 14),
(54, 'Reponse argumentee attendue', NULL, 'Question 54: analyser la situation pedagogique proposee.', 'FREE_TEXT', 14),
(55, 'B', '["A","B","C","D"]', 'Question 55: analyser la situation pedagogique proposee.', 'MCQ', 14),
(56, 'Reponse argumentee attendue', NULL, 'Question 56: analyser la situation pedagogique proposee.', 'FREE_TEXT', 14),
(57, 'B', '["A","B","C","D"]', 'Question 57: analyser la situation pedagogique proposee.', 'MCQ', 15),
(58, 'Reponse argumentee attendue', NULL, 'Question 58: analyser la situation pedagogique proposee.', 'FREE_TEXT', 15),
(59, 'B', '["A","B","C","D"]', 'Question 59: analyser la situation pedagogique proposee.', 'MCQ', 15),
(60, 'Reponse argumentee attendue', NULL, 'Question 60: analyser la situation pedagogique proposee.', 'FREE_TEXT', 15),
(61, 'B', '["A","B","C","D"]', 'Question 61: analyser la situation pedagogique proposee.', 'MCQ', 16),
(62, 'Reponse argumentee attendue', NULL, 'Question 62: analyser la situation pedagogique proposee.', 'FREE_TEXT', 16),
(63, 'B', '["A","B","C","D"]', 'Question 63: analyser la situation pedagogique proposee.', 'MCQ', 16),
(64, 'Reponse argumentee attendue', NULL, 'Question 64: analyser la situation pedagogique proposee.', 'FREE_TEXT', 16),
(65, 'B', '["A","B","C","D"]', 'Question 65: analyser la situation pedagogique proposee.', 'MCQ', 17),
(66, 'Reponse argumentee attendue', NULL, 'Question 66: analyser la situation pedagogique proposee.', 'FREE_TEXT', 17),
(67, 'B', '["A","B","C","D"]', 'Question 67: analyser la situation pedagogique proposee.', 'MCQ', 17),
(68, 'Reponse argumentee attendue', NULL, 'Question 68: analyser la situation pedagogique proposee.', 'FREE_TEXT', 17),
(69, 'B', '["A","B","C","D"]', 'Question 69: analyser la situation pedagogique proposee.', 'MCQ', 18),
(70, 'Reponse argumentee attendue', NULL, 'Question 70: analyser la situation pedagogique proposee.', 'FREE_TEXT', 18),
(71, 'B', '["A","B","C","D"]', 'Question 71: analyser la situation pedagogique proposee.', 'MCQ', 18),
(72, 'Reponse argumentee attendue', NULL, 'Question 72: analyser la situation pedagogique proposee.', 'FREE_TEXT', 18),
(73, 'B', '["A","B","C","D"]', 'Question 73: analyser la situation pedagogique proposee.', 'MCQ', 19),
(74, 'Reponse argumentee attendue', NULL, 'Question 74: analyser la situation pedagogique proposee.', 'FREE_TEXT', 19),
(75, 'B', '["A","B","C","D"]', 'Question 75: analyser la situation pedagogique proposee.', 'MCQ', 19),
(76, 'Reponse argumentee attendue', NULL, 'Question 76: analyser la situation pedagogique proposee.', 'FREE_TEXT', 19),
(77, 'B', '["A","B","C","D"]', 'Question 77: analyser la situation pedagogique proposee.', 'MCQ', 20),
(78, 'Reponse argumentee attendue', NULL, 'Question 78: analyser la situation pedagogique proposee.', 'FREE_TEXT', 20),
(79, 'B', '["A","B","C","D"]', 'Question 79: analyser la situation pedagogique proposee.', 'MCQ', 20),
(80, 'Reponse argumentee attendue', NULL, 'Question 80: analyser la situation pedagogique proposee.', 'FREE_TEXT', 20),
(81, 'B', '["A","B","C","D"]', 'Question 81: analyser la situation pedagogique proposee.', 'MCQ', 21),
(82, 'Reponse argumentee attendue', NULL, 'Question 82: analyser la situation pedagogique proposee.', 'FREE_TEXT', 21),
(83, 'B', '["A","B","C","D"]', 'Question 83: analyser la situation pedagogique proposee.', 'MCQ', 21),
(84, 'Reponse argumentee attendue', NULL, 'Question 84: analyser la situation pedagogique proposee.', 'FREE_TEXT', 21),
(85, 'B', '["A","B","C","D"]', 'Question 85: analyser la situation pedagogique proposee.', 'MCQ', 22),
(86, 'Reponse argumentee attendue', NULL, 'Question 86: analyser la situation pedagogique proposee.', 'FREE_TEXT', 22),
(87, 'B', '["A","B","C","D"]', 'Question 87: analyser la situation pedagogique proposee.', 'MCQ', 22),
(88, 'Reponse argumentee attendue', NULL, 'Question 88: analyser la situation pedagogique proposee.', 'FREE_TEXT', 22),
(89, 'B', '["A","B","C","D"]', 'Question 89: analyser la situation pedagogique proposee.', 'MCQ', 23),
(90, 'Reponse argumentee attendue', NULL, 'Question 90: analyser la situation pedagogique proposee.', 'FREE_TEXT', 23),
(91, 'B', '["A","B","C","D"]', 'Question 91: analyser la situation pedagogique proposee.', 'MCQ', 23),
(92, 'Reponse argumentee attendue', NULL, 'Question 92: analyser la situation pedagogique proposee.', 'FREE_TEXT', 23),
(93, 'B', '["A","B","C","D"]', 'Question 93: analyser la situation pedagogique proposee.', 'MCQ', 24),
(94, 'Reponse argumentee attendue', NULL, 'Question 94: analyser la situation pedagogique proposee.', 'FREE_TEXT', 24),
(95, 'B', '["A","B","C","D"]', 'Question 95: analyser la situation pedagogique proposee.', 'MCQ', 24),
(96, 'Reponse argumentee attendue', NULL, 'Question 96: analyser la situation pedagogique proposee.', 'FREE_TEXT', 24),
(97, 'B', '["A","B","C","D"]', 'Question 97: analyser la situation pedagogique proposee.', 'MCQ', 25),
(98, 'Reponse argumentee attendue', NULL, 'Question 98: analyser la situation pedagogique proposee.', 'FREE_TEXT', 25),
(99, 'B', '["A","B","C","D"]', 'Question 99: analyser la situation pedagogique proposee.', 'MCQ', 25),
(100, 'Reponse argumentee attendue', NULL, 'Question 100: analyser la situation pedagogique proposee.', 'FREE_TEXT', 25);

INSERT INTO quiz_assignments (quiz_id, teacher_id) VALUES

(1, 4),
(1, 5),
(1, 6),
(1, 7),
(1, 8),
(1, 9),
(1, 10),
(1, 11),
(1, 12),
(1, 13),
(2, 7),
(2, 8),
(2, 9),
(2, 10),
(2, 11),
(2, 12),
(2, 13),
(2, 14),
(2, 15),
(2, 16),
(3, 10),
(3, 11),
(3, 12),
(3, 13),
(3, 14),
(3, 15),
(3, 16),
(3, 17),
(3, 18),
(3, 19),
(4, 13),
(4, 14),
(4, 15),
(4, 16),
(4, 17),
(4, 18),
(4, 19),
(4, 20),
(4, 21),
(4, 22),
(5, 16),
(5, 17),
(5, 18),
(5, 19),
(5, 20),
(5, 21),
(5, 22),
(5, 23),
(5, 24),
(5, 25),
(6, 19),
(6, 20),
(6, 21),
(6, 22),
(6, 23),
(6, 24),
(6, 25),
(6, 26),
(6, 27),
(6, 28),
(7, 22),
(7, 23),
(7, 24),
(7, 25),
(7, 26),
(7, 27),
(7, 28),
(7, 29),
(7, 30),
(7, 31),
(8, 25),
(8, 26),
(8, 27),
(8, 28),
(8, 29),
(8, 30),
(8, 31),
(8, 32),
(8, 33),
(8, 34),
(9, 28),
(9, 29),
(9, 30),
(9, 31),
(9, 32),
(9, 33),
(9, 34),
(9, 35),
(9, 36),
(9, 37),
(10, 31),
(10, 32),
(10, 33),
(10, 34),
(10, 35),
(10, 36),
(10, 37),
(10, 38),
(10, 39),
(10, 40),
(11, 34),
(11, 35),
(11, 36),
(11, 37),
(11, 38),
(11, 39),
(11, 40),
(11, 41),
(11, 42),
(11, 43),
(12, 37),
(12, 38),
(12, 39),
(12, 40),
(12, 41),
(12, 42),
(12, 43),
(12, 44),
(12, 45),
(12, 46),
(13, 40),
(13, 41),
(13, 42),
(13, 43),
(13, 44),
(13, 45),
(13, 46),
(13, 47),
(13, 48),
(13, 49),
(14, 43),
(14, 44),
(14, 45),
(14, 46),
(14, 47),
(14, 48),
(14, 49),
(14, 50),
(14, 51),
(14, 52),
(15, 46),
(15, 47),
(15, 48),
(15, 49),
(15, 50),
(15, 51),
(15, 52),
(15, 53),
(15, 54),
(15, 55),
(16, 49),
(16, 50),
(16, 51),
(16, 52),
(16, 53),
(16, 54),
(16, 55),
(16, 56),
(16, 57),
(16, 58),
(17, 52),
(17, 53),
(17, 54),
(17, 55),
(17, 56),
(17, 57),
(17, 58),
(17, 59),
(17, 60),
(17, 61),
(18, 55),
(18, 56),
(18, 57),
(18, 58),
(18, 59),
(18, 60),
(18, 61),
(18, 62),
(18, 63),
(18, 64),
(19, 58),
(19, 59),
(19, 60),
(19, 61),
(19, 62),
(19, 63),
(19, 64),
(19, 65),
(19, 66),
(19, 67),
(20, 61),
(20, 62),
(20, 63),
(20, 64),
(20, 65),
(20, 66),
(20, 67),
(20, 68),
(20, 69),
(20, 70),
(21, 64),
(21, 65),
(21, 66),
(21, 67),
(21, 68),
(21, 69),
(21, 70),
(21, 71),
(21, 72),
(21, 73),
(22, 67),
(22, 68),
(22, 69),
(22, 70),
(22, 71),
(22, 72),
(22, 73),
(22, 74),
(22, 75),
(22, 76),
(23, 70),
(23, 71),
(23, 72),
(23, 73),
(23, 74),
(23, 75),
(23, 76),
(23, 77),
(23, 78),
(23, 79),
(24, 73),
(24, 74),
(24, 75),
(24, 76),
(24, 77),
(24, 78),
(24, 79),
(24, 80),
(24, 1),
(24, 2),
(25, 76),
(25, 77),
(25, 78),
(25, 79),
(25, 80),
(25, 1),
(25, 2),
(25, 3),
(25, 4),
(25, 5);

INSERT INTO quiz_submissions (id, answers, evaluation_text, score, submitted_at, training_suggestion, quiz_id, teacher_id) VALUES

(1, '{"1":"B","2":"Analyse complete","3":"C","4":"Synthese"}', 'Evaluation satisfaisante avec axes d''amelioration identifies.', 8, DATE_ADD(NOW(), INTERVAL -40 DAY), 'Suivre le module de consolidation et refaire une activite d''application.', 1, 4),
(2, '{"1":"B","2":"Analyse complete","3":"C","4":"Synthese"}', 'Evaluation satisfaisante avec axes d''amelioration identifies.', 9, DATE_ADD(NOW(), INTERVAL -39 DAY), 'Suivre le module de consolidation et refaire une activite d''application.', 1, 5),
(3, '{"1":"B","2":"Analyse complete","3":"C","4":"Synthese"}', 'Evaluation satisfaisante avec axes d''amelioration identifies.', 10, DATE_ADD(NOW(), INTERVAL -38 DAY), 'Suivre le module de consolidation et refaire une activite d''application.', 1, 6),
(4, '{"1":"B","2":"Analyse complete","3":"C","4":"Synthese"}', 'Evaluation satisfaisante avec axes d''amelioration identifies.', 11, DATE_ADD(NOW(), INTERVAL -37 DAY), 'Suivre le module de consolidation et refaire une activite d''application.', 1, 7),
(5, '{"1":"B","2":"Analyse complete","3":"C","4":"Synthese"}', 'Evaluation satisfaisante avec axes d''amelioration identifies.', 12, DATE_ADD(NOW(), INTERVAL -36 DAY), 'Suivre le module de consolidation et refaire une activite d''application.', 1, 8),
(6, '{"1":"B","2":"Analyse complete","3":"C","4":"Synthese"}', 'Evaluation satisfaisante avec axes d''amelioration identifies.', 13, DATE_ADD(NOW(), INTERVAL -35 DAY), 'Suivre le module de consolidation et refaire une activite d''application.', 1, 9),
(7, '{"1":"B","2":"Analyse complete","3":"C","4":"Synthese"}', 'Evaluation satisfaisante avec axes d''amelioration identifies.', 14, DATE_ADD(NOW(), INTERVAL -34 DAY), 'Suivre le module de consolidation et refaire une activite d''application.', 1, 10),
(8, '{"1":"B","2":"Analyse complete","3":"C","4":"Synthese"}', 'Evaluation satisfaisante avec axes d''amelioration identifies.', 15, DATE_ADD(NOW(), INTERVAL -33 DAY), 'Suivre le module de consolidation et refaire une activite d''application.', 1, 11),
(9, '{"1":"B","2":"Analyse complete","3":"C","4":"Synthese"}', 'Evaluation satisfaisante avec axes d''amelioration identifies.', 16, DATE_ADD(NOW(), INTERVAL -32 DAY), 'Suivre le module de consolidation et refaire une activite d''application.', 1, 12),
(10, '{"1":"B","2":"Analyse complete","3":"C","4":"Synthese"}', 'Evaluation satisfaisante avec axes d''amelioration identifies.', 17, DATE_ADD(NOW(), INTERVAL -31 DAY), 'Suivre le module de consolidation et refaire une activite d''application.', 1, 13),
(11, '{"1":"B","2":"Analyse complete","3":"C","4":"Synthese"}', 'Evaluation satisfaisante avec axes d''amelioration identifies.', 18, DATE_ADD(NOW(), INTERVAL -30 DAY), 'Suivre le module de consolidation et refaire une activite d''application.', 2, 7),
(12, '{"1":"B","2":"Analyse complete","3":"C","4":"Synthese"}', 'Evaluation satisfaisante avec axes d''amelioration identifies.', 19, DATE_ADD(NOW(), INTERVAL -29 DAY), 'Suivre le module de consolidation et refaire une activite d''application.', 2, 8),
(13, '{"1":"B","2":"Analyse complete","3":"C","4":"Synthese"}', 'Evaluation satisfaisante avec axes d''amelioration identifies.', 20, DATE_ADD(NOW(), INTERVAL -28 DAY), 'Suivre le module de consolidation et refaire une activite d''application.', 2, 9),
(14, '{"1":"B","2":"Analyse complete","3":"C","4":"Synthese"}', 'Evaluation satisfaisante avec axes d''amelioration identifies.', 8, DATE_ADD(NOW(), INTERVAL -27 DAY), 'Suivre le module de consolidation et refaire une activite d''application.', 2, 10),
(15, '{"1":"B","2":"Analyse complete","3":"C","4":"Synthese"}', 'Evaluation satisfaisante avec axes d''amelioration identifies.', 9, DATE_ADD(NOW(), INTERVAL -26 DAY), 'Suivre le module de consolidation et refaire une activite d''application.', 2, 11),
(16, '{"1":"B","2":"Analyse complete","3":"C","4":"Synthese"}', 'Evaluation satisfaisante avec axes d''amelioration identifies.', 10, DATE_ADD(NOW(), INTERVAL -25 DAY), 'Suivre le module de consolidation et refaire une activite d''application.', 2, 12),
(17, '{"1":"B","2":"Analyse complete","3":"C","4":"Synthese"}', 'Evaluation satisfaisante avec axes d''amelioration identifies.', 11, DATE_ADD(NOW(), INTERVAL -24 DAY), 'Suivre le module de consolidation et refaire une activite d''application.', 2, 13),
(18, '{"1":"B","2":"Analyse complete","3":"C","4":"Synthese"}', 'Evaluation satisfaisante avec axes d''amelioration identifies.', 12, DATE_ADD(NOW(), INTERVAL -23 DAY), 'Suivre le module de consolidation et refaire une activite d''application.', 2, 14),
(19, '{"1":"B","2":"Analyse complete","3":"C","4":"Synthese"}', 'Evaluation satisfaisante avec axes d''amelioration identifies.', 13, DATE_ADD(NOW(), INTERVAL -22 DAY), 'Suivre le module de consolidation et refaire une activite d''application.', 2, 15),
(20, '{"1":"B","2":"Analyse complete","3":"C","4":"Synthese"}', 'Evaluation satisfaisante avec axes d''amelioration identifies.', 14, DATE_ADD(NOW(), INTERVAL -21 DAY), 'Suivre le module de consolidation et refaire une activite d''application.', 2, 16),
(21, '{"1":"B","2":"Analyse complete","3":"C","4":"Synthese"}', 'Evaluation satisfaisante avec axes d''amelioration identifies.', 15, DATE_ADD(NOW(), INTERVAL -20 DAY), 'Suivre le module de consolidation et refaire une activite d''application.', 3, 10),
(22, '{"1":"B","2":"Analyse complete","3":"C","4":"Synthese"}', 'Evaluation satisfaisante avec axes d''amelioration identifies.', 16, DATE_ADD(NOW(), INTERVAL -19 DAY), 'Suivre le module de consolidation et refaire une activite d''application.', 3, 11),
(23, '{"1":"B","2":"Analyse complete","3":"C","4":"Synthese"}', 'Evaluation satisfaisante avec axes d''amelioration identifies.', 17, DATE_ADD(NOW(), INTERVAL -18 DAY), 'Suivre le module de consolidation et refaire une activite d''application.', 3, 12),
(24, '{"1":"B","2":"Analyse complete","3":"C","4":"Synthese"}', 'Evaluation satisfaisante avec axes d''amelioration identifies.', 18, DATE_ADD(NOW(), INTERVAL -17 DAY), 'Suivre le module de consolidation et refaire une activite d''application.', 3, 13),
(25, '{"1":"B","2":"Analyse complete","3":"C","4":"Synthese"}', 'Evaluation satisfaisante avec axes d''amelioration identifies.', 19, DATE_ADD(NOW(), INTERVAL -16 DAY), 'Suivre le module de consolidation et refaire une activite d''application.', 3, 14),
(26, '{"1":"B","2":"Analyse complete","3":"C","4":"Synthese"}', 'Evaluation satisfaisante avec axes d''amelioration identifies.', 20, DATE_ADD(NOW(), INTERVAL -15 DAY), 'Suivre le module de consolidation et refaire une activite d''application.', 3, 15),
(27, '{"1":"B","2":"Analyse complete","3":"C","4":"Synthese"}', 'Evaluation satisfaisante avec axes d''amelioration identifies.', 8, DATE_ADD(NOW(), INTERVAL -14 DAY), 'Suivre le module de consolidation et refaire une activite d''application.', 3, 16),
(28, '{"1":"B","2":"Analyse complete","3":"C","4":"Synthese"}', 'Evaluation satisfaisante avec axes d''amelioration identifies.', 9, DATE_ADD(NOW(), INTERVAL -13 DAY), 'Suivre le module de consolidation et refaire une activite d''application.', 3, 17),
(29, '{"1":"B","2":"Analyse complete","3":"C","4":"Synthese"}', 'Evaluation satisfaisante avec axes d''amelioration identifies.', 10, DATE_ADD(NOW(), INTERVAL -12 DAY), 'Suivre le module de consolidation et refaire une activite d''application.', 3, 18),
(30, '{"1":"B","2":"Analyse complete","3":"C","4":"Synthese"}', 'Evaluation satisfaisante avec axes d''amelioration identifies.', 11, DATE_ADD(NOW(), INTERVAL -11 DAY), 'Suivre le module de consolidation et refaire une activite d''application.', 3, 19),
(31, '{"1":"B","2":"Analyse complete","3":"C","4":"Synthese"}', 'Evaluation satisfaisante avec axes d''amelioration identifies.', 12, DATE_ADD(NOW(), INTERVAL -10 DAY), 'Suivre le module de consolidation et refaire une activite d''application.', 4, 13),
(32, '{"1":"B","2":"Analyse complete","3":"C","4":"Synthese"}', 'Evaluation satisfaisante avec axes d''amelioration identifies.', 13, DATE_ADD(NOW(), INTERVAL -9 DAY), 'Suivre le module de consolidation et refaire une activite d''application.', 4, 14),
(33, '{"1":"B","2":"Analyse complete","3":"C","4":"Synthese"}', 'Evaluation satisfaisante avec axes d''amelioration identifies.', 14, DATE_ADD(NOW(), INTERVAL -8 DAY), 'Suivre le module de consolidation et refaire une activite d''application.', 4, 15),
(34, '{"1":"B","2":"Analyse complete","3":"C","4":"Synthese"}', 'Evaluation satisfaisante avec axes d''amelioration identifies.', 15, DATE_ADD(NOW(), INTERVAL -7 DAY), 'Suivre le module de consolidation et refaire une activite d''application.', 4, 16),
(35, '{"1":"B","2":"Analyse complete","3":"C","4":"Synthese"}', 'Evaluation satisfaisante avec axes d''amelioration identifies.', 16, DATE_ADD(NOW(), INTERVAL -6 DAY), 'Suivre le module de consolidation et refaire une activite d''application.', 4, 17),
(36, '{"1":"B","2":"Analyse complete","3":"C","4":"Synthese"}', 'Evaluation satisfaisante avec axes d''amelioration identifies.', 17, DATE_ADD(NOW(), INTERVAL -40 DAY), 'Suivre le module de consolidation et refaire une activite d''application.', 4, 18),
(37, '{"1":"B","2":"Analyse complete","3":"C","4":"Synthese"}', 'Evaluation satisfaisante avec axes d''amelioration identifies.', 18, DATE_ADD(NOW(), INTERVAL -39 DAY), 'Suivre le module de consolidation et refaire une activite d''application.', 4, 19),
(38, '{"1":"B","2":"Analyse complete","3":"C","4":"Synthese"}', 'Evaluation satisfaisante avec axes d''amelioration identifies.', 19, DATE_ADD(NOW(), INTERVAL -38 DAY), 'Suivre le module de consolidation et refaire une activite d''application.', 4, 20),
(39, '{"1":"B","2":"Analyse complete","3":"C","4":"Synthese"}', 'Evaluation satisfaisante avec axes d''amelioration identifies.', 20, DATE_ADD(NOW(), INTERVAL -37 DAY), 'Suivre le module de consolidation et refaire une activite d''application.', 4, 21),
(40, '{"1":"B","2":"Analyse complete","3":"C","4":"Synthese"}', 'Evaluation satisfaisante avec axes d''amelioration identifies.', 8, DATE_ADD(NOW(), INTERVAL -36 DAY), 'Suivre le module de consolidation et refaire une activite d''application.', 4, 22),
(41, '{"1":"B","2":"Analyse complete","3":"C","4":"Synthese"}', 'Evaluation satisfaisante avec axes d''amelioration identifies.', 9, DATE_ADD(NOW(), INTERVAL -35 DAY), 'Suivre le module de consolidation et refaire une activite d''application.', 5, 16),
(42, '{"1":"B","2":"Analyse complete","3":"C","4":"Synthese"}', 'Evaluation satisfaisante avec axes d''amelioration identifies.', 10, DATE_ADD(NOW(), INTERVAL -34 DAY), 'Suivre le module de consolidation et refaire une activite d''application.', 5, 17),
(43, '{"1":"B","2":"Analyse complete","3":"C","4":"Synthese"}', 'Evaluation satisfaisante avec axes d''amelioration identifies.', 11, DATE_ADD(NOW(), INTERVAL -33 DAY), 'Suivre le module de consolidation et refaire une activite d''application.', 5, 18),
(44, '{"1":"B","2":"Analyse complete","3":"C","4":"Synthese"}', 'Evaluation satisfaisante avec axes d''amelioration identifies.', 12, DATE_ADD(NOW(), INTERVAL -32 DAY), 'Suivre le module de consolidation et refaire une activite d''application.', 5, 19),
(45, '{"1":"B","2":"Analyse complete","3":"C","4":"Synthese"}', 'Evaluation satisfaisante avec axes d''amelioration identifies.', 13, DATE_ADD(NOW(), INTERVAL -31 DAY), 'Suivre le module de consolidation et refaire une activite d''application.', 5, 20),
(46, '{"1":"B","2":"Analyse complete","3":"C","4":"Synthese"}', 'Evaluation satisfaisante avec axes d''amelioration identifies.', 14, DATE_ADD(NOW(), INTERVAL -30 DAY), 'Suivre le module de consolidation et refaire une activite d''application.', 5, 21),
(47, '{"1":"B","2":"Analyse complete","3":"C","4":"Synthese"}', 'Evaluation satisfaisante avec axes d''amelioration identifies.', 15, DATE_ADD(NOW(), INTERVAL -29 DAY), 'Suivre le module de consolidation et refaire une activite d''application.', 5, 22),
(48, '{"1":"B","2":"Analyse complete","3":"C","4":"Synthese"}', 'Evaluation satisfaisante avec axes d''amelioration identifies.', 16, DATE_ADD(NOW(), INTERVAL -28 DAY), 'Suivre le module de consolidation et refaire une activite d''application.', 5, 23),
(49, '{"1":"B","2":"Analyse complete","3":"C","4":"Synthese"}', 'Evaluation satisfaisante avec axes d''amelioration identifies.', 17, DATE_ADD(NOW(), INTERVAL -27 DAY), 'Suivre le module de consolidation et refaire une activite d''application.', 5, 24),
(50, '{"1":"B","2":"Analyse complete","3":"C","4":"Synthese"}', 'Evaluation satisfaisante avec axes d''amelioration identifies.', 18, DATE_ADD(NOW(), INTERVAL -26 DAY), 'Suivre le module de consolidation et refaire une activite d''application.', 5, 25),
(51, '{"1":"B","2":"Analyse complete","3":"C","4":"Synthese"}', 'Evaluation satisfaisante avec axes d''amelioration identifies.', 19, DATE_ADD(NOW(), INTERVAL -25 DAY), 'Suivre le module de consolidation et refaire une activite d''application.', 6, 19),
(52, '{"1":"B","2":"Analyse complete","3":"C","4":"Synthese"}', 'Evaluation satisfaisante avec axes d''amelioration identifies.', 20, DATE_ADD(NOW(), INTERVAL -24 DAY), 'Suivre le module de consolidation et refaire une activite d''application.', 6, 20),
(53, '{"1":"B","2":"Analyse complete","3":"C","4":"Synthese"}', 'Evaluation satisfaisante avec axes d''amelioration identifies.', 8, DATE_ADD(NOW(), INTERVAL -23 DAY), 'Suivre le module de consolidation et refaire une activite d''application.', 6, 21),
(54, '{"1":"B","2":"Analyse complete","3":"C","4":"Synthese"}', 'Evaluation satisfaisante avec axes d''amelioration identifies.', 9, DATE_ADD(NOW(), INTERVAL -22 DAY), 'Suivre le module de consolidation et refaire une activite d''application.', 6, 22),
(55, '{"1":"B","2":"Analyse complete","3":"C","4":"Synthese"}', 'Evaluation satisfaisante avec axes d''amelioration identifies.', 10, DATE_ADD(NOW(), INTERVAL -21 DAY), 'Suivre le module de consolidation et refaire une activite d''application.', 6, 23),
(56, '{"1":"B","2":"Analyse complete","3":"C","4":"Synthese"}', 'Evaluation satisfaisante avec axes d''amelioration identifies.', 11, DATE_ADD(NOW(), INTERVAL -20 DAY), 'Suivre le module de consolidation et refaire une activite d''application.', 6, 24),
(57, '{"1":"B","2":"Analyse complete","3":"C","4":"Synthese"}', 'Evaluation satisfaisante avec axes d''amelioration identifies.', 12, DATE_ADD(NOW(), INTERVAL -19 DAY), 'Suivre le module de consolidation et refaire une activite d''application.', 6, 25),
(58, '{"1":"B","2":"Analyse complete","3":"C","4":"Synthese"}', 'Evaluation satisfaisante avec axes d''amelioration identifies.', 13, DATE_ADD(NOW(), INTERVAL -18 DAY), 'Suivre le module de consolidation et refaire une activite d''application.', 6, 26),
(59, '{"1":"B","2":"Analyse complete","3":"C","4":"Synthese"}', 'Evaluation satisfaisante avec axes d''amelioration identifies.', 14, DATE_ADD(NOW(), INTERVAL -17 DAY), 'Suivre le module de consolidation et refaire une activite d''application.', 6, 27),
(60, '{"1":"B","2":"Analyse complete","3":"C","4":"Synthese"}', 'Evaluation satisfaisante avec axes d''amelioration identifies.', 15, DATE_ADD(NOW(), INTERVAL -16 DAY), 'Suivre le module de consolidation et refaire une activite d''application.', 6, 28),
(61, '{"1":"B","2":"Analyse complete","3":"C","4":"Synthese"}', 'Evaluation satisfaisante avec axes d''amelioration identifies.', 16, DATE_ADD(NOW(), INTERVAL -15 DAY), 'Suivre le module de consolidation et refaire une activite d''application.', 7, 22),
(62, '{"1":"B","2":"Analyse complete","3":"C","4":"Synthese"}', 'Evaluation satisfaisante avec axes d''amelioration identifies.', 17, DATE_ADD(NOW(), INTERVAL -14 DAY), 'Suivre le module de consolidation et refaire une activite d''application.', 7, 23),
(63, '{"1":"B","2":"Analyse complete","3":"C","4":"Synthese"}', 'Evaluation satisfaisante avec axes d''amelioration identifies.', 18, DATE_ADD(NOW(), INTERVAL -13 DAY), 'Suivre le module de consolidation et refaire une activite d''application.', 7, 24),
(64, '{"1":"B","2":"Analyse complete","3":"C","4":"Synthese"}', 'Evaluation satisfaisante avec axes d''amelioration identifies.', 19, DATE_ADD(NOW(), INTERVAL -12 DAY), 'Suivre le module de consolidation et refaire une activite d''application.', 7, 25),
(65, '{"1":"B","2":"Analyse complete","3":"C","4":"Synthese"}', 'Evaluation satisfaisante avec axes d''amelioration identifies.', 20, DATE_ADD(NOW(), INTERVAL -11 DAY), 'Suivre le module de consolidation et refaire une activite d''application.', 7, 26),
(66, '{"1":"B","2":"Analyse complete","3":"C","4":"Synthese"}', 'Evaluation satisfaisante avec axes d''amelioration identifies.', 8, DATE_ADD(NOW(), INTERVAL -10 DAY), 'Suivre le module de consolidation et refaire une activite d''application.', 7, 27),
(67, '{"1":"B","2":"Analyse complete","3":"C","4":"Synthese"}', 'Evaluation satisfaisante avec axes d''amelioration identifies.', 9, DATE_ADD(NOW(), INTERVAL -9 DAY), 'Suivre le module de consolidation et refaire une activite d''application.', 7, 28),
(68, '{"1":"B","2":"Analyse complete","3":"C","4":"Synthese"}', 'Evaluation satisfaisante avec axes d''amelioration identifies.', 10, DATE_ADD(NOW(), INTERVAL -8 DAY), 'Suivre le module de consolidation et refaire une activite d''application.', 7, 29),
(69, '{"1":"B","2":"Analyse complete","3":"C","4":"Synthese"}', 'Evaluation satisfaisante avec axes d''amelioration identifies.', 11, DATE_ADD(NOW(), INTERVAL -7 DAY), 'Suivre le module de consolidation et refaire une activite d''application.', 7, 30),
(70, '{"1":"B","2":"Analyse complete","3":"C","4":"Synthese"}', 'Evaluation satisfaisante avec axes d''amelioration identifies.', 12, DATE_ADD(NOW(), INTERVAL -6 DAY), 'Suivre le module de consolidation et refaire une activite d''application.', 7, 31),
(71, '{"1":"B","2":"Analyse complete","3":"C","4":"Synthese"}', 'Evaluation satisfaisante avec axes d''amelioration identifies.', 13, DATE_ADD(NOW(), INTERVAL -40 DAY), 'Suivre le module de consolidation et refaire une activite d''application.', 8, 25),
(72, '{"1":"B","2":"Analyse complete","3":"C","4":"Synthese"}', 'Evaluation satisfaisante avec axes d''amelioration identifies.', 14, DATE_ADD(NOW(), INTERVAL -39 DAY), 'Suivre le module de consolidation et refaire une activite d''application.', 8, 26),
(73, '{"1":"B","2":"Analyse complete","3":"C","4":"Synthese"}', 'Evaluation satisfaisante avec axes d''amelioration identifies.', 15, DATE_ADD(NOW(), INTERVAL -38 DAY), 'Suivre le module de consolidation et refaire une activite d''application.', 8, 27),
(74, '{"1":"B","2":"Analyse complete","3":"C","4":"Synthese"}', 'Evaluation satisfaisante avec axes d''amelioration identifies.', 16, DATE_ADD(NOW(), INTERVAL -37 DAY), 'Suivre le module de consolidation et refaire une activite d''application.', 8, 28),
(75, '{"1":"B","2":"Analyse complete","3":"C","4":"Synthese"}', 'Evaluation satisfaisante avec axes d''amelioration identifies.', 17, DATE_ADD(NOW(), INTERVAL -36 DAY), 'Suivre le module de consolidation et refaire une activite d''application.', 8, 29),
(76, '{"1":"B","2":"Analyse complete","3":"C","4":"Synthese"}', 'Evaluation satisfaisante avec axes d''amelioration identifies.', 18, DATE_ADD(NOW(), INTERVAL -35 DAY), 'Suivre le module de consolidation et refaire une activite d''application.', 8, 30),
(77, '{"1":"B","2":"Analyse complete","3":"C","4":"Synthese"}', 'Evaluation satisfaisante avec axes d''amelioration identifies.', 19, DATE_ADD(NOW(), INTERVAL -34 DAY), 'Suivre le module de consolidation et refaire une activite d''application.', 8, 31),
(78, '{"1":"B","2":"Analyse complete","3":"C","4":"Synthese"}', 'Evaluation satisfaisante avec axes d''amelioration identifies.', 20, DATE_ADD(NOW(), INTERVAL -33 DAY), 'Suivre le module de consolidation et refaire une activite d''application.', 8, 32),
(79, '{"1":"B","2":"Analyse complete","3":"C","4":"Synthese"}', 'Evaluation satisfaisante avec axes d''amelioration identifies.', 8, DATE_ADD(NOW(), INTERVAL -32 DAY), 'Suivre le module de consolidation et refaire une activite d''application.', 8, 33),
(80, '{"1":"B","2":"Analyse complete","3":"C","4":"Synthese"}', 'Evaluation satisfaisante avec axes d''amelioration identifies.', 9, DATE_ADD(NOW(), INTERVAL -31 DAY), 'Suivre le module de consolidation et refaire une activite d''application.', 8, 34),
(81, '{"1":"B","2":"Analyse complete","3":"C","4":"Synthese"}', 'Evaluation satisfaisante avec axes d''amelioration identifies.', 10, DATE_ADD(NOW(), INTERVAL -30 DAY), 'Suivre le module de consolidation et refaire une activite d''application.', 9, 28),
(82, '{"1":"B","2":"Analyse complete","3":"C","4":"Synthese"}', 'Evaluation satisfaisante avec axes d''amelioration identifies.', 11, DATE_ADD(NOW(), INTERVAL -29 DAY), 'Suivre le module de consolidation et refaire une activite d''application.', 9, 29),
(83, '{"1":"B","2":"Analyse complete","3":"C","4":"Synthese"}', 'Evaluation satisfaisante avec axes d''amelioration identifies.', 12, DATE_ADD(NOW(), INTERVAL -28 DAY), 'Suivre le module de consolidation et refaire une activite d''application.', 9, 30),
(84, '{"1":"B","2":"Analyse complete","3":"C","4":"Synthese"}', 'Evaluation satisfaisante avec axes d''amelioration identifies.', 13, DATE_ADD(NOW(), INTERVAL -27 DAY), 'Suivre le module de consolidation et refaire une activite d''application.', 9, 31),
(85, '{"1":"B","2":"Analyse complete","3":"C","4":"Synthese"}', 'Evaluation satisfaisante avec axes d''amelioration identifies.', 14, DATE_ADD(NOW(), INTERVAL -26 DAY), 'Suivre le module de consolidation et refaire une activite d''application.', 9, 32),
(86, '{"1":"B","2":"Analyse complete","3":"C","4":"Synthese"}', 'Evaluation satisfaisante avec axes d''amelioration identifies.', 15, DATE_ADD(NOW(), INTERVAL -25 DAY), 'Suivre le module de consolidation et refaire une activite d''application.', 9, 33),
(87, '{"1":"B","2":"Analyse complete","3":"C","4":"Synthese"}', 'Evaluation satisfaisante avec axes d''amelioration identifies.', 16, DATE_ADD(NOW(), INTERVAL -24 DAY), 'Suivre le module de consolidation et refaire une activite d''application.', 9, 34),
(88, '{"1":"B","2":"Analyse complete","3":"C","4":"Synthese"}', 'Evaluation satisfaisante avec axes d''amelioration identifies.', 17, DATE_ADD(NOW(), INTERVAL -23 DAY), 'Suivre le module de consolidation et refaire une activite d''application.', 9, 35),
(89, '{"1":"B","2":"Analyse complete","3":"C","4":"Synthese"}', 'Evaluation satisfaisante avec axes d''amelioration identifies.', 18, DATE_ADD(NOW(), INTERVAL -22 DAY), 'Suivre le module de consolidation et refaire une activite d''application.', 9, 36),
(90, '{"1":"B","2":"Analyse complete","3":"C","4":"Synthese"}', 'Evaluation satisfaisante avec axes d''amelioration identifies.', 19, DATE_ADD(NOW(), INTERVAL -21 DAY), 'Suivre le module de consolidation et refaire une activite d''application.', 9, 37),
(91, '{"1":"B","2":"Analyse complete","3":"C","4":"Synthese"}', 'Evaluation satisfaisante avec axes d''amelioration identifies.', 20, DATE_ADD(NOW(), INTERVAL -20 DAY), 'Suivre le module de consolidation et refaire une activite d''application.', 10, 31),
(92, '{"1":"B","2":"Analyse complete","3":"C","4":"Synthese"}', 'Evaluation satisfaisante avec axes d''amelioration identifies.', 8, DATE_ADD(NOW(), INTERVAL -19 DAY), 'Suivre le module de consolidation et refaire une activite d''application.', 10, 32),
(93, '{"1":"B","2":"Analyse complete","3":"C","4":"Synthese"}', 'Evaluation satisfaisante avec axes d''amelioration identifies.', 9, DATE_ADD(NOW(), INTERVAL -18 DAY), 'Suivre le module de consolidation et refaire une activite d''application.', 10, 33),
(94, '{"1":"B","2":"Analyse complete","3":"C","4":"Synthese"}', 'Evaluation satisfaisante avec axes d''amelioration identifies.', 10, DATE_ADD(NOW(), INTERVAL -17 DAY), 'Suivre le module de consolidation et refaire une activite d''application.', 10, 34),
(95, '{"1":"B","2":"Analyse complete","3":"C","4":"Synthese"}', 'Evaluation satisfaisante avec axes d''amelioration identifies.', 11, DATE_ADD(NOW(), INTERVAL -16 DAY), 'Suivre le module de consolidation et refaire une activite d''application.', 10, 35),
(96, '{"1":"B","2":"Analyse complete","3":"C","4":"Synthese"}', 'Evaluation satisfaisante avec axes d''amelioration identifies.', 12, DATE_ADD(NOW(), INTERVAL -15 DAY), 'Suivre le module de consolidation et refaire une activite d''application.', 10, 36),
(97, '{"1":"B","2":"Analyse complete","3":"C","4":"Synthese"}', 'Evaluation satisfaisante avec axes d''amelioration identifies.', 13, DATE_ADD(NOW(), INTERVAL -14 DAY), 'Suivre le module de consolidation et refaire une activite d''application.', 10, 37),
(98, '{"1":"B","2":"Analyse complete","3":"C","4":"Synthese"}', 'Evaluation satisfaisante avec axes d''amelioration identifies.', 14, DATE_ADD(NOW(), INTERVAL -13 DAY), 'Suivre le module de consolidation et refaire une activite d''application.', 10, 38),
(99, '{"1":"B","2":"Analyse complete","3":"C","4":"Synthese"}', 'Evaluation satisfaisante avec axes d''amelioration identifies.', 15, DATE_ADD(NOW(), INTERVAL -12 DAY), 'Suivre le module de consolidation et refaire une activite d''application.', 10, 39),
(100, '{"1":"B","2":"Analyse complete","3":"C","4":"Synthese"}', 'Evaluation satisfaisante avec axes d''amelioration identifies.', 16, DATE_ADD(NOW(), INTERVAL -11 DAY), 'Suivre le module de consolidation et refaire une activite d''application.', 10, 40),
(101, '{"1":"B","2":"Analyse complete","3":"C","4":"Synthese"}', 'Evaluation satisfaisante avec axes d''amelioration identifies.', 17, DATE_ADD(NOW(), INTERVAL -10 DAY), 'Suivre le module de consolidation et refaire une activite d''application.', 11, 34),
(102, '{"1":"B","2":"Analyse complete","3":"C","4":"Synthese"}', 'Evaluation satisfaisante avec axes d''amelioration identifies.', 18, DATE_ADD(NOW(), INTERVAL -9 DAY), 'Suivre le module de consolidation et refaire une activite d''application.', 11, 35),
(103, '{"1":"B","2":"Analyse complete","3":"C","4":"Synthese"}', 'Evaluation satisfaisante avec axes d''amelioration identifies.', 19, DATE_ADD(NOW(), INTERVAL -8 DAY), 'Suivre le module de consolidation et refaire une activite d''application.', 11, 36),
(104, '{"1":"B","2":"Analyse complete","3":"C","4":"Synthese"}', 'Evaluation satisfaisante avec axes d''amelioration identifies.', 20, DATE_ADD(NOW(), INTERVAL -7 DAY), 'Suivre le module de consolidation et refaire une activite d''application.', 11, 37),
(105, '{"1":"B","2":"Analyse complete","3":"C","4":"Synthese"}', 'Evaluation satisfaisante avec axes d''amelioration identifies.', 8, DATE_ADD(NOW(), INTERVAL -6 DAY), 'Suivre le module de consolidation et refaire une activite d''application.', 11, 38),
(106, '{"1":"B","2":"Analyse complete","3":"C","4":"Synthese"}', 'Evaluation satisfaisante avec axes d''amelioration identifies.', 9, DATE_ADD(NOW(), INTERVAL -40 DAY), 'Suivre le module de consolidation et refaire une activite d''application.', 11, 39),
(107, '{"1":"B","2":"Analyse complete","3":"C","4":"Synthese"}', 'Evaluation satisfaisante avec axes d''amelioration identifies.', 10, DATE_ADD(NOW(), INTERVAL -39 DAY), 'Suivre le module de consolidation et refaire une activite d''application.', 11, 40),
(108, '{"1":"B","2":"Analyse complete","3":"C","4":"Synthese"}', 'Evaluation satisfaisante avec axes d''amelioration identifies.', 11, DATE_ADD(NOW(), INTERVAL -38 DAY), 'Suivre le module de consolidation et refaire une activite d''application.', 11, 41),
(109, '{"1":"B","2":"Analyse complete","3":"C","4":"Synthese"}', 'Evaluation satisfaisante avec axes d''amelioration identifies.', 12, DATE_ADD(NOW(), INTERVAL -37 DAY), 'Suivre le module de consolidation et refaire une activite d''application.', 11, 42),
(110, '{"1":"B","2":"Analyse complete","3":"C","4":"Synthese"}', 'Evaluation satisfaisante avec axes d''amelioration identifies.', 13, DATE_ADD(NOW(), INTERVAL -36 DAY), 'Suivre le module de consolidation et refaire une activite d''application.', 11, 43),
(111, '{"1":"B","2":"Analyse complete","3":"C","4":"Synthese"}', 'Evaluation satisfaisante avec axes d''amelioration identifies.', 14, DATE_ADD(NOW(), INTERVAL -35 DAY), 'Suivre le module de consolidation et refaire une activite d''application.', 12, 37),
(112, '{"1":"B","2":"Analyse complete","3":"C","4":"Synthese"}', 'Evaluation satisfaisante avec axes d''amelioration identifies.', 15, DATE_ADD(NOW(), INTERVAL -34 DAY), 'Suivre le module de consolidation et refaire une activite d''application.', 12, 38),
(113, '{"1":"B","2":"Analyse complete","3":"C","4":"Synthese"}', 'Evaluation satisfaisante avec axes d''amelioration identifies.', 16, DATE_ADD(NOW(), INTERVAL -33 DAY), 'Suivre le module de consolidation et refaire une activite d''application.', 12, 39),
(114, '{"1":"B","2":"Analyse complete","3":"C","4":"Synthese"}', 'Evaluation satisfaisante avec axes d''amelioration identifies.', 17, DATE_ADD(NOW(), INTERVAL -32 DAY), 'Suivre le module de consolidation et refaire une activite d''application.', 12, 40),
(115, '{"1":"B","2":"Analyse complete","3":"C","4":"Synthese"}', 'Evaluation satisfaisante avec axes d''amelioration identifies.', 18, DATE_ADD(NOW(), INTERVAL -31 DAY), 'Suivre le module de consolidation et refaire une activite d''application.', 12, 41),
(116, '{"1":"B","2":"Analyse complete","3":"C","4":"Synthese"}', 'Evaluation satisfaisante avec axes d''amelioration identifies.', 19, DATE_ADD(NOW(), INTERVAL -30 DAY), 'Suivre le module de consolidation et refaire une activite d''application.', 12, 42),
(117, '{"1":"B","2":"Analyse complete","3":"C","4":"Synthese"}', 'Evaluation satisfaisante avec axes d''amelioration identifies.', 20, DATE_ADD(NOW(), INTERVAL -29 DAY), 'Suivre le module de consolidation et refaire une activite d''application.', 12, 43),
(118, '{"1":"B","2":"Analyse complete","3":"C","4":"Synthese"}', 'Evaluation satisfaisante avec axes d''amelioration identifies.', 8, DATE_ADD(NOW(), INTERVAL -28 DAY), 'Suivre le module de consolidation et refaire une activite d''application.', 12, 44),
(119, '{"1":"B","2":"Analyse complete","3":"C","4":"Synthese"}', 'Evaluation satisfaisante avec axes d''amelioration identifies.', 9, DATE_ADD(NOW(), INTERVAL -27 DAY), 'Suivre le module de consolidation et refaire une activite d''application.', 12, 45),
(120, '{"1":"B","2":"Analyse complete","3":"C","4":"Synthese"}', 'Evaluation satisfaisante avec axes d''amelioration identifies.', 10, DATE_ADD(NOW(), INTERVAL -26 DAY), 'Suivre le module de consolidation et refaire une activite d''application.', 12, 46),
(121, '{"1":"B","2":"Analyse complete","3":"C","4":"Synthese"}', 'Evaluation satisfaisante avec axes d''amelioration identifies.', 11, DATE_ADD(NOW(), INTERVAL -25 DAY), 'Suivre le module de consolidation et refaire une activite d''application.', 13, 40),
(122, '{"1":"B","2":"Analyse complete","3":"C","4":"Synthese"}', 'Evaluation satisfaisante avec axes d''amelioration identifies.', 12, DATE_ADD(NOW(), INTERVAL -24 DAY), 'Suivre le module de consolidation et refaire une activite d''application.', 13, 41),
(123, '{"1":"B","2":"Analyse complete","3":"C","4":"Synthese"}', 'Evaluation satisfaisante avec axes d''amelioration identifies.', 13, DATE_ADD(NOW(), INTERVAL -23 DAY), 'Suivre le module de consolidation et refaire une activite d''application.', 13, 42),
(124, '{"1":"B","2":"Analyse complete","3":"C","4":"Synthese"}', 'Evaluation satisfaisante avec axes d''amelioration identifies.', 14, DATE_ADD(NOW(), INTERVAL -22 DAY), 'Suivre le module de consolidation et refaire une activite d''application.', 13, 43),
(125, '{"1":"B","2":"Analyse complete","3":"C","4":"Synthese"}', 'Evaluation satisfaisante avec axes d''amelioration identifies.', 15, DATE_ADD(NOW(), INTERVAL -21 DAY), 'Suivre le module de consolidation et refaire une activite d''application.', 13, 44),
(126, '{"1":"B","2":"Analyse complete","3":"C","4":"Synthese"}', 'Evaluation satisfaisante avec axes d''amelioration identifies.', 16, DATE_ADD(NOW(), INTERVAL -20 DAY), 'Suivre le module de consolidation et refaire une activite d''application.', 13, 45),
(127, '{"1":"B","2":"Analyse complete","3":"C","4":"Synthese"}', 'Evaluation satisfaisante avec axes d''amelioration identifies.', 17, DATE_ADD(NOW(), INTERVAL -19 DAY), 'Suivre le module de consolidation et refaire une activite d''application.', 13, 46),
(128, '{"1":"B","2":"Analyse complete","3":"C","4":"Synthese"}', 'Evaluation satisfaisante avec axes d''amelioration identifies.', 18, DATE_ADD(NOW(), INTERVAL -18 DAY), 'Suivre le module de consolidation et refaire une activite d''application.', 13, 47),
(129, '{"1":"B","2":"Analyse complete","3":"C","4":"Synthese"}', 'Evaluation satisfaisante avec axes d''amelioration identifies.', 19, DATE_ADD(NOW(), INTERVAL -17 DAY), 'Suivre le module de consolidation et refaire une activite d''application.', 13, 48),
(130, '{"1":"B","2":"Analyse complete","3":"C","4":"Synthese"}', 'Evaluation satisfaisante avec axes d''amelioration identifies.', 20, DATE_ADD(NOW(), INTERVAL -16 DAY), 'Suivre le module de consolidation et refaire une activite d''application.', 13, 49),
(131, '{"1":"B","2":"Analyse complete","3":"C","4":"Synthese"}', 'Evaluation satisfaisante avec axes d''amelioration identifies.', 8, DATE_ADD(NOW(), INTERVAL -15 DAY), 'Suivre le module de consolidation et refaire une activite d''application.', 14, 43),
(132, '{"1":"B","2":"Analyse complete","3":"C","4":"Synthese"}', 'Evaluation satisfaisante avec axes d''amelioration identifies.', 9, DATE_ADD(NOW(), INTERVAL -14 DAY), 'Suivre le module de consolidation et refaire une activite d''application.', 14, 44),
(133, '{"1":"B","2":"Analyse complete","3":"C","4":"Synthese"}', 'Evaluation satisfaisante avec axes d''amelioration identifies.', 10, DATE_ADD(NOW(), INTERVAL -13 DAY), 'Suivre le module de consolidation et refaire une activite d''application.', 14, 45),
(134, '{"1":"B","2":"Analyse complete","3":"C","4":"Synthese"}', 'Evaluation satisfaisante avec axes d''amelioration identifies.', 11, DATE_ADD(NOW(), INTERVAL -12 DAY), 'Suivre le module de consolidation et refaire une activite d''application.', 14, 46),
(135, '{"1":"B","2":"Analyse complete","3":"C","4":"Synthese"}', 'Evaluation satisfaisante avec axes d''amelioration identifies.', 12, DATE_ADD(NOW(), INTERVAL -11 DAY), 'Suivre le module de consolidation et refaire une activite d''application.', 14, 47),
(136, '{"1":"B","2":"Analyse complete","3":"C","4":"Synthese"}', 'Evaluation satisfaisante avec axes d''amelioration identifies.', 13, DATE_ADD(NOW(), INTERVAL -10 DAY), 'Suivre le module de consolidation et refaire une activite d''application.', 14, 48),
(137, '{"1":"B","2":"Analyse complete","3":"C","4":"Synthese"}', 'Evaluation satisfaisante avec axes d''amelioration identifies.', 14, DATE_ADD(NOW(), INTERVAL -9 DAY), 'Suivre le module de consolidation et refaire une activite d''application.', 14, 49),
(138, '{"1":"B","2":"Analyse complete","3":"C","4":"Synthese"}', 'Evaluation satisfaisante avec axes d''amelioration identifies.', 15, DATE_ADD(NOW(), INTERVAL -8 DAY), 'Suivre le module de consolidation et refaire une activite d''application.', 14, 50),
(139, '{"1":"B","2":"Analyse complete","3":"C","4":"Synthese"}', 'Evaluation satisfaisante avec axes d''amelioration identifies.', 16, DATE_ADD(NOW(), INTERVAL -7 DAY), 'Suivre le module de consolidation et refaire une activite d''application.', 14, 51),
(140, '{"1":"B","2":"Analyse complete","3":"C","4":"Synthese"}', 'Evaluation satisfaisante avec axes d''amelioration identifies.', 17, DATE_ADD(NOW(), INTERVAL -6 DAY), 'Suivre le module de consolidation et refaire une activite d''application.', 14, 52),
(141, '{"1":"B","2":"Analyse complete","3":"C","4":"Synthese"}', 'Evaluation satisfaisante avec axes d''amelioration identifies.', 18, DATE_ADD(NOW(), INTERVAL -40 DAY), 'Suivre le module de consolidation et refaire une activite d''application.', 15, 46),
(142, '{"1":"B","2":"Analyse complete","3":"C","4":"Synthese"}', 'Evaluation satisfaisante avec axes d''amelioration identifies.', 19, DATE_ADD(NOW(), INTERVAL -39 DAY), 'Suivre le module de consolidation et refaire une activite d''application.', 15, 47),
(143, '{"1":"B","2":"Analyse complete","3":"C","4":"Synthese"}', 'Evaluation satisfaisante avec axes d''amelioration identifies.', 20, DATE_ADD(NOW(), INTERVAL -38 DAY), 'Suivre le module de consolidation et refaire une activite d''application.', 15, 48),
(144, '{"1":"B","2":"Analyse complete","3":"C","4":"Synthese"}', 'Evaluation satisfaisante avec axes d''amelioration identifies.', 8, DATE_ADD(NOW(), INTERVAL -37 DAY), 'Suivre le module de consolidation et refaire une activite d''application.', 15, 49),
(145, '{"1":"B","2":"Analyse complete","3":"C","4":"Synthese"}', 'Evaluation satisfaisante avec axes d''amelioration identifies.', 9, DATE_ADD(NOW(), INTERVAL -36 DAY), 'Suivre le module de consolidation et refaire une activite d''application.', 15, 50),
(146, '{"1":"B","2":"Analyse complete","3":"C","4":"Synthese"}', 'Evaluation satisfaisante avec axes d''amelioration identifies.', 10, DATE_ADD(NOW(), INTERVAL -35 DAY), 'Suivre le module de consolidation et refaire une activite d''application.', 15, 51),
(147, '{"1":"B","2":"Analyse complete","3":"C","4":"Synthese"}', 'Evaluation satisfaisante avec axes d''amelioration identifies.', 11, DATE_ADD(NOW(), INTERVAL -34 DAY), 'Suivre le module de consolidation et refaire une activite d''application.', 15, 52),
(148, '{"1":"B","2":"Analyse complete","3":"C","4":"Synthese"}', 'Evaluation satisfaisante avec axes d''amelioration identifies.', 12, DATE_ADD(NOW(), INTERVAL -33 DAY), 'Suivre le module de consolidation et refaire une activite d''application.', 15, 53),
(149, '{"1":"B","2":"Analyse complete","3":"C","4":"Synthese"}', 'Evaluation satisfaisante avec axes d''amelioration identifies.', 13, DATE_ADD(NOW(), INTERVAL -32 DAY), 'Suivre le module de consolidation et refaire une activite d''application.', 15, 54),
(150, '{"1":"B","2":"Analyse complete","3":"C","4":"Synthese"}', 'Evaluation satisfaisante avec axes d''amelioration identifies.', 14, DATE_ADD(NOW(), INTERVAL -31 DAY), 'Suivre le module de consolidation et refaire une activite d''application.', 15, 55),
(151, '{"1":"B","2":"Analyse complete","3":"C","4":"Synthese"}', 'Evaluation satisfaisante avec axes d''amelioration identifies.', 15, DATE_ADD(NOW(), INTERVAL -30 DAY), 'Suivre le module de consolidation et refaire une activite d''application.', 16, 49),
(152, '{"1":"B","2":"Analyse complete","3":"C","4":"Synthese"}', 'Evaluation satisfaisante avec axes d''amelioration identifies.', 16, DATE_ADD(NOW(), INTERVAL -29 DAY), 'Suivre le module de consolidation et refaire une activite d''application.', 16, 50),
(153, '{"1":"B","2":"Analyse complete","3":"C","4":"Synthese"}', 'Evaluation satisfaisante avec axes d''amelioration identifies.', 17, DATE_ADD(NOW(), INTERVAL -28 DAY), 'Suivre le module de consolidation et refaire une activite d''application.', 16, 51),
(154, '{"1":"B","2":"Analyse complete","3":"C","4":"Synthese"}', 'Evaluation satisfaisante avec axes d''amelioration identifies.', 18, DATE_ADD(NOW(), INTERVAL -27 DAY), 'Suivre le module de consolidation et refaire une activite d''application.', 16, 52),
(155, '{"1":"B","2":"Analyse complete","3":"C","4":"Synthese"}', 'Evaluation satisfaisante avec axes d''amelioration identifies.', 19, DATE_ADD(NOW(), INTERVAL -26 DAY), 'Suivre le module de consolidation et refaire une activite d''application.', 16, 53),
(156, '{"1":"B","2":"Analyse complete","3":"C","4":"Synthese"}', 'Evaluation satisfaisante avec axes d''amelioration identifies.', 20, DATE_ADD(NOW(), INTERVAL -25 DAY), 'Suivre le module de consolidation et refaire une activite d''application.', 16, 54),
(157, '{"1":"B","2":"Analyse complete","3":"C","4":"Synthese"}', 'Evaluation satisfaisante avec axes d''amelioration identifies.', 8, DATE_ADD(NOW(), INTERVAL -24 DAY), 'Suivre le module de consolidation et refaire une activite d''application.', 16, 55),
(158, '{"1":"B","2":"Analyse complete","3":"C","4":"Synthese"}', 'Evaluation satisfaisante avec axes d''amelioration identifies.', 9, DATE_ADD(NOW(), INTERVAL -23 DAY), 'Suivre le module de consolidation et refaire une activite d''application.', 16, 56),
(159, '{"1":"B","2":"Analyse complete","3":"C","4":"Synthese"}', 'Evaluation satisfaisante avec axes d''amelioration identifies.', 10, DATE_ADD(NOW(), INTERVAL -22 DAY), 'Suivre le module de consolidation et refaire une activite d''application.', 16, 57),
(160, '{"1":"B","2":"Analyse complete","3":"C","4":"Synthese"}', 'Evaluation satisfaisante avec axes d''amelioration identifies.', 11, DATE_ADD(NOW(), INTERVAL -21 DAY), 'Suivre le module de consolidation et refaire une activite d''application.', 16, 58),
(161, '{"1":"B","2":"Analyse complete","3":"C","4":"Synthese"}', 'Evaluation satisfaisante avec axes d''amelioration identifies.', 12, DATE_ADD(NOW(), INTERVAL -20 DAY), 'Suivre le module de consolidation et refaire une activite d''application.', 17, 52),
(162, '{"1":"B","2":"Analyse complete","3":"C","4":"Synthese"}', 'Evaluation satisfaisante avec axes d''amelioration identifies.', 13, DATE_ADD(NOW(), INTERVAL -19 DAY), 'Suivre le module de consolidation et refaire une activite d''application.', 17, 53),
(163, '{"1":"B","2":"Analyse complete","3":"C","4":"Synthese"}', 'Evaluation satisfaisante avec axes d''amelioration identifies.', 14, DATE_ADD(NOW(), INTERVAL -18 DAY), 'Suivre le module de consolidation et refaire une activite d''application.', 17, 54),
(164, '{"1":"B","2":"Analyse complete","3":"C","4":"Synthese"}', 'Evaluation satisfaisante avec axes d''amelioration identifies.', 15, DATE_ADD(NOW(), INTERVAL -17 DAY), 'Suivre le module de consolidation et refaire une activite d''application.', 17, 55),
(165, '{"1":"B","2":"Analyse complete","3":"C","4":"Synthese"}', 'Evaluation satisfaisante avec axes d''amelioration identifies.', 16, DATE_ADD(NOW(), INTERVAL -16 DAY), 'Suivre le module de consolidation et refaire une activite d''application.', 17, 56),
(166, '{"1":"B","2":"Analyse complete","3":"C","4":"Synthese"}', 'Evaluation satisfaisante avec axes d''amelioration identifies.', 17, DATE_ADD(NOW(), INTERVAL -15 DAY), 'Suivre le module de consolidation et refaire une activite d''application.', 17, 57),
(167, '{"1":"B","2":"Analyse complete","3":"C","4":"Synthese"}', 'Evaluation satisfaisante avec axes d''amelioration identifies.', 18, DATE_ADD(NOW(), INTERVAL -14 DAY), 'Suivre le module de consolidation et refaire une activite d''application.', 17, 58),
(168, '{"1":"B","2":"Analyse complete","3":"C","4":"Synthese"}', 'Evaluation satisfaisante avec axes d''amelioration identifies.', 19, DATE_ADD(NOW(), INTERVAL -13 DAY), 'Suivre le module de consolidation et refaire une activite d''application.', 17, 59),
(169, '{"1":"B","2":"Analyse complete","3":"C","4":"Synthese"}', 'Evaluation satisfaisante avec axes d''amelioration identifies.', 20, DATE_ADD(NOW(), INTERVAL -12 DAY), 'Suivre le module de consolidation et refaire une activite d''application.', 17, 60),
(170, '{"1":"B","2":"Analyse complete","3":"C","4":"Synthese"}', 'Evaluation satisfaisante avec axes d''amelioration identifies.', 8, DATE_ADD(NOW(), INTERVAL -11 DAY), 'Suivre le module de consolidation et refaire une activite d''application.', 17, 61),
(171, '{"1":"B","2":"Analyse complete","3":"C","4":"Synthese"}', 'Evaluation satisfaisante avec axes d''amelioration identifies.', 9, DATE_ADD(NOW(), INTERVAL -10 DAY), 'Suivre le module de consolidation et refaire une activite d''application.', 18, 55),
(172, '{"1":"B","2":"Analyse complete","3":"C","4":"Synthese"}', 'Evaluation satisfaisante avec axes d''amelioration identifies.', 10, DATE_ADD(NOW(), INTERVAL -9 DAY), 'Suivre le module de consolidation et refaire une activite d''application.', 18, 56),
(173, '{"1":"B","2":"Analyse complete","3":"C","4":"Synthese"}', 'Evaluation satisfaisante avec axes d''amelioration identifies.', 11, DATE_ADD(NOW(), INTERVAL -8 DAY), 'Suivre le module de consolidation et refaire une activite d''application.', 18, 57),
(174, '{"1":"B","2":"Analyse complete","3":"C","4":"Synthese"}', 'Evaluation satisfaisante avec axes d''amelioration identifies.', 12, DATE_ADD(NOW(), INTERVAL -7 DAY), 'Suivre le module de consolidation et refaire une activite d''application.', 18, 58),
(175, '{"1":"B","2":"Analyse complete","3":"C","4":"Synthese"}', 'Evaluation satisfaisante avec axes d''amelioration identifies.', 13, DATE_ADD(NOW(), INTERVAL -6 DAY), 'Suivre le module de consolidation et refaire une activite d''application.', 18, 59),
(176, '{"1":"B","2":"Analyse complete","3":"C","4":"Synthese"}', 'Evaluation satisfaisante avec axes d''amelioration identifies.', 14, DATE_ADD(NOW(), INTERVAL -40 DAY), 'Suivre le module de consolidation et refaire une activite d''application.', 18, 60),
(177, '{"1":"B","2":"Analyse complete","3":"C","4":"Synthese"}', 'Evaluation satisfaisante avec axes d''amelioration identifies.', 15, DATE_ADD(NOW(), INTERVAL -39 DAY), 'Suivre le module de consolidation et refaire une activite d''application.', 18, 61),
(178, '{"1":"B","2":"Analyse complete","3":"C","4":"Synthese"}', 'Evaluation satisfaisante avec axes d''amelioration identifies.', 16, DATE_ADD(NOW(), INTERVAL -38 DAY), 'Suivre le module de consolidation et refaire une activite d''application.', 18, 62),
(179, '{"1":"B","2":"Analyse complete","3":"C","4":"Synthese"}', 'Evaluation satisfaisante avec axes d''amelioration identifies.', 17, DATE_ADD(NOW(), INTERVAL -37 DAY), 'Suivre le module de consolidation et refaire une activite d''application.', 18, 63),
(180, '{"1":"B","2":"Analyse complete","3":"C","4":"Synthese"}', 'Evaluation satisfaisante avec axes d''amelioration identifies.', 18, DATE_ADD(NOW(), INTERVAL -36 DAY), 'Suivre le module de consolidation et refaire une activite d''application.', 18, 64);

INSERT INTO conversations (id, last_message_time, user1_id, user2_id) VALUES

(1, DATE_ADD(NOW(), INTERVAL -20 DAY), 4, 21),
(2, DATE_ADD(NOW(), INTERVAL -19 DAY), 5, 23),
(3, DATE_ADD(NOW(), INTERVAL -18 DAY), 6, 25),
(4, DATE_ADD(NOW(), INTERVAL -17 DAY), 7, 27),
(5, DATE_ADD(NOW(), INTERVAL -16 DAY), 8, 29),
(6, DATE_ADD(NOW(), INTERVAL -15 DAY), 9, 31),
(7, DATE_ADD(NOW(), INTERVAL -14 DAY), 10, 33),
(8, DATE_ADD(NOW(), INTERVAL -13 DAY), 11, 35),
(9, DATE_ADD(NOW(), INTERVAL -12 DAY), 12, 37),
(10, DATE_ADD(NOW(), INTERVAL -11 DAY), 13, 39),
(11, DATE_ADD(NOW(), INTERVAL -10 DAY), 14, 41),
(12, DATE_ADD(NOW(), INTERVAL -9 DAY), 15, 43),
(13, DATE_ADD(NOW(), INTERVAL -8 DAY), 16, 45),
(14, DATE_ADD(NOW(), INTERVAL -7 DAY), 17, 47),
(15, DATE_ADD(NOW(), INTERVAL -6 DAY), 18, 49),
(16, DATE_ADD(NOW(), INTERVAL -5 DAY), 19, 51),
(17, DATE_ADD(NOW(), INTERVAL -4 DAY), 20, 53),
(18, DATE_ADD(NOW(), INTERVAL -3 DAY), 4, 55),
(19, DATE_ADD(NOW(), INTERVAL -2 DAY), 5, 57),
(20, DATE_ADD(NOW(), INTERVAL -1 DAY), 6, 59),
(21, DATE_ADD(NOW(), INTERVAL -20 DAY), 7, 61),
(22, DATE_ADD(NOW(), INTERVAL -19 DAY), 8, 63),
(23, DATE_ADD(NOW(), INTERVAL -18 DAY), 9, 65),
(24, DATE_ADD(NOW(), INTERVAL -17 DAY), 10, 67),
(25, DATE_ADD(NOW(), INTERVAL -16 DAY), 11, 69),
(26, DATE_ADD(NOW(), INTERVAL -15 DAY), 12, 71),
(27, DATE_ADD(NOW(), INTERVAL -14 DAY), 13, 73),
(28, DATE_ADD(NOW(), INTERVAL -13 DAY), 14, 75),
(29, DATE_ADD(NOW(), INTERVAL -12 DAY), 15, 77),
(30, DATE_ADD(NOW(), INTERVAL -11 DAY), 16, 79),
(31, DATE_ADD(NOW(), INTERVAL -10 DAY), 17, 81),
(32, DATE_ADD(NOW(), INTERVAL -9 DAY), 18, 83),
(33, DATE_ADD(NOW(), INTERVAL -8 DAY), 19, 85),
(34, DATE_ADD(NOW(), INTERVAL -7 DAY), 20, 87),
(35, DATE_ADD(NOW(), INTERVAL -6 DAY), 4, 89),
(36, DATE_ADD(NOW(), INTERVAL -5 DAY), 5, 91),
(37, DATE_ADD(NOW(), INTERVAL -4 DAY), 6, 93),
(38, DATE_ADD(NOW(), INTERVAL -3 DAY), 7, 95),
(39, DATE_ADD(NOW(), INTERVAL -2 DAY), 8, 97),
(40, DATE_ADD(NOW(), INTERVAL -1 DAY), 9, 99),
(41, DATE_ADD(NOW(), INTERVAL -20 DAY), 10, 21),
(42, DATE_ADD(NOW(), INTERVAL -19 DAY), 11, 23),
(43, DATE_ADD(NOW(), INTERVAL -18 DAY), 12, 25),
(44, DATE_ADD(NOW(), INTERVAL -17 DAY), 13, 27),
(45, DATE_ADD(NOW(), INTERVAL -16 DAY), 14, 29);

INSERT INTO messages (id, content, is_read, timestamp, conversation_id, sender_id) VALUES

(1, 'Bonjour, merci de confirmer votre disponibilite.', 0, DATE_ADD(NOW(), INTERVAL -18 DAY), 1, 4),
(2, 'Le rapport est disponible pour consultation.', 1, DATE_ADD(NOW(), INTERVAL -17 DAY), 2, 23),
(3, 'Pouvez-vous partager la progression annuelle ?', 1, DATE_ADD(NOW(), INTERVAL -16 DAY), 3, 6),
(4, 'Bien recu, je prepare les documents.', 0, DATE_ADD(NOW(), INTERVAL -15 DAY), 4, 27),
(5, 'Bonjour, merci de confirmer votre disponibilite.', 1, DATE_ADD(NOW(), INTERVAL -14 DAY), 5, 8),
(6, 'Le rapport est disponible pour consultation.', 1, DATE_ADD(NOW(), INTERVAL -13 DAY), 6, 31),
(7, 'Pouvez-vous partager la progression annuelle ?', 0, DATE_ADD(NOW(), INTERVAL -12 DAY), 7, 10),
(8, 'Bien recu, je prepare les documents.', 1, DATE_ADD(NOW(), INTERVAL -11 DAY), 8, 35),
(9, 'Bonjour, merci de confirmer votre disponibilite.', 1, DATE_ADD(NOW(), INTERVAL -10 DAY), 9, 12),
(10, 'Le rapport est disponible pour consultation.', 0, DATE_ADD(NOW(), INTERVAL -9 DAY), 10, 39),
(11, 'Pouvez-vous partager la progression annuelle ?', 1, DATE_ADD(NOW(), INTERVAL -8 DAY), 11, 14),
(12, 'Bien recu, je prepare les documents.', 1, DATE_ADD(NOW(), INTERVAL -7 DAY), 12, 43),
(13, 'Bonjour, merci de confirmer votre disponibilite.', 0, DATE_ADD(NOW(), INTERVAL -6 DAY), 13, 16),
(14, 'Le rapport est disponible pour consultation.', 1, DATE_ADD(NOW(), INTERVAL -5 DAY), 14, 47),
(15, 'Pouvez-vous partager la progression annuelle ?', 1, DATE_ADD(NOW(), INTERVAL -4 DAY), 15, 18),
(16, 'Bien recu, je prepare les documents.', 0, DATE_ADD(NOW(), INTERVAL -3 DAY), 16, 51),
(17, 'Bonjour, merci de confirmer votre disponibilite.', 1, DATE_ADD(NOW(), INTERVAL -2 DAY), 17, 20),
(18, 'Le rapport est disponible pour consultation.', 1, DATE_ADD(NOW(), INTERVAL -1 DAY), 18, 55),
(19, 'Pouvez-vous partager la progression annuelle ?', 0, DATE_ADD(NOW(), INTERVAL -18 DAY), 19, 5),
(20, 'Bien recu, je prepare les documents.', 1, DATE_ADD(NOW(), INTERVAL -17 DAY), 20, 59),
(21, 'Bonjour, merci de confirmer votre disponibilite.', 1, DATE_ADD(NOW(), INTERVAL -16 DAY), 21, 7),
(22, 'Le rapport est disponible pour consultation.', 0, DATE_ADD(NOW(), INTERVAL -15 DAY), 22, 63),
(23, 'Pouvez-vous partager la progression annuelle ?', 1, DATE_ADD(NOW(), INTERVAL -14 DAY), 23, 9),
(24, 'Bien recu, je prepare les documents.', 1, DATE_ADD(NOW(), INTERVAL -13 DAY), 24, 67),
(25, 'Bonjour, merci de confirmer votre disponibilite.', 0, DATE_ADD(NOW(), INTERVAL -12 DAY), 25, 11),
(26, 'Le rapport est disponible pour consultation.', 1, DATE_ADD(NOW(), INTERVAL -11 DAY), 26, 71),
(27, 'Pouvez-vous partager la progression annuelle ?', 1, DATE_ADD(NOW(), INTERVAL -10 DAY), 27, 13),
(28, 'Bien recu, je prepare les documents.', 0, DATE_ADD(NOW(), INTERVAL -9 DAY), 28, 75),
(29, 'Bonjour, merci de confirmer votre disponibilite.', 1, DATE_ADD(NOW(), INTERVAL -8 DAY), 29, 15),
(30, 'Le rapport est disponible pour consultation.', 1, DATE_ADD(NOW(), INTERVAL -7 DAY), 30, 79),
(31, 'Pouvez-vous partager la progression annuelle ?', 0, DATE_ADD(NOW(), INTERVAL -6 DAY), 31, 17),
(32, 'Bien recu, je prepare les documents.', 1, DATE_ADD(NOW(), INTERVAL -5 DAY), 32, 83),
(33, 'Bonjour, merci de confirmer votre disponibilite.', 1, DATE_ADD(NOW(), INTERVAL -4 DAY), 33, 19),
(34, 'Le rapport est disponible pour consultation.', 0, DATE_ADD(NOW(), INTERVAL -3 DAY), 34, 87),
(35, 'Pouvez-vous partager la progression annuelle ?', 1, DATE_ADD(NOW(), INTERVAL -2 DAY), 35, 4),
(36, 'Bien recu, je prepare les documents.', 1, DATE_ADD(NOW(), INTERVAL -1 DAY), 36, 91),
(37, 'Bonjour, merci de confirmer votre disponibilite.', 0, DATE_ADD(NOW(), INTERVAL -18 DAY), 37, 6),
(38, 'Le rapport est disponible pour consultation.', 1, DATE_ADD(NOW(), INTERVAL -17 DAY), 38, 95),
(39, 'Pouvez-vous partager la progression annuelle ?', 1, DATE_ADD(NOW(), INTERVAL -16 DAY), 39, 8),
(40, 'Bien recu, je prepare les documents.', 0, DATE_ADD(NOW(), INTERVAL -15 DAY), 40, 99),
(41, 'Bonjour, merci de confirmer votre disponibilite.', 1, DATE_ADD(NOW(), INTERVAL -14 DAY), 41, 10),
(42, 'Le rapport est disponible pour consultation.', 1, DATE_ADD(NOW(), INTERVAL -13 DAY), 42, 23),
(43, 'Pouvez-vous partager la progression annuelle ?', 0, DATE_ADD(NOW(), INTERVAL -12 DAY), 43, 12),
(44, 'Bien recu, je prepare les documents.', 1, DATE_ADD(NOW(), INTERVAL -11 DAY), 44, 27),
(45, 'Bonjour, merci de confirmer votre disponibilite.', 1, DATE_ADD(NOW(), INTERVAL -10 DAY), 45, 14),
(46, 'Le rapport est disponible pour consultation.', 0, DATE_ADD(NOW(), INTERVAL -9 DAY), 1, 21),
(47, 'Pouvez-vous partager la progression annuelle ?', 1, DATE_ADD(NOW(), INTERVAL -8 DAY), 2, 5),
(48, 'Bien recu, je prepare les documents.', 1, DATE_ADD(NOW(), INTERVAL -7 DAY), 3, 25),
(49, 'Bonjour, merci de confirmer votre disponibilite.', 0, DATE_ADD(NOW(), INTERVAL -6 DAY), 4, 7),
(50, 'Le rapport est disponible pour consultation.', 1, DATE_ADD(NOW(), INTERVAL -5 DAY), 5, 29),
(51, 'Pouvez-vous partager la progression annuelle ?', 1, DATE_ADD(NOW(), INTERVAL -4 DAY), 6, 9),
(52, 'Bien recu, je prepare les documents.', 0, DATE_ADD(NOW(), INTERVAL -3 DAY), 7, 33),
(53, 'Bonjour, merci de confirmer votre disponibilite.', 1, DATE_ADD(NOW(), INTERVAL -2 DAY), 8, 11),
(54, 'Le rapport est disponible pour consultation.', 1, DATE_ADD(NOW(), INTERVAL -1 DAY), 9, 37),
(55, 'Pouvez-vous partager la progression annuelle ?', 0, DATE_ADD(NOW(), INTERVAL -18 DAY), 10, 13),
(56, 'Bien recu, je prepare les documents.', 1, DATE_ADD(NOW(), INTERVAL -17 DAY), 11, 41),
(57, 'Bonjour, merci de confirmer votre disponibilite.', 1, DATE_ADD(NOW(), INTERVAL -16 DAY), 12, 15),
(58, 'Le rapport est disponible pour consultation.', 0, DATE_ADD(NOW(), INTERVAL -15 DAY), 13, 45),
(59, 'Pouvez-vous partager la progression annuelle ?', 1, DATE_ADD(NOW(), INTERVAL -14 DAY), 14, 17),
(60, 'Bien recu, je prepare les documents.', 1, DATE_ADD(NOW(), INTERVAL -13 DAY), 15, 49),
(61, 'Bonjour, merci de confirmer votre disponibilite.', 0, DATE_ADD(NOW(), INTERVAL -12 DAY), 16, 19),
(62, 'Le rapport est disponible pour consultation.', 1, DATE_ADD(NOW(), INTERVAL -11 DAY), 17, 53),
(63, 'Pouvez-vous partager la progression annuelle ?', 1, DATE_ADD(NOW(), INTERVAL -10 DAY), 18, 4),
(64, 'Bien recu, je prepare les documents.', 0, DATE_ADD(NOW(), INTERVAL -9 DAY), 19, 57),
(65, 'Bonjour, merci de confirmer votre disponibilite.', 1, DATE_ADD(NOW(), INTERVAL -8 DAY), 20, 6),
(66, 'Le rapport est disponible pour consultation.', 1, DATE_ADD(NOW(), INTERVAL -7 DAY), 21, 61),
(67, 'Pouvez-vous partager la progression annuelle ?', 0, DATE_ADD(NOW(), INTERVAL -6 DAY), 22, 8),
(68, 'Bien recu, je prepare les documents.', 1, DATE_ADD(NOW(), INTERVAL -5 DAY), 23, 65),
(69, 'Bonjour, merci de confirmer votre disponibilite.', 1, DATE_ADD(NOW(), INTERVAL -4 DAY), 24, 10),
(70, 'Le rapport est disponible pour consultation.', 0, DATE_ADD(NOW(), INTERVAL -3 DAY), 25, 69),
(71, 'Pouvez-vous partager la progression annuelle ?', 1, DATE_ADD(NOW(), INTERVAL -2 DAY), 26, 12),
(72, 'Bien recu, je prepare les documents.', 1, DATE_ADD(NOW(), INTERVAL -1 DAY), 27, 73),
(73, 'Bonjour, merci de confirmer votre disponibilite.', 0, DATE_ADD(NOW(), INTERVAL -18 DAY), 28, 14),
(74, 'Le rapport est disponible pour consultation.', 1, DATE_ADD(NOW(), INTERVAL -17 DAY), 29, 77),
(75, 'Pouvez-vous partager la progression annuelle ?', 1, DATE_ADD(NOW(), INTERVAL -16 DAY), 30, 16),
(76, 'Bien recu, je prepare les documents.', 0, DATE_ADD(NOW(), INTERVAL -15 DAY), 31, 81),
(77, 'Bonjour, merci de confirmer votre disponibilite.', 1, DATE_ADD(NOW(), INTERVAL -14 DAY), 32, 18),
(78, 'Le rapport est disponible pour consultation.', 1, DATE_ADD(NOW(), INTERVAL -13 DAY), 33, 85),
(79, 'Pouvez-vous partager la progression annuelle ?', 0, DATE_ADD(NOW(), INTERVAL -12 DAY), 34, 20),
(80, 'Bien recu, je prepare les documents.', 1, DATE_ADD(NOW(), INTERVAL -11 DAY), 35, 89),
(81, 'Bonjour, merci de confirmer votre disponibilite.', 1, DATE_ADD(NOW(), INTERVAL -10 DAY), 36, 5),
(82, 'Le rapport est disponible pour consultation.', 0, DATE_ADD(NOW(), INTERVAL -9 DAY), 37, 93),
(83, 'Pouvez-vous partager la progression annuelle ?', 1, DATE_ADD(NOW(), INTERVAL -8 DAY), 38, 7),
(84, 'Bien recu, je prepare les documents.', 1, DATE_ADD(NOW(), INTERVAL -7 DAY), 39, 97),
(85, 'Bonjour, merci de confirmer votre disponibilite.', 0, DATE_ADD(NOW(), INTERVAL -6 DAY), 40, 9),
(86, 'Le rapport est disponible pour consultation.', 1, DATE_ADD(NOW(), INTERVAL -5 DAY), 41, 21),
(87, 'Pouvez-vous partager la progression annuelle ?', 1, DATE_ADD(NOW(), INTERVAL -4 DAY), 42, 11),
(88, 'Bien recu, je prepare les documents.', 0, DATE_ADD(NOW(), INTERVAL -3 DAY), 43, 25),
(89, 'Bonjour, merci de confirmer votre disponibilite.', 1, DATE_ADD(NOW(), INTERVAL -2 DAY), 44, 13),
(90, 'Le rapport est disponible pour consultation.', 1, DATE_ADD(NOW(), INTERVAL -1 DAY), 45, 29),
(91, 'Pouvez-vous partager la progression annuelle ?', 0, DATE_ADD(NOW(), INTERVAL -18 DAY), 1, 4),
(92, 'Bien recu, je prepare les documents.', 1, DATE_ADD(NOW(), INTERVAL -17 DAY), 2, 23),
(93, 'Bonjour, merci de confirmer votre disponibilite.', 1, DATE_ADD(NOW(), INTERVAL -16 DAY), 3, 6),
(94, 'Le rapport est disponible pour consultation.', 0, DATE_ADD(NOW(), INTERVAL -15 DAY), 4, 27),
(95, 'Pouvez-vous partager la progression annuelle ?', 1, DATE_ADD(NOW(), INTERVAL -14 DAY), 5, 8),
(96, 'Bien recu, je prepare les documents.', 1, DATE_ADD(NOW(), INTERVAL -13 DAY), 6, 31),
(97, 'Bonjour, merci de confirmer votre disponibilite.', 0, DATE_ADD(NOW(), INTERVAL -12 DAY), 7, 10),
(98, 'Le rapport est disponible pour consultation.', 1, DATE_ADD(NOW(), INTERVAL -11 DAY), 8, 35),
(99, 'Pouvez-vous partager la progression annuelle ?', 1, DATE_ADD(NOW(), INTERVAL -10 DAY), 9, 12),
(100, 'Bien recu, je prepare les documents.', 0, DATE_ADD(NOW(), INTERVAL -9 DAY), 10, 39),
(101, 'Bonjour, merci de confirmer votre disponibilite.', 1, DATE_ADD(NOW(), INTERVAL -8 DAY), 11, 14),
(102, 'Le rapport est disponible pour consultation.', 1, DATE_ADD(NOW(), INTERVAL -7 DAY), 12, 43),
(103, 'Pouvez-vous partager la progression annuelle ?', 0, DATE_ADD(NOW(), INTERVAL -6 DAY), 13, 16),
(104, 'Bien recu, je prepare les documents.', 1, DATE_ADD(NOW(), INTERVAL -5 DAY), 14, 47),
(105, 'Bonjour, merci de confirmer votre disponibilite.', 1, DATE_ADD(NOW(), INTERVAL -4 DAY), 15, 18),
(106, 'Le rapport est disponible pour consultation.', 0, DATE_ADD(NOW(), INTERVAL -3 DAY), 16, 51),
(107, 'Pouvez-vous partager la progression annuelle ?', 1, DATE_ADD(NOW(), INTERVAL -2 DAY), 17, 20),
(108, 'Bien recu, je prepare les documents.', 1, DATE_ADD(NOW(), INTERVAL -1 DAY), 18, 55),
(109, 'Bonjour, merci de confirmer votre disponibilite.', 0, DATE_ADD(NOW(), INTERVAL -18 DAY), 19, 5),
(110, 'Le rapport est disponible pour consultation.', 1, DATE_ADD(NOW(), INTERVAL -17 DAY), 20, 59),
(111, 'Pouvez-vous partager la progression annuelle ?', 1, DATE_ADD(NOW(), INTERVAL -16 DAY), 21, 7),
(112, 'Bien recu, je prepare les documents.', 0, DATE_ADD(NOW(), INTERVAL -15 DAY), 22, 63),
(113, 'Bonjour, merci de confirmer votre disponibilite.', 1, DATE_ADD(NOW(), INTERVAL -14 DAY), 23, 9),
(114, 'Le rapport est disponible pour consultation.', 1, DATE_ADD(NOW(), INTERVAL -13 DAY), 24, 67),
(115, 'Pouvez-vous partager la progression annuelle ?', 0, DATE_ADD(NOW(), INTERVAL -12 DAY), 25, 11),
(116, 'Bien recu, je prepare les documents.', 1, DATE_ADD(NOW(), INTERVAL -11 DAY), 26, 71),
(117, 'Bonjour, merci de confirmer votre disponibilite.', 1, DATE_ADD(NOW(), INTERVAL -10 DAY), 27, 13),
(118, 'Le rapport est disponible pour consultation.', 0, DATE_ADD(NOW(), INTERVAL -9 DAY), 28, 75),
(119, 'Pouvez-vous partager la progression annuelle ?', 1, DATE_ADD(NOW(), INTERVAL -8 DAY), 29, 15),
(120, 'Bien recu, je prepare les documents.', 1, DATE_ADD(NOW(), INTERVAL -7 DAY), 30, 79),
(121, 'Bonjour, merci de confirmer votre disponibilite.', 0, DATE_ADD(NOW(), INTERVAL -6 DAY), 31, 17),
(122, 'Le rapport est disponible pour consultation.', 1, DATE_ADD(NOW(), INTERVAL -5 DAY), 32, 83),
(123, 'Pouvez-vous partager la progression annuelle ?', 1, DATE_ADD(NOW(), INTERVAL -4 DAY), 33, 19),
(124, 'Bien recu, je prepare les documents.', 0, DATE_ADD(NOW(), INTERVAL -3 DAY), 34, 87),
(125, 'Bonjour, merci de confirmer votre disponibilite.', 1, DATE_ADD(NOW(), INTERVAL -2 DAY), 35, 4),
(126, 'Le rapport est disponible pour consultation.', 1, DATE_ADD(NOW(), INTERVAL -1 DAY), 36, 91),
(127, 'Pouvez-vous partager la progression annuelle ?', 0, DATE_ADD(NOW(), INTERVAL -18 DAY), 37, 6),
(128, 'Bien recu, je prepare les documents.', 1, DATE_ADD(NOW(), INTERVAL -17 DAY), 38, 95),
(129, 'Bonjour, merci de confirmer votre disponibilite.', 1, DATE_ADD(NOW(), INTERVAL -16 DAY), 39, 8),
(130, 'Le rapport est disponible pour consultation.', 0, DATE_ADD(NOW(), INTERVAL -15 DAY), 40, 99),
(131, 'Pouvez-vous partager la progression annuelle ?', 1, DATE_ADD(NOW(), INTERVAL -14 DAY), 41, 10),
(132, 'Bien recu, je prepare les documents.', 1, DATE_ADD(NOW(), INTERVAL -13 DAY), 42, 23),
(133, 'Bonjour, merci de confirmer votre disponibilite.', 0, DATE_ADD(NOW(), INTERVAL -12 DAY), 43, 12),
(134, 'Le rapport est disponible pour consultation.', 1, DATE_ADD(NOW(), INTERVAL -11 DAY), 44, 27),
(135, 'Pouvez-vous partager la progression annuelle ?', 1, DATE_ADD(NOW(), INTERVAL -10 DAY), 45, 14),
(136, 'Bien recu, je prepare les documents.', 0, DATE_ADD(NOW(), INTERVAL -9 DAY), 1, 21),
(137, 'Bonjour, merci de confirmer votre disponibilite.', 1, DATE_ADD(NOW(), INTERVAL -8 DAY), 2, 5),
(138, 'Le rapport est disponible pour consultation.', 1, DATE_ADD(NOW(), INTERVAL -7 DAY), 3, 25),
(139, 'Pouvez-vous partager la progression annuelle ?', 0, DATE_ADD(NOW(), INTERVAL -6 DAY), 4, 7),
(140, 'Bien recu, je prepare les documents.', 1, DATE_ADD(NOW(), INTERVAL -5 DAY), 5, 29),
(141, 'Bonjour, merci de confirmer votre disponibilite.', 1, DATE_ADD(NOW(), INTERVAL -4 DAY), 6, 9),
(142, 'Le rapport est disponible pour consultation.', 0, DATE_ADD(NOW(), INTERVAL -3 DAY), 7, 33),
(143, 'Pouvez-vous partager la progression annuelle ?', 1, DATE_ADD(NOW(), INTERVAL -2 DAY), 8, 11),
(144, 'Bien recu, je prepare les documents.', 1, DATE_ADD(NOW(), INTERVAL -1 DAY), 9, 37),
(145, 'Bonjour, merci de confirmer votre disponibilite.', 0, DATE_ADD(NOW(), INTERVAL -18 DAY), 10, 13),
(146, 'Le rapport est disponible pour consultation.', 1, DATE_ADD(NOW(), INTERVAL -17 DAY), 11, 41),
(147, 'Pouvez-vous partager la progression annuelle ?', 1, DATE_ADD(NOW(), INTERVAL -16 DAY), 12, 15),
(148, 'Bien recu, je prepare les documents.', 0, DATE_ADD(NOW(), INTERVAL -15 DAY), 13, 45),
(149, 'Bonjour, merci de confirmer votre disponibilite.', 1, DATE_ADD(NOW(), INTERVAL -14 DAY), 14, 17),
(150, 'Le rapport est disponible pour consultation.', 1, DATE_ADD(NOW(), INTERVAL -13 DAY), 15, 49),
(151, 'Pouvez-vous partager la progression annuelle ?', 0, DATE_ADD(NOW(), INTERVAL -12 DAY), 16, 19),
(152, 'Bien recu, je prepare les documents.', 1, DATE_ADD(NOW(), INTERVAL -11 DAY), 17, 53),
(153, 'Bonjour, merci de confirmer votre disponibilite.', 1, DATE_ADD(NOW(), INTERVAL -10 DAY), 18, 4),
(154, 'Le rapport est disponible pour consultation.', 0, DATE_ADD(NOW(), INTERVAL -9 DAY), 19, 57),
(155, 'Pouvez-vous partager la progression annuelle ?', 1, DATE_ADD(NOW(), INTERVAL -8 DAY), 20, 6),
(156, 'Bien recu, je prepare les documents.', 1, DATE_ADD(NOW(), INTERVAL -7 DAY), 21, 61),
(157, 'Bonjour, merci de confirmer votre disponibilite.', 0, DATE_ADD(NOW(), INTERVAL -6 DAY), 22, 8),
(158, 'Le rapport est disponible pour consultation.', 1, DATE_ADD(NOW(), INTERVAL -5 DAY), 23, 65),
(159, 'Pouvez-vous partager la progression annuelle ?', 1, DATE_ADD(NOW(), INTERVAL -4 DAY), 24, 10),
(160, 'Bien recu, je prepare les documents.', 0, DATE_ADD(NOW(), INTERVAL -3 DAY), 25, 69),
(161, 'Bonjour, merci de confirmer votre disponibilite.', 1, DATE_ADD(NOW(), INTERVAL -2 DAY), 26, 12),
(162, 'Le rapport est disponible pour consultation.', 1, DATE_ADD(NOW(), INTERVAL -1 DAY), 27, 73),
(163, 'Pouvez-vous partager la progression annuelle ?', 0, DATE_ADD(NOW(), INTERVAL -18 DAY), 28, 14),
(164, 'Bien recu, je prepare les documents.', 1, DATE_ADD(NOW(), INTERVAL -17 DAY), 29, 77),
(165, 'Bonjour, merci de confirmer votre disponibilite.', 1, DATE_ADD(NOW(), INTERVAL -16 DAY), 30, 16),
(166, 'Le rapport est disponible pour consultation.', 0, DATE_ADD(NOW(), INTERVAL -15 DAY), 31, 81),
(167, 'Pouvez-vous partager la progression annuelle ?', 1, DATE_ADD(NOW(), INTERVAL -14 DAY), 32, 18),
(168, 'Bien recu, je prepare les documents.', 1, DATE_ADD(NOW(), INTERVAL -13 DAY), 33, 85),
(169, 'Bonjour, merci de confirmer votre disponibilite.', 0, DATE_ADD(NOW(), INTERVAL -12 DAY), 34, 20),
(170, 'Le rapport est disponible pour consultation.', 1, DATE_ADD(NOW(), INTERVAL -11 DAY), 35, 89),
(171, 'Pouvez-vous partager la progression annuelle ?', 1, DATE_ADD(NOW(), INTERVAL -10 DAY), 36, 5),
(172, 'Bien recu, je prepare les documents.', 0, DATE_ADD(NOW(), INTERVAL -9 DAY), 37, 93),
(173, 'Bonjour, merci de confirmer votre disponibilite.', 1, DATE_ADD(NOW(), INTERVAL -8 DAY), 38, 7),
(174, 'Le rapport est disponible pour consultation.', 1, DATE_ADD(NOW(), INTERVAL -7 DAY), 39, 97),
(175, 'Pouvez-vous partager la progression annuelle ?', 0, DATE_ADD(NOW(), INTERVAL -6 DAY), 40, 9),
(176, 'Bien recu, je prepare les documents.', 1, DATE_ADD(NOW(), INTERVAL -5 DAY), 41, 21),
(177, 'Bonjour, merci de confirmer votre disponibilite.', 1, DATE_ADD(NOW(), INTERVAL -4 DAY), 42, 11),
(178, 'Le rapport est disponible pour consultation.', 0, DATE_ADD(NOW(), INTERVAL -3 DAY), 43, 25),
(179, 'Pouvez-vous partager la progression annuelle ?', 1, DATE_ADD(NOW(), INTERVAL -2 DAY), 44, 13),
(180, 'Bien recu, je prepare les documents.', 1, DATE_ADD(NOW(), INTERVAL -1 DAY), 45, 29);

INSERT INTO notifications (id, created_at, is_read, message, target_url, title, type, recipient_id) VALUES

(1, DATE_ADD(NOW(), INTERVAL -30 DAY), 0, 'Nouvelle activite planifiee.', '/calendar', 'Activite', 'ACTIVITY', 1),
(2, DATE_ADD(NOW(), INTERVAL -29 DAY), 1, 'Rapport finalise.', '/reports', 'Rapport', 'REPORT', 2),
(3, DATE_ADD(NOW(), INTERVAL -28 DAY), 1, 'Quiz assigne.', '/quizzes', 'Quiz', 'QUIZ', 3),
(4, DATE_ADD(NOW(), INTERVAL -27 DAY), 1, 'Message recu.', '/messages', 'Message', 'MESSAGE', 4),
(5, DATE_ADD(NOW(), INTERVAL -26 DAY), 0, 'Formation publiee.', '/courses', 'Formation', 'COURSE', 5),
(6, DATE_ADD(NOW(), INTERVAL -25 DAY), 1, 'Nouvelle activite planifiee.', '/calendar', 'Activite', 'ACTIVITY', 6),
(7, DATE_ADD(NOW(), INTERVAL -24 DAY), 1, 'Rapport finalise.', '/reports', 'Rapport', 'REPORT', 7),
(8, DATE_ADD(NOW(), INTERVAL -23 DAY), 1, 'Quiz assigne.', '/quizzes', 'Quiz', 'QUIZ', 8),
(9, DATE_ADD(NOW(), INTERVAL -22 DAY), 0, 'Message recu.', '/messages', 'Message', 'MESSAGE', 9),
(10, DATE_ADD(NOW(), INTERVAL -21 DAY), 1, 'Formation publiee.', '/courses', 'Formation', 'COURSE', 10),
(11, DATE_ADD(NOW(), INTERVAL -20 DAY), 1, 'Nouvelle activite planifiee.', '/calendar', 'Activite', 'ACTIVITY', 11),
(12, DATE_ADD(NOW(), INTERVAL -19 DAY), 1, 'Rapport finalise.', '/reports', 'Rapport', 'REPORT', 12),
(13, DATE_ADD(NOW(), INTERVAL -18 DAY), 0, 'Quiz assigne.', '/quizzes', 'Quiz', 'QUIZ', 13),
(14, DATE_ADD(NOW(), INTERVAL -17 DAY), 1, 'Message recu.', '/messages', 'Message', 'MESSAGE', 14),
(15, DATE_ADD(NOW(), INTERVAL -16 DAY), 1, 'Formation publiee.', '/courses', 'Formation', 'COURSE', 15),
(16, DATE_ADD(NOW(), INTERVAL -15 DAY), 1, 'Nouvelle activite planifiee.', '/calendar', 'Activite', 'ACTIVITY', 16),
(17, DATE_ADD(NOW(), INTERVAL -14 DAY), 0, 'Rapport finalise.', '/reports', 'Rapport', 'REPORT', 17),
(18, DATE_ADD(NOW(), INTERVAL -13 DAY), 1, 'Quiz assigne.', '/quizzes', 'Quiz', 'QUIZ', 18),
(19, DATE_ADD(NOW(), INTERVAL -12 DAY), 1, 'Message recu.', '/messages', 'Message', 'MESSAGE', 19),
(20, DATE_ADD(NOW(), INTERVAL -11 DAY), 1, 'Formation publiee.', '/courses', 'Formation', 'COURSE', 20),
(21, DATE_ADD(NOW(), INTERVAL -10 DAY), 0, 'Nouvelle activite planifiee.', '/calendar', 'Activite', 'ACTIVITY', 21),
(22, DATE_ADD(NOW(), INTERVAL -9 DAY), 1, 'Rapport finalise.', '/reports', 'Rapport', 'REPORT', 22),
(23, DATE_ADD(NOW(), INTERVAL -8 DAY), 1, 'Quiz assigne.', '/quizzes', 'Quiz', 'QUIZ', 23),
(24, DATE_ADD(NOW(), INTERVAL -7 DAY), 1, 'Message recu.', '/messages', 'Message', 'MESSAGE', 24),
(25, DATE_ADD(NOW(), INTERVAL -6 DAY), 0, 'Formation publiee.', '/courses', 'Formation', 'COURSE', 25),
(26, DATE_ADD(NOW(), INTERVAL -5 DAY), 1, 'Nouvelle activite planifiee.', '/calendar', 'Activite', 'ACTIVITY', 26),
(27, DATE_ADD(NOW(), INTERVAL -4 DAY), 1, 'Rapport finalise.', '/reports', 'Rapport', 'REPORT', 27),
(28, DATE_ADD(NOW(), INTERVAL -3 DAY), 1, 'Quiz assigne.', '/quizzes', 'Quiz', 'QUIZ', 28),
(29, DATE_ADD(NOW(), INTERVAL -2 DAY), 0, 'Message recu.', '/messages', 'Message', 'MESSAGE', 29),
(30, DATE_ADD(NOW(), INTERVAL -1 DAY), 1, 'Formation publiee.', '/courses', 'Formation', 'COURSE', 30),
(31, DATE_ADD(NOW(), INTERVAL -30 DAY), 1, 'Nouvelle activite planifiee.', '/calendar', 'Activite', 'ACTIVITY', 31),
(32, DATE_ADD(NOW(), INTERVAL -29 DAY), 1, 'Rapport finalise.', '/reports', 'Rapport', 'REPORT', 32),
(33, DATE_ADD(NOW(), INTERVAL -28 DAY), 0, 'Quiz assigne.', '/quizzes', 'Quiz', 'QUIZ', 33),
(34, DATE_ADD(NOW(), INTERVAL -27 DAY), 1, 'Message recu.', '/messages', 'Message', 'MESSAGE', 34),
(35, DATE_ADD(NOW(), INTERVAL -26 DAY), 1, 'Formation publiee.', '/courses', 'Formation', 'COURSE', 35),
(36, DATE_ADD(NOW(), INTERVAL -25 DAY), 1, 'Nouvelle activite planifiee.', '/calendar', 'Activite', 'ACTIVITY', 36),
(37, DATE_ADD(NOW(), INTERVAL -24 DAY), 0, 'Rapport finalise.', '/reports', 'Rapport', 'REPORT', 37),
(38, DATE_ADD(NOW(), INTERVAL -23 DAY), 1, 'Quiz assigne.', '/quizzes', 'Quiz', 'QUIZ', 38),
(39, DATE_ADD(NOW(), INTERVAL -22 DAY), 1, 'Message recu.', '/messages', 'Message', 'MESSAGE', 39),
(40, DATE_ADD(NOW(), INTERVAL -21 DAY), 1, 'Formation publiee.', '/courses', 'Formation', 'COURSE', 40),
(41, DATE_ADD(NOW(), INTERVAL -20 DAY), 0, 'Nouvelle activite planifiee.', '/calendar', 'Activite', 'ACTIVITY', 41),
(42, DATE_ADD(NOW(), INTERVAL -19 DAY), 1, 'Rapport finalise.', '/reports', 'Rapport', 'REPORT', 42),
(43, DATE_ADD(NOW(), INTERVAL -18 DAY), 1, 'Quiz assigne.', '/quizzes', 'Quiz', 'QUIZ', 43),
(44, DATE_ADD(NOW(), INTERVAL -17 DAY), 1, 'Message recu.', '/messages', 'Message', 'MESSAGE', 44),
(45, DATE_ADD(NOW(), INTERVAL -16 DAY), 0, 'Formation publiee.', '/courses', 'Formation', 'COURSE', 45),
(46, DATE_ADD(NOW(), INTERVAL -15 DAY), 1, 'Nouvelle activite planifiee.', '/calendar', 'Activite', 'ACTIVITY', 46),
(47, DATE_ADD(NOW(), INTERVAL -14 DAY), 1, 'Rapport finalise.', '/reports', 'Rapport', 'REPORT', 47),
(48, DATE_ADD(NOW(), INTERVAL -13 DAY), 1, 'Quiz assigne.', '/quizzes', 'Quiz', 'QUIZ', 48),
(49, DATE_ADD(NOW(), INTERVAL -12 DAY), 0, 'Message recu.', '/messages', 'Message', 'MESSAGE', 49),
(50, DATE_ADD(NOW(), INTERVAL -11 DAY), 1, 'Formation publiee.', '/courses', 'Formation', 'COURSE', 50),
(51, DATE_ADD(NOW(), INTERVAL -10 DAY), 1, 'Nouvelle activite planifiee.', '/calendar', 'Activite', 'ACTIVITY', 51),
(52, DATE_ADD(NOW(), INTERVAL -9 DAY), 1, 'Rapport finalise.', '/reports', 'Rapport', 'REPORT', 52),
(53, DATE_ADD(NOW(), INTERVAL -8 DAY), 0, 'Quiz assigne.', '/quizzes', 'Quiz', 'QUIZ', 53),
(54, DATE_ADD(NOW(), INTERVAL -7 DAY), 1, 'Message recu.', '/messages', 'Message', 'MESSAGE', 54),
(55, DATE_ADD(NOW(), INTERVAL -6 DAY), 1, 'Formation publiee.', '/courses', 'Formation', 'COURSE', 55),
(56, DATE_ADD(NOW(), INTERVAL -5 DAY), 1, 'Nouvelle activite planifiee.', '/calendar', 'Activite', 'ACTIVITY', 56),
(57, DATE_ADD(NOW(), INTERVAL -4 DAY), 0, 'Rapport finalise.', '/reports', 'Rapport', 'REPORT', 57),
(58, DATE_ADD(NOW(), INTERVAL -3 DAY), 1, 'Quiz assigne.', '/quizzes', 'Quiz', 'QUIZ', 58),
(59, DATE_ADD(NOW(), INTERVAL -2 DAY), 1, 'Message recu.', '/messages', 'Message', 'MESSAGE', 59),
(60, DATE_ADD(NOW(), INTERVAL -1 DAY), 1, 'Formation publiee.', '/courses', 'Formation', 'COURSE', 60),
(61, DATE_ADD(NOW(), INTERVAL -30 DAY), 0, 'Nouvelle activite planifiee.', '/calendar', 'Activite', 'ACTIVITY', 61),
(62, DATE_ADD(NOW(), INTERVAL -29 DAY), 1, 'Rapport finalise.', '/reports', 'Rapport', 'REPORT', 62),
(63, DATE_ADD(NOW(), INTERVAL -28 DAY), 1, 'Quiz assigne.', '/quizzes', 'Quiz', 'QUIZ', 63),
(64, DATE_ADD(NOW(), INTERVAL -27 DAY), 1, 'Message recu.', '/messages', 'Message', 'MESSAGE', 64),
(65, DATE_ADD(NOW(), INTERVAL -26 DAY), 0, 'Formation publiee.', '/courses', 'Formation', 'COURSE', 65),
(66, DATE_ADD(NOW(), INTERVAL -25 DAY), 1, 'Nouvelle activite planifiee.', '/calendar', 'Activite', 'ACTIVITY', 66),
(67, DATE_ADD(NOW(), INTERVAL -24 DAY), 1, 'Rapport finalise.', '/reports', 'Rapport', 'REPORT', 67),
(68, DATE_ADD(NOW(), INTERVAL -23 DAY), 1, 'Quiz assigne.', '/quizzes', 'Quiz', 'QUIZ', 68),
(69, DATE_ADD(NOW(), INTERVAL -22 DAY), 0, 'Message recu.', '/messages', 'Message', 'MESSAGE', 69),
(70, DATE_ADD(NOW(), INTERVAL -21 DAY), 1, 'Formation publiee.', '/courses', 'Formation', 'COURSE', 70),
(71, DATE_ADD(NOW(), INTERVAL -20 DAY), 1, 'Nouvelle activite planifiee.', '/calendar', 'Activite', 'ACTIVITY', 71),
(72, DATE_ADD(NOW(), INTERVAL -19 DAY), 1, 'Rapport finalise.', '/reports', 'Rapport', 'REPORT', 72),
(73, DATE_ADD(NOW(), INTERVAL -18 DAY), 0, 'Quiz assigne.', '/quizzes', 'Quiz', 'QUIZ', 73),
(74, DATE_ADD(NOW(), INTERVAL -17 DAY), 1, 'Message recu.', '/messages', 'Message', 'MESSAGE', 74),
(75, DATE_ADD(NOW(), INTERVAL -16 DAY), 1, 'Formation publiee.', '/courses', 'Formation', 'COURSE', 75),
(76, DATE_ADD(NOW(), INTERVAL -15 DAY), 1, 'Nouvelle activite planifiee.', '/calendar', 'Activite', 'ACTIVITY', 76),
(77, DATE_ADD(NOW(), INTERVAL -14 DAY), 0, 'Rapport finalise.', '/reports', 'Rapport', 'REPORT', 77),
(78, DATE_ADD(NOW(), INTERVAL -13 DAY), 1, 'Quiz assigne.', '/quizzes', 'Quiz', 'QUIZ', 78),
(79, DATE_ADD(NOW(), INTERVAL -12 DAY), 1, 'Message recu.', '/messages', 'Message', 'MESSAGE', 79),
(80, DATE_ADD(NOW(), INTERVAL -11 DAY), 1, 'Formation publiee.', '/courses', 'Formation', 'COURSE', 80),
(81, DATE_ADD(NOW(), INTERVAL -10 DAY), 0, 'Nouvelle activite planifiee.', '/calendar', 'Activite', 'ACTIVITY', 81),
(82, DATE_ADD(NOW(), INTERVAL -9 DAY), 1, 'Rapport finalise.', '/reports', 'Rapport', 'REPORT', 82),
(83, DATE_ADD(NOW(), INTERVAL -8 DAY), 1, 'Quiz assigne.', '/quizzes', 'Quiz', 'QUIZ', 83),
(84, DATE_ADD(NOW(), INTERVAL -7 DAY), 1, 'Message recu.', '/messages', 'Message', 'MESSAGE', 84),
(85, DATE_ADD(NOW(), INTERVAL -6 DAY), 0, 'Formation publiee.', '/courses', 'Formation', 'COURSE', 85),
(86, DATE_ADD(NOW(), INTERVAL -5 DAY), 1, 'Nouvelle activite planifiee.', '/calendar', 'Activite', 'ACTIVITY', 86),
(87, DATE_ADD(NOW(), INTERVAL -4 DAY), 1, 'Rapport finalise.', '/reports', 'Rapport', 'REPORT', 87),
(88, DATE_ADD(NOW(), INTERVAL -3 DAY), 1, 'Quiz assigne.', '/quizzes', 'Quiz', 'QUIZ', 88),
(89, DATE_ADD(NOW(), INTERVAL -2 DAY), 0, 'Message recu.', '/messages', 'Message', 'MESSAGE', 89),
(90, DATE_ADD(NOW(), INTERVAL -1 DAY), 1, 'Formation publiee.', '/courses', 'Formation', 'COURSE', 90),
(91, DATE_ADD(NOW(), INTERVAL -30 DAY), 1, 'Nouvelle activite planifiee.', '/calendar', 'Activite', 'ACTIVITY', 91),
(92, DATE_ADD(NOW(), INTERVAL -29 DAY), 1, 'Rapport finalise.', '/reports', 'Rapport', 'REPORT', 92),
(93, DATE_ADD(NOW(), INTERVAL -28 DAY), 0, 'Quiz assigne.', '/quizzes', 'Quiz', 'QUIZ', 93),
(94, DATE_ADD(NOW(), INTERVAL -27 DAY), 1, 'Message recu.', '/messages', 'Message', 'MESSAGE', 94),
(95, DATE_ADD(NOW(), INTERVAL -26 DAY), 1, 'Formation publiee.', '/courses', 'Formation', 'COURSE', 95),
(96, DATE_ADD(NOW(), INTERVAL -25 DAY), 1, 'Nouvelle activite planifiee.', '/calendar', 'Activite', 'ACTIVITY', 96),
(97, DATE_ADD(NOW(), INTERVAL -24 DAY), 0, 'Rapport finalise.', '/reports', 'Rapport', 'REPORT', 97),
(98, DATE_ADD(NOW(), INTERVAL -23 DAY), 1, 'Quiz assigne.', '/quizzes', 'Quiz', 'QUIZ', 98),
(99, DATE_ADD(NOW(), INTERVAL -22 DAY), 1, 'Message recu.', '/messages', 'Message', 'MESSAGE', 99),
(100, DATE_ADD(NOW(), INTERVAL -21 DAY), 1, 'Formation publiee.', '/courses', 'Formation', 'COURSE', 100),
(101, DATE_ADD(NOW(), INTERVAL -20 DAY), 0, 'Nouvelle activite planifiee.', '/calendar', 'Activite', 'ACTIVITY', 1),
(102, DATE_ADD(NOW(), INTERVAL -19 DAY), 1, 'Rapport finalise.', '/reports', 'Rapport', 'REPORT', 2),
(103, DATE_ADD(NOW(), INTERVAL -18 DAY), 1, 'Quiz assigne.', '/quizzes', 'Quiz', 'QUIZ', 3),
(104, DATE_ADD(NOW(), INTERVAL -17 DAY), 1, 'Message recu.', '/messages', 'Message', 'MESSAGE', 4),
(105, DATE_ADD(NOW(), INTERVAL -16 DAY), 0, 'Formation publiee.', '/courses', 'Formation', 'COURSE', 5),
(106, DATE_ADD(NOW(), INTERVAL -15 DAY), 1, 'Nouvelle activite planifiee.', '/calendar', 'Activite', 'ACTIVITY', 6),
(107, DATE_ADD(NOW(), INTERVAL -14 DAY), 1, 'Rapport finalise.', '/reports', 'Rapport', 'REPORT', 7),
(108, DATE_ADD(NOW(), INTERVAL -13 DAY), 1, 'Quiz assigne.', '/quizzes', 'Quiz', 'QUIZ', 8),
(109, DATE_ADD(NOW(), INTERVAL -12 DAY), 0, 'Message recu.', '/messages', 'Message', 'MESSAGE', 9),
(110, DATE_ADD(NOW(), INTERVAL -11 DAY), 1, 'Formation publiee.', '/courses', 'Formation', 'COURSE', 10),
(111, DATE_ADD(NOW(), INTERVAL -10 DAY), 1, 'Nouvelle activite planifiee.', '/calendar', 'Activite', 'ACTIVITY', 11),
(112, DATE_ADD(NOW(), INTERVAL -9 DAY), 1, 'Rapport finalise.', '/reports', 'Rapport', 'REPORT', 12),
(113, DATE_ADD(NOW(), INTERVAL -8 DAY), 0, 'Quiz assigne.', '/quizzes', 'Quiz', 'QUIZ', 13),
(114, DATE_ADD(NOW(), INTERVAL -7 DAY), 1, 'Message recu.', '/messages', 'Message', 'MESSAGE', 14),
(115, DATE_ADD(NOW(), INTERVAL -6 DAY), 1, 'Formation publiee.', '/courses', 'Formation', 'COURSE', 15),
(116, DATE_ADD(NOW(), INTERVAL -5 DAY), 1, 'Nouvelle activite planifiee.', '/calendar', 'Activite', 'ACTIVITY', 16),
(117, DATE_ADD(NOW(), INTERVAL -4 DAY), 0, 'Rapport finalise.', '/reports', 'Rapport', 'REPORT', 17),
(118, DATE_ADD(NOW(), INTERVAL -3 DAY), 1, 'Quiz assigne.', '/quizzes', 'Quiz', 'QUIZ', 18),
(119, DATE_ADD(NOW(), INTERVAL -2 DAY), 1, 'Message recu.', '/messages', 'Message', 'MESSAGE', 19),
(120, DATE_ADD(NOW(), INTERVAL -1 DAY), 1, 'Formation publiee.', '/courses', 'Formation', 'COURSE', 20),
(121, DATE_ADD(NOW(), INTERVAL -30 DAY), 0, 'Nouvelle activite planifiee.', '/calendar', 'Activite', 'ACTIVITY', 21),
(122, DATE_ADD(NOW(), INTERVAL -29 DAY), 1, 'Rapport finalise.', '/reports', 'Rapport', 'REPORT', 22),
(123, DATE_ADD(NOW(), INTERVAL -28 DAY), 1, 'Quiz assigne.', '/quizzes', 'Quiz', 'QUIZ', 23),
(124, DATE_ADD(NOW(), INTERVAL -27 DAY), 1, 'Message recu.', '/messages', 'Message', 'MESSAGE', 24),
(125, DATE_ADD(NOW(), INTERVAL -26 DAY), 0, 'Formation publiee.', '/courses', 'Formation', 'COURSE', 25),
(126, DATE_ADD(NOW(), INTERVAL -25 DAY), 1, 'Nouvelle activite planifiee.', '/calendar', 'Activite', 'ACTIVITY', 26),
(127, DATE_ADD(NOW(), INTERVAL -24 DAY), 1, 'Rapport finalise.', '/reports', 'Rapport', 'REPORT', 27),
(128, DATE_ADD(NOW(), INTERVAL -23 DAY), 1, 'Quiz assigne.', '/quizzes', 'Quiz', 'QUIZ', 28),
(129, DATE_ADD(NOW(), INTERVAL -22 DAY), 0, 'Message recu.', '/messages', 'Message', 'MESSAGE', 29),
(130, DATE_ADD(NOW(), INTERVAL -21 DAY), 1, 'Formation publiee.', '/courses', 'Formation', 'COURSE', 30),
(131, DATE_ADD(NOW(), INTERVAL -20 DAY), 1, 'Nouvelle activite planifiee.', '/calendar', 'Activite', 'ACTIVITY', 31),
(132, DATE_ADD(NOW(), INTERVAL -19 DAY), 1, 'Rapport finalise.', '/reports', 'Rapport', 'REPORT', 32),
(133, DATE_ADD(NOW(), INTERVAL -18 DAY), 0, 'Quiz assigne.', '/quizzes', 'Quiz', 'QUIZ', 33),
(134, DATE_ADD(NOW(), INTERVAL -17 DAY), 1, 'Message recu.', '/messages', 'Message', 'MESSAGE', 34),
(135, DATE_ADD(NOW(), INTERVAL -16 DAY), 1, 'Formation publiee.', '/courses', 'Formation', 'COURSE', 35),
(136, DATE_ADD(NOW(), INTERVAL -15 DAY), 1, 'Nouvelle activite planifiee.', '/calendar', 'Activite', 'ACTIVITY', 36),
(137, DATE_ADD(NOW(), INTERVAL -14 DAY), 0, 'Rapport finalise.', '/reports', 'Rapport', 'REPORT', 37),
(138, DATE_ADD(NOW(), INTERVAL -13 DAY), 1, 'Quiz assigne.', '/quizzes', 'Quiz', 'QUIZ', 38),
(139, DATE_ADD(NOW(), INTERVAL -12 DAY), 1, 'Message recu.', '/messages', 'Message', 'MESSAGE', 39),
(140, DATE_ADD(NOW(), INTERVAL -11 DAY), 1, 'Formation publiee.', '/courses', 'Formation', 'COURSE', 40),
(141, DATE_ADD(NOW(), INTERVAL -10 DAY), 0, 'Nouvelle activite planifiee.', '/calendar', 'Activite', 'ACTIVITY', 41),
(142, DATE_ADD(NOW(), INTERVAL -9 DAY), 1, 'Rapport finalise.', '/reports', 'Rapport', 'REPORT', 42),
(143, DATE_ADD(NOW(), INTERVAL -8 DAY), 1, 'Quiz assigne.', '/quizzes', 'Quiz', 'QUIZ', 43),
(144, DATE_ADD(NOW(), INTERVAL -7 DAY), 1, 'Message recu.', '/messages', 'Message', 'MESSAGE', 44),
(145, DATE_ADD(NOW(), INTERVAL -6 DAY), 0, 'Formation publiee.', '/courses', 'Formation', 'COURSE', 45),
(146, DATE_ADD(NOW(), INTERVAL -5 DAY), 1, 'Nouvelle activite planifiee.', '/calendar', 'Activite', 'ACTIVITY', 46),
(147, DATE_ADD(NOW(), INTERVAL -4 DAY), 1, 'Rapport finalise.', '/reports', 'Rapport', 'REPORT', 47),
(148, DATE_ADD(NOW(), INTERVAL -3 DAY), 1, 'Quiz assigne.', '/quizzes', 'Quiz', 'QUIZ', 48),
(149, DATE_ADD(NOW(), INTERVAL -2 DAY), 0, 'Message recu.', '/messages', 'Message', 'MESSAGE', 49),
(150, DATE_ADD(NOW(), INTERVAL -1 DAY), 1, 'Formation publiee.', '/courses', 'Formation', 'COURSE', 50),
(151, DATE_ADD(NOW(), INTERVAL -30 DAY), 1, 'Nouvelle activite planifiee.', '/calendar', 'Activite', 'ACTIVITY', 51),
(152, DATE_ADD(NOW(), INTERVAL -29 DAY), 1, 'Rapport finalise.', '/reports', 'Rapport', 'REPORT', 52),
(153, DATE_ADD(NOW(), INTERVAL -28 DAY), 0, 'Quiz assigne.', '/quizzes', 'Quiz', 'QUIZ', 53),
(154, DATE_ADD(NOW(), INTERVAL -27 DAY), 1, 'Message recu.', '/messages', 'Message', 'MESSAGE', 54),
(155, DATE_ADD(NOW(), INTERVAL -26 DAY), 1, 'Formation publiee.', '/courses', 'Formation', 'COURSE', 55),
(156, DATE_ADD(NOW(), INTERVAL -25 DAY), 1, 'Nouvelle activite planifiee.', '/calendar', 'Activite', 'ACTIVITY', 56),
(157, DATE_ADD(NOW(), INTERVAL -24 DAY), 0, 'Rapport finalise.', '/reports', 'Rapport', 'REPORT', 57),
(158, DATE_ADD(NOW(), INTERVAL -23 DAY), 1, 'Quiz assigne.', '/quizzes', 'Quiz', 'QUIZ', 58),
(159, DATE_ADD(NOW(), INTERVAL -22 DAY), 1, 'Message recu.', '/messages', 'Message', 'MESSAGE', 59),
(160, DATE_ADD(NOW(), INTERVAL -21 DAY), 1, 'Formation publiee.', '/courses', 'Formation', 'COURSE', 60),
(161, DATE_ADD(NOW(), INTERVAL -20 DAY), 0, 'Nouvelle activite planifiee.', '/calendar', 'Activite', 'ACTIVITY', 61),
(162, DATE_ADD(NOW(), INTERVAL -19 DAY), 1, 'Rapport finalise.', '/reports', 'Rapport', 'REPORT', 62),
(163, DATE_ADD(NOW(), INTERVAL -18 DAY), 1, 'Quiz assigne.', '/quizzes', 'Quiz', 'QUIZ', 63),
(164, DATE_ADD(NOW(), INTERVAL -17 DAY), 1, 'Message recu.', '/messages', 'Message', 'MESSAGE', 64),
(165, DATE_ADD(NOW(), INTERVAL -16 DAY), 0, 'Formation publiee.', '/courses', 'Formation', 'COURSE', 65),
(166, DATE_ADD(NOW(), INTERVAL -15 DAY), 1, 'Nouvelle activite planifiee.', '/calendar', 'Activite', 'ACTIVITY', 66),
(167, DATE_ADD(NOW(), INTERVAL -14 DAY), 1, 'Rapport finalise.', '/reports', 'Rapport', 'REPORT', 67),
(168, DATE_ADD(NOW(), INTERVAL -13 DAY), 1, 'Quiz assigne.', '/quizzes', 'Quiz', 'QUIZ', 68),
(169, DATE_ADD(NOW(), INTERVAL -12 DAY), 0, 'Message recu.', '/messages', 'Message', 'MESSAGE', 69),
(170, DATE_ADD(NOW(), INTERVAL -11 DAY), 1, 'Formation publiee.', '/courses', 'Formation', 'COURSE', 70),
(171, DATE_ADD(NOW(), INTERVAL -10 DAY), 1, 'Nouvelle activite planifiee.', '/calendar', 'Activite', 'ACTIVITY', 71),
(172, DATE_ADD(NOW(), INTERVAL -9 DAY), 1, 'Rapport finalise.', '/reports', 'Rapport', 'REPORT', 72),
(173, DATE_ADD(NOW(), INTERVAL -8 DAY), 0, 'Quiz assigne.', '/quizzes', 'Quiz', 'QUIZ', 73),
(174, DATE_ADD(NOW(), INTERVAL -7 DAY), 1, 'Message recu.', '/messages', 'Message', 'MESSAGE', 74),
(175, DATE_ADD(NOW(), INTERVAL -6 DAY), 1, 'Formation publiee.', '/courses', 'Formation', 'COURSE', 75),
(176, DATE_ADD(NOW(), INTERVAL -5 DAY), 1, 'Nouvelle activite planifiee.', '/calendar', 'Activite', 'ACTIVITY', 76),
(177, DATE_ADD(NOW(), INTERVAL -4 DAY), 0, 'Rapport finalise.', '/reports', 'Rapport', 'REPORT', 77),
(178, DATE_ADD(NOW(), INTERVAL -3 DAY), 1, 'Quiz assigne.', '/quizzes', 'Quiz', 'QUIZ', 78),
(179, DATE_ADD(NOW(), INTERVAL -2 DAY), 1, 'Message recu.', '/messages', 'Message', 'MESSAGE', 79),
(180, DATE_ADD(NOW(), INTERVAL -1 DAY), 1, 'Formation publiee.', '/courses', 'Formation', 'COURSE', 80),
(181, DATE_ADD(NOW(), INTERVAL -30 DAY), 0, 'Nouvelle activite planifiee.', '/calendar', 'Activite', 'ACTIVITY', 81),
(182, DATE_ADD(NOW(), INTERVAL -29 DAY), 1, 'Rapport finalise.', '/reports', 'Rapport', 'REPORT', 82),
(183, DATE_ADD(NOW(), INTERVAL -28 DAY), 1, 'Quiz assigne.', '/quizzes', 'Quiz', 'QUIZ', 83),
(184, DATE_ADD(NOW(), INTERVAL -27 DAY), 1, 'Message recu.', '/messages', 'Message', 'MESSAGE', 84),
(185, DATE_ADD(NOW(), INTERVAL -26 DAY), 0, 'Formation publiee.', '/courses', 'Formation', 'COURSE', 85),
(186, DATE_ADD(NOW(), INTERVAL -25 DAY), 1, 'Nouvelle activite planifiee.', '/calendar', 'Activite', 'ACTIVITY', 86),
(187, DATE_ADD(NOW(), INTERVAL -24 DAY), 1, 'Rapport finalise.', '/reports', 'Rapport', 'REPORT', 87),
(188, DATE_ADD(NOW(), INTERVAL -23 DAY), 1, 'Quiz assigne.', '/quizzes', 'Quiz', 'QUIZ', 88),
(189, DATE_ADD(NOW(), INTERVAL -22 DAY), 0, 'Message recu.', '/messages', 'Message', 'MESSAGE', 89),
(190, DATE_ADD(NOW(), INTERVAL -21 DAY), 1, 'Formation publiee.', '/courses', 'Formation', 'COURSE', 90),
(191, DATE_ADD(NOW(), INTERVAL -20 DAY), 1, 'Nouvelle activite planifiee.', '/calendar', 'Activite', 'ACTIVITY', 91),
(192, DATE_ADD(NOW(), INTERVAL -19 DAY), 1, 'Rapport finalise.', '/reports', 'Rapport', 'REPORT', 92),
(193, DATE_ADD(NOW(), INTERVAL -18 DAY), 0, 'Quiz assigne.', '/quizzes', 'Quiz', 'QUIZ', 93),
(194, DATE_ADD(NOW(), INTERVAL -17 DAY), 1, 'Message recu.', '/messages', 'Message', 'MESSAGE', 94),
(195, DATE_ADD(NOW(), INTERVAL -16 DAY), 1, 'Formation publiee.', '/courses', 'Formation', 'COURSE', 95),
(196, DATE_ADD(NOW(), INTERVAL -15 DAY), 1, 'Nouvelle activite planifiee.', '/calendar', 'Activite', 'ACTIVITY', 96),
(197, DATE_ADD(NOW(), INTERVAL -14 DAY), 0, 'Rapport finalise.', '/reports', 'Rapport', 'REPORT', 97),
(198, DATE_ADD(NOW(), INTERVAL -13 DAY), 1, 'Quiz assigne.', '/quizzes', 'Quiz', 'QUIZ', 98),
(199, DATE_ADD(NOW(), INTERVAL -12 DAY), 1, 'Message recu.', '/messages', 'Message', 'MESSAGE', 99),
(200, DATE_ADD(NOW(), INTERVAL -11 DAY), 1, 'Formation publiee.', '/courses', 'Formation', 'COURSE', 100),
(201, DATE_ADD(NOW(), INTERVAL -10 DAY), 0, 'Nouvelle activite planifiee.', '/calendar', 'Activite', 'ACTIVITY', 1),
(202, DATE_ADD(NOW(), INTERVAL -9 DAY), 1, 'Rapport finalise.', '/reports', 'Rapport', 'REPORT', 2),
(203, DATE_ADD(NOW(), INTERVAL -8 DAY), 1, 'Quiz assigne.', '/quizzes', 'Quiz', 'QUIZ', 3),
(204, DATE_ADD(NOW(), INTERVAL -7 DAY), 1, 'Message recu.', '/messages', 'Message', 'MESSAGE', 4),
(205, DATE_ADD(NOW(), INTERVAL -6 DAY), 0, 'Formation publiee.', '/courses', 'Formation', 'COURSE', 5),
(206, DATE_ADD(NOW(), INTERVAL -5 DAY), 1, 'Nouvelle activite planifiee.', '/calendar', 'Activite', 'ACTIVITY', 6),
(207, DATE_ADD(NOW(), INTERVAL -4 DAY), 1, 'Rapport finalise.', '/reports', 'Rapport', 'REPORT', 7),
(208, DATE_ADD(NOW(), INTERVAL -3 DAY), 1, 'Quiz assigne.', '/quizzes', 'Quiz', 'QUIZ', 8),
(209, DATE_ADD(NOW(), INTERVAL -2 DAY), 0, 'Message recu.', '/messages', 'Message', 'MESSAGE', 9),
(210, DATE_ADD(NOW(), INTERVAL -1 DAY), 1, 'Formation publiee.', '/courses', 'Formation', 'COURSE', 10),
(211, DATE_ADD(NOW(), INTERVAL -30 DAY), 1, 'Nouvelle activite planifiee.', '/calendar', 'Activite', 'ACTIVITY', 11),
(212, DATE_ADD(NOW(), INTERVAL -29 DAY), 1, 'Rapport finalise.', '/reports', 'Rapport', 'REPORT', 12),
(213, DATE_ADD(NOW(), INTERVAL -28 DAY), 0, 'Quiz assigne.', '/quizzes', 'Quiz', 'QUIZ', 13),
(214, DATE_ADD(NOW(), INTERVAL -27 DAY), 1, 'Message recu.', '/messages', 'Message', 'MESSAGE', 14),
(215, DATE_ADD(NOW(), INTERVAL -26 DAY), 1, 'Formation publiee.', '/courses', 'Formation', 'COURSE', 15),
(216, DATE_ADD(NOW(), INTERVAL -25 DAY), 1, 'Nouvelle activite planifiee.', '/calendar', 'Activite', 'ACTIVITY', 16),
(217, DATE_ADD(NOW(), INTERVAL -24 DAY), 0, 'Rapport finalise.', '/reports', 'Rapport', 'REPORT', 17),
(218, DATE_ADD(NOW(), INTERVAL -23 DAY), 1, 'Quiz assigne.', '/quizzes', 'Quiz', 'QUIZ', 18),
(219, DATE_ADD(NOW(), INTERVAL -22 DAY), 1, 'Message recu.', '/messages', 'Message', 'MESSAGE', 19),
(220, DATE_ADD(NOW(), INTERVAL -21 DAY), 1, 'Formation publiee.', '/courses', 'Formation', 'COURSE', 20);

INSERT INTO action_logs (id, action_type, created_at, description, entity_id, entity_type, ip_address, user_id) VALUES

(1, 'LOGIN', DATE_ADD(NOW(), INTERVAL -45 DAY), 'Operation 1 effectuee dans l''environnement de demonstration.', '1', 'User', '192.168.1.10', 1),
(2, 'CREATE', DATE_ADD(NOW(), INTERVAL -44 DAY), 'Operation 2 effectuee dans l''environnement de demonstration.', '2', 'Activity', '192.168.1.11', 2),
(3, 'UPDATE', DATE_ADD(NOW(), INTERVAL -43 DAY), 'Operation 3 effectuee dans l''environnement de demonstration.', '3', 'Report', '192.168.1.12', 3),
(4, 'EXPORT', DATE_ADD(NOW(), INTERVAL -42 DAY), 'Operation 4 effectuee dans l''environnement de demonstration.', '4', 'Quiz', '192.168.1.13', 4),
(5, 'LOGIN', DATE_ADD(NOW(), INTERVAL -41 DAY), 'Operation 5 effectuee dans l''environnement de demonstration.', '5', 'Course', '192.168.1.14', 5),
(6, 'CREATE', DATE_ADD(NOW(), INTERVAL -40 DAY), 'Operation 6 effectuee dans l''environnement de demonstration.', '6', 'User', '192.168.1.15', 6),
(7, 'UPDATE', DATE_ADD(NOW(), INTERVAL -39 DAY), 'Operation 7 effectuee dans l''environnement de demonstration.', '7', 'Activity', '192.168.1.16', 7),
(8, 'EXPORT', DATE_ADD(NOW(), INTERVAL -38 DAY), 'Operation 8 effectuee dans l''environnement de demonstration.', '8', 'Report', '192.168.1.17', 8),
(9, 'LOGIN', DATE_ADD(NOW(), INTERVAL -37 DAY), 'Operation 9 effectuee dans l''environnement de demonstration.', '9', 'Quiz', '192.168.1.18', 9),
(10, 'CREATE', DATE_ADD(NOW(), INTERVAL -36 DAY), 'Operation 10 effectuee dans l''environnement de demonstration.', '10', 'Course', '192.168.1.19', 10),
(11, 'UPDATE', DATE_ADD(NOW(), INTERVAL -35 DAY), 'Operation 11 effectuee dans l''environnement de demonstration.', '11', 'User', '192.168.1.20', 11),
(12, 'EXPORT', DATE_ADD(NOW(), INTERVAL -34 DAY), 'Operation 12 effectuee dans l''environnement de demonstration.', '12', 'Activity', '192.168.1.21', 12),
(13, 'LOGIN', DATE_ADD(NOW(), INTERVAL -33 DAY), 'Operation 13 effectuee dans l''environnement de demonstration.', '13', 'Report', '192.168.1.22', 13),
(14, 'CREATE', DATE_ADD(NOW(), INTERVAL -32 DAY), 'Operation 14 effectuee dans l''environnement de demonstration.', '14', 'Quiz', '192.168.1.23', 14),
(15, 'UPDATE', DATE_ADD(NOW(), INTERVAL -31 DAY), 'Operation 15 effectuee dans l''environnement de demonstration.', '15', 'Course', '192.168.1.24', 15),
(16, 'EXPORT', DATE_ADD(NOW(), INTERVAL -30 DAY), 'Operation 16 effectuee dans l''environnement de demonstration.', '16', 'User', '192.168.1.25', 16),
(17, 'LOGIN', DATE_ADD(NOW(), INTERVAL -29 DAY), 'Operation 17 effectuee dans l''environnement de demonstration.', '17', 'Activity', '192.168.1.26', 17),
(18, 'CREATE', DATE_ADD(NOW(), INTERVAL -28 DAY), 'Operation 18 effectuee dans l''environnement de demonstration.', '18', 'Report', '192.168.1.27', 18),
(19, 'UPDATE', DATE_ADD(NOW(), INTERVAL -27 DAY), 'Operation 19 effectuee dans l''environnement de demonstration.', '19', 'Quiz', '192.168.1.28', 19),
(20, 'EXPORT', DATE_ADD(NOW(), INTERVAL -26 DAY), 'Operation 20 effectuee dans l''environnement de demonstration.', '20', 'Course', '192.168.1.29', 20),
(21, 'LOGIN', DATE_ADD(NOW(), INTERVAL -25 DAY), 'Operation 21 effectuee dans l''environnement de demonstration.', '21', 'User', '192.168.1.30', 21),
(22, 'CREATE', DATE_ADD(NOW(), INTERVAL -24 DAY), 'Operation 22 effectuee dans l''environnement de demonstration.', '22', 'Activity', '192.168.1.31', 22),
(23, 'UPDATE', DATE_ADD(NOW(), INTERVAL -23 DAY), 'Operation 23 effectuee dans l''environnement de demonstration.', '23', 'Report', '192.168.1.32', 23),
(24, 'EXPORT', DATE_ADD(NOW(), INTERVAL -22 DAY), 'Operation 24 effectuee dans l''environnement de demonstration.', '24', 'Quiz', '192.168.1.33', 24),
(25, 'LOGIN', DATE_ADD(NOW(), INTERVAL -21 DAY), 'Operation 25 effectuee dans l''environnement de demonstration.', '25', 'Course', '192.168.1.34', 25),
(26, 'CREATE', DATE_ADD(NOW(), INTERVAL -20 DAY), 'Operation 26 effectuee dans l''environnement de demonstration.', '26', 'User', '192.168.1.35', 26),
(27, 'UPDATE', DATE_ADD(NOW(), INTERVAL -19 DAY), 'Operation 27 effectuee dans l''environnement de demonstration.', '27', 'Activity', '192.168.1.36', 27),
(28, 'EXPORT', DATE_ADD(NOW(), INTERVAL -18 DAY), 'Operation 28 effectuee dans l''environnement de demonstration.', '28', 'Report', '192.168.1.37', 28),
(29, 'LOGIN', DATE_ADD(NOW(), INTERVAL -17 DAY), 'Operation 29 effectuee dans l''environnement de demonstration.', '29', 'Quiz', '192.168.1.38', 29),
(30, 'CREATE', DATE_ADD(NOW(), INTERVAL -16 DAY), 'Operation 30 effectuee dans l''environnement de demonstration.', '30', 'Course', '192.168.1.39', 30),
(31, 'UPDATE', DATE_ADD(NOW(), INTERVAL -15 DAY), 'Operation 31 effectuee dans l''environnement de demonstration.', '31', 'User', '192.168.1.40', 31),
(32, 'EXPORT', DATE_ADD(NOW(), INTERVAL -14 DAY), 'Operation 32 effectuee dans l''environnement de demonstration.', '32', 'Activity', '192.168.1.41', 32),
(33, 'LOGIN', DATE_ADD(NOW(), INTERVAL -13 DAY), 'Operation 33 effectuee dans l''environnement de demonstration.', '33', 'Report', '192.168.1.42', 33),
(34, 'CREATE', DATE_ADD(NOW(), INTERVAL -12 DAY), 'Operation 34 effectuee dans l''environnement de demonstration.', '34', 'Quiz', '192.168.1.43', 34),
(35, 'UPDATE', DATE_ADD(NOW(), INTERVAL -11 DAY), 'Operation 35 effectuee dans l''environnement de demonstration.', '35', 'Course', '192.168.1.44', 35),
(36, 'EXPORT', DATE_ADD(NOW(), INTERVAL -10 DAY), 'Operation 36 effectuee dans l''environnement de demonstration.', '36', 'User', '192.168.1.45', 36),
(37, 'LOGIN', DATE_ADD(NOW(), INTERVAL -9 DAY), 'Operation 37 effectuee dans l''environnement de demonstration.', '37', 'Activity', '192.168.1.46', 37),
(38, 'CREATE', DATE_ADD(NOW(), INTERVAL -8 DAY), 'Operation 38 effectuee dans l''environnement de demonstration.', '38', 'Report', '192.168.1.47', 38),
(39, 'UPDATE', DATE_ADD(NOW(), INTERVAL -7 DAY), 'Operation 39 effectuee dans l''environnement de demonstration.', '39', 'Quiz', '192.168.1.48', 39),
(40, 'EXPORT', DATE_ADD(NOW(), INTERVAL -6 DAY), 'Operation 40 effectuee dans l''environnement de demonstration.', '40', 'Course', '192.168.1.49', 40),
(41, 'LOGIN', DATE_ADD(NOW(), INTERVAL -5 DAY), 'Operation 41 effectuee dans l''environnement de demonstration.', '41', 'User', '192.168.1.50', 41),
(42, 'CREATE', DATE_ADD(NOW(), INTERVAL -4 DAY), 'Operation 42 effectuee dans l''environnement de demonstration.', '42', 'Activity', '192.168.1.51', 42),
(43, 'UPDATE', DATE_ADD(NOW(), INTERVAL -3 DAY), 'Operation 43 effectuee dans l''environnement de demonstration.', '43', 'Report', '192.168.1.52', 43),
(44, 'EXPORT', DATE_ADD(NOW(), INTERVAL -2 DAY), 'Operation 44 effectuee dans l''environnement de demonstration.', '44', 'Quiz', '192.168.1.53', 44),
(45, 'LOGIN', DATE_ADD(NOW(), INTERVAL -1 DAY), 'Operation 45 effectuee dans l''environnement de demonstration.', '45', 'Course', '192.168.1.54', 45),
(46, 'CREATE', DATE_ADD(NOW(), INTERVAL -45 DAY), 'Operation 46 effectuee dans l''environnement de demonstration.', '46', 'User', '192.168.1.55', 46),
(47, 'UPDATE', DATE_ADD(NOW(), INTERVAL -44 DAY), 'Operation 47 effectuee dans l''environnement de demonstration.', '47', 'Activity', '192.168.1.56', 47),
(48, 'EXPORT', DATE_ADD(NOW(), INTERVAL -43 DAY), 'Operation 48 effectuee dans l''environnement de demonstration.', '48', 'Report', '192.168.1.57', 48),
(49, 'LOGIN', DATE_ADD(NOW(), INTERVAL -42 DAY), 'Operation 49 effectuee dans l''environnement de demonstration.', '49', 'Quiz', '192.168.1.58', 49),
(50, 'CREATE', DATE_ADD(NOW(), INTERVAL -41 DAY), 'Operation 50 effectuee dans l''environnement de demonstration.', '50', 'Course', '192.168.1.59', 50),
(51, 'UPDATE', DATE_ADD(NOW(), INTERVAL -40 DAY), 'Operation 51 effectuee dans l''environnement de demonstration.', '51', 'User', '192.168.1.60', 51),
(52, 'EXPORT', DATE_ADD(NOW(), INTERVAL -39 DAY), 'Operation 52 effectuee dans l''environnement de demonstration.', '52', 'Activity', '192.168.1.61', 52),
(53, 'LOGIN', DATE_ADD(NOW(), INTERVAL -38 DAY), 'Operation 53 effectuee dans l''environnement de demonstration.', '53', 'Report', '192.168.1.62', 53),
(54, 'CREATE', DATE_ADD(NOW(), INTERVAL -37 DAY), 'Operation 54 effectuee dans l''environnement de demonstration.', '54', 'Quiz', '192.168.1.63', 54),
(55, 'UPDATE', DATE_ADD(NOW(), INTERVAL -36 DAY), 'Operation 55 effectuee dans l''environnement de demonstration.', '55', 'Course', '192.168.1.64', 55),
(56, 'EXPORT', DATE_ADD(NOW(), INTERVAL -35 DAY), 'Operation 56 effectuee dans l''environnement de demonstration.', '56', 'User', '192.168.1.65', 56),
(57, 'LOGIN', DATE_ADD(NOW(), INTERVAL -34 DAY), 'Operation 57 effectuee dans l''environnement de demonstration.', '57', 'Activity', '192.168.1.66', 57),
(58, 'CREATE', DATE_ADD(NOW(), INTERVAL -33 DAY), 'Operation 58 effectuee dans l''environnement de demonstration.', '58', 'Report', '192.168.1.67', 58),
(59, 'UPDATE', DATE_ADD(NOW(), INTERVAL -32 DAY), 'Operation 59 effectuee dans l''environnement de demonstration.', '59', 'Quiz', '192.168.1.68', 59),
(60, 'EXPORT', DATE_ADD(NOW(), INTERVAL -31 DAY), 'Operation 60 effectuee dans l''environnement de demonstration.', '60', 'Course', '192.168.1.69', 60),
(61, 'LOGIN', DATE_ADD(NOW(), INTERVAL -30 DAY), 'Operation 61 effectuee dans l''environnement de demonstration.', '61', 'User', '192.168.1.70', 61),
(62, 'CREATE', DATE_ADD(NOW(), INTERVAL -29 DAY), 'Operation 62 effectuee dans l''environnement de demonstration.', '62', 'Activity', '192.168.1.71', 62),
(63, 'UPDATE', DATE_ADD(NOW(), INTERVAL -28 DAY), 'Operation 63 effectuee dans l''environnement de demonstration.', '63', 'Report', '192.168.1.72', 63),
(64, 'EXPORT', DATE_ADD(NOW(), INTERVAL -27 DAY), 'Operation 64 effectuee dans l''environnement de demonstration.', '64', 'Quiz', '192.168.1.73', 64),
(65, 'LOGIN', DATE_ADD(NOW(), INTERVAL -26 DAY), 'Operation 65 effectuee dans l''environnement de demonstration.', '65', 'Course', '192.168.1.74', 65),
(66, 'CREATE', DATE_ADD(NOW(), INTERVAL -25 DAY), 'Operation 66 effectuee dans l''environnement de demonstration.', '66', 'User', '192.168.1.75', 66),
(67, 'UPDATE', DATE_ADD(NOW(), INTERVAL -24 DAY), 'Operation 67 effectuee dans l''environnement de demonstration.', '67', 'Activity', '192.168.1.76', 67),
(68, 'EXPORT', DATE_ADD(NOW(), INTERVAL -23 DAY), 'Operation 68 effectuee dans l''environnement de demonstration.', '68', 'Report', '192.168.1.77', 68),
(69, 'LOGIN', DATE_ADD(NOW(), INTERVAL -22 DAY), 'Operation 69 effectuee dans l''environnement de demonstration.', '69', 'Quiz', '192.168.1.78', 69),
(70, 'CREATE', DATE_ADD(NOW(), INTERVAL -21 DAY), 'Operation 70 effectuee dans l''environnement de demonstration.', '70', 'Course', '192.168.1.79', 70),
(71, 'UPDATE', DATE_ADD(NOW(), INTERVAL -20 DAY), 'Operation 71 effectuee dans l''environnement de demonstration.', '71', 'User', '192.168.1.80', 71),
(72, 'EXPORT', DATE_ADD(NOW(), INTERVAL -19 DAY), 'Operation 72 effectuee dans l''environnement de demonstration.', '72', 'Activity', '192.168.1.81', 72),
(73, 'LOGIN', DATE_ADD(NOW(), INTERVAL -18 DAY), 'Operation 73 effectuee dans l''environnement de demonstration.', '73', 'Report', '192.168.1.82', 73),
(74, 'CREATE', DATE_ADD(NOW(), INTERVAL -17 DAY), 'Operation 74 effectuee dans l''environnement de demonstration.', '74', 'Quiz', '192.168.1.83', 74),
(75, 'UPDATE', DATE_ADD(NOW(), INTERVAL -16 DAY), 'Operation 75 effectuee dans l''environnement de demonstration.', '75', 'Course', '192.168.1.84', 75),
(76, 'EXPORT', DATE_ADD(NOW(), INTERVAL -15 DAY), 'Operation 76 effectuee dans l''environnement de demonstration.', '76', 'User', '192.168.1.85', 76),
(77, 'LOGIN', DATE_ADD(NOW(), INTERVAL -14 DAY), 'Operation 77 effectuee dans l''environnement de demonstration.', '77', 'Activity', '192.168.1.86', 77),
(78, 'CREATE', DATE_ADD(NOW(), INTERVAL -13 DAY), 'Operation 78 effectuee dans l''environnement de demonstration.', '78', 'Report', '192.168.1.87', 78),
(79, 'UPDATE', DATE_ADD(NOW(), INTERVAL -12 DAY), 'Operation 79 effectuee dans l''environnement de demonstration.', '79', 'Quiz', '192.168.1.88', 79),
(80, 'EXPORT', DATE_ADD(NOW(), INTERVAL -11 DAY), 'Operation 80 effectuee dans l''environnement de demonstration.', '80', 'Course', '192.168.1.89', 80),
(81, 'LOGIN', DATE_ADD(NOW(), INTERVAL -10 DAY), 'Operation 81 effectuee dans l''environnement de demonstration.', '81', 'User', '192.168.1.90', 81),
(82, 'CREATE', DATE_ADD(NOW(), INTERVAL -9 DAY), 'Operation 82 effectuee dans l''environnement de demonstration.', '82', 'Activity', '192.168.1.91', 82),
(83, 'UPDATE', DATE_ADD(NOW(), INTERVAL -8 DAY), 'Operation 83 effectuee dans l''environnement de demonstration.', '83', 'Report', '192.168.1.92', 83),
(84, 'EXPORT', DATE_ADD(NOW(), INTERVAL -7 DAY), 'Operation 84 effectuee dans l''environnement de demonstration.', '84', 'Quiz', '192.168.1.93', 84),
(85, 'LOGIN', DATE_ADD(NOW(), INTERVAL -6 DAY), 'Operation 85 effectuee dans l''environnement de demonstration.', '85', 'Course', '192.168.1.94', 85),
(86, 'CREATE', DATE_ADD(NOW(), INTERVAL -5 DAY), 'Operation 86 effectuee dans l''environnement de demonstration.', '86', 'User', '192.168.1.95', 86),
(87, 'UPDATE', DATE_ADD(NOW(), INTERVAL -4 DAY), 'Operation 87 effectuee dans l''environnement de demonstration.', '87', 'Activity', '192.168.1.96', 87),
(88, 'EXPORT', DATE_ADD(NOW(), INTERVAL -3 DAY), 'Operation 88 effectuee dans l''environnement de demonstration.', '88', 'Report', '192.168.1.97', 88),
(89, 'LOGIN', DATE_ADD(NOW(), INTERVAL -2 DAY), 'Operation 89 effectuee dans l''environnement de demonstration.', '89', 'Quiz', '192.168.1.98', 89),
(90, 'CREATE', DATE_ADD(NOW(), INTERVAL -1 DAY), 'Operation 90 effectuee dans l''environnement de demonstration.', '90', 'Course', '192.168.1.99', 90),
(91, 'UPDATE', DATE_ADD(NOW(), INTERVAL -45 DAY), 'Operation 91 effectuee dans l''environnement de demonstration.', '91', 'User', '192.168.1.100', 91),
(92, 'EXPORT', DATE_ADD(NOW(), INTERVAL -44 DAY), 'Operation 92 effectuee dans l''environnement de demonstration.', '92', 'Activity', '192.168.1.101', 92),
(93, 'LOGIN', DATE_ADD(NOW(), INTERVAL -43 DAY), 'Operation 93 effectuee dans l''environnement de demonstration.', '93', 'Report', '192.168.1.102', 93),
(94, 'CREATE', DATE_ADD(NOW(), INTERVAL -42 DAY), 'Operation 94 effectuee dans l''environnement de demonstration.', '94', 'Quiz', '192.168.1.103', 94),
(95, 'UPDATE', DATE_ADD(NOW(), INTERVAL -41 DAY), 'Operation 95 effectuee dans l''environnement de demonstration.', '95', 'Course', '192.168.1.104', 95),
(96, 'EXPORT', DATE_ADD(NOW(), INTERVAL -40 DAY), 'Operation 96 effectuee dans l''environnement de demonstration.', '96', 'User', '192.168.1.105', 96),
(97, 'LOGIN', DATE_ADD(NOW(), INTERVAL -39 DAY), 'Operation 97 effectuee dans l''environnement de demonstration.', '97', 'Activity', '192.168.1.106', 97),
(98, 'CREATE', DATE_ADD(NOW(), INTERVAL -38 DAY), 'Operation 98 effectuee dans l''environnement de demonstration.', '98', 'Report', '192.168.1.107', 98),
(99, 'UPDATE', DATE_ADD(NOW(), INTERVAL -37 DAY), 'Operation 99 effectuee dans l''environnement de demonstration.', '99', 'Quiz', '192.168.1.108', 99),
(100, 'EXPORT', DATE_ADD(NOW(), INTERVAL -36 DAY), 'Operation 100 effectuee dans l''environnement de demonstration.', '100', 'Course', '192.168.1.109', 100),
(101, 'LOGIN', DATE_ADD(NOW(), INTERVAL -35 DAY), 'Operation 101 effectuee dans l''environnement de demonstration.', '101', 'User', '192.168.1.110', 1),
(102, 'CREATE', DATE_ADD(NOW(), INTERVAL -34 DAY), 'Operation 102 effectuee dans l''environnement de demonstration.', '102', 'Activity', '192.168.1.111', 2),
(103, 'UPDATE', DATE_ADD(NOW(), INTERVAL -33 DAY), 'Operation 103 effectuee dans l''environnement de demonstration.', '103', 'Report', '192.168.1.112', 3),
(104, 'EXPORT', DATE_ADD(NOW(), INTERVAL -32 DAY), 'Operation 104 effectuee dans l''environnement de demonstration.', '104', 'Quiz', '192.168.1.113', 4),
(105, 'LOGIN', DATE_ADD(NOW(), INTERVAL -31 DAY), 'Operation 105 effectuee dans l''environnement de demonstration.', '105', 'Course', '192.168.1.114', 5),
(106, 'CREATE', DATE_ADD(NOW(), INTERVAL -30 DAY), 'Operation 106 effectuee dans l''environnement de demonstration.', '106', 'User', '192.168.1.115', 6),
(107, 'UPDATE', DATE_ADD(NOW(), INTERVAL -29 DAY), 'Operation 107 effectuee dans l''environnement de demonstration.', '107', 'Activity', '192.168.1.116', 7),
(108, 'EXPORT', DATE_ADD(NOW(), INTERVAL -28 DAY), 'Operation 108 effectuee dans l''environnement de demonstration.', '108', 'Report', '192.168.1.117', 8),
(109, 'LOGIN', DATE_ADD(NOW(), INTERVAL -27 DAY), 'Operation 109 effectuee dans l''environnement de demonstration.', '109', 'Quiz', '192.168.1.118', 9),
(110, 'CREATE', DATE_ADD(NOW(), INTERVAL -26 DAY), 'Operation 110 effectuee dans l''environnement de demonstration.', '110', 'Course', '192.168.1.119', 10),
(111, 'UPDATE', DATE_ADD(NOW(), INTERVAL -25 DAY), 'Operation 111 effectuee dans l''environnement de demonstration.', '111', 'User', '192.168.1.120', 11),
(112, 'EXPORT', DATE_ADD(NOW(), INTERVAL -24 DAY), 'Operation 112 effectuee dans l''environnement de demonstration.', '112', 'Activity', '192.168.1.121', 12),
(113, 'LOGIN', DATE_ADD(NOW(), INTERVAL -23 DAY), 'Operation 113 effectuee dans l''environnement de demonstration.', '113', 'Report', '192.168.1.122', 13),
(114, 'CREATE', DATE_ADD(NOW(), INTERVAL -22 DAY), 'Operation 114 effectuee dans l''environnement de demonstration.', '114', 'Quiz', '192.168.1.123', 14),
(115, 'UPDATE', DATE_ADD(NOW(), INTERVAL -21 DAY), 'Operation 115 effectuee dans l''environnement de demonstration.', '115', 'Course', '192.168.1.124', 15),
(116, 'EXPORT', DATE_ADD(NOW(), INTERVAL -20 DAY), 'Operation 116 effectuee dans l''environnement de demonstration.', '116', 'User', '192.168.1.125', 16),
(117, 'LOGIN', DATE_ADD(NOW(), INTERVAL -19 DAY), 'Operation 117 effectuee dans l''environnement de demonstration.', '117', 'Activity', '192.168.1.126', 17),
(118, 'CREATE', DATE_ADD(NOW(), INTERVAL -18 DAY), 'Operation 118 effectuee dans l''environnement de demonstration.', '118', 'Report', '192.168.1.127', 18),
(119, 'UPDATE', DATE_ADD(NOW(), INTERVAL -17 DAY), 'Operation 119 effectuee dans l''environnement de demonstration.', '119', 'Quiz', '192.168.1.128', 19),
(120, 'EXPORT', DATE_ADD(NOW(), INTERVAL -16 DAY), 'Operation 120 effectuee dans l''environnement de demonstration.', '120', 'Course', '192.168.1.129', 20),
(121, 'LOGIN', DATE_ADD(NOW(), INTERVAL -15 DAY), 'Operation 121 effectuee dans l''environnement de demonstration.', '1', 'User', '192.168.1.130', 21),
(122, 'CREATE', DATE_ADD(NOW(), INTERVAL -14 DAY), 'Operation 122 effectuee dans l''environnement de demonstration.', '2', 'Activity', '192.168.1.131', 22),
(123, 'UPDATE', DATE_ADD(NOW(), INTERVAL -13 DAY), 'Operation 123 effectuee dans l''environnement de demonstration.', '3', 'Report', '192.168.1.132', 23),
(124, 'EXPORT', DATE_ADD(NOW(), INTERVAL -12 DAY), 'Operation 124 effectuee dans l''environnement de demonstration.', '4', 'Quiz', '192.168.1.133', 24),
(125, 'LOGIN', DATE_ADD(NOW(), INTERVAL -11 DAY), 'Operation 125 effectuee dans l''environnement de demonstration.', '5', 'Course', '192.168.1.134', 25),
(126, 'CREATE', DATE_ADD(NOW(), INTERVAL -10 DAY), 'Operation 126 effectuee dans l''environnement de demonstration.', '6', 'User', '192.168.1.135', 26),
(127, 'UPDATE', DATE_ADD(NOW(), INTERVAL -9 DAY), 'Operation 127 effectuee dans l''environnement de demonstration.', '7', 'Activity', '192.168.1.136', 27),
(128, 'EXPORT', DATE_ADD(NOW(), INTERVAL -8 DAY), 'Operation 128 effectuee dans l''environnement de demonstration.', '8', 'Report', '192.168.1.137', 28),
(129, 'LOGIN', DATE_ADD(NOW(), INTERVAL -7 DAY), 'Operation 129 effectuee dans l''environnement de demonstration.', '9', 'Quiz', '192.168.1.138', 29),
(130, 'CREATE', DATE_ADD(NOW(), INTERVAL -6 DAY), 'Operation 130 effectuee dans l''environnement de demonstration.', '10', 'Course', '192.168.1.139', 30),
(131, 'UPDATE', DATE_ADD(NOW(), INTERVAL -5 DAY), 'Operation 131 effectuee dans l''environnement de demonstration.', '11', 'User', '192.168.1.140', 31),
(132, 'EXPORT', DATE_ADD(NOW(), INTERVAL -4 DAY), 'Operation 132 effectuee dans l''environnement de demonstration.', '12', 'Activity', '192.168.1.141', 32),
(133, 'LOGIN', DATE_ADD(NOW(), INTERVAL -3 DAY), 'Operation 133 effectuee dans l''environnement de demonstration.', '13', 'Report', '192.168.1.142', 33),
(134, 'CREATE', DATE_ADD(NOW(), INTERVAL -2 DAY), 'Operation 134 effectuee dans l''environnement de demonstration.', '14', 'Quiz', '192.168.1.143', 34),
(135, 'UPDATE', DATE_ADD(NOW(), INTERVAL -1 DAY), 'Operation 135 effectuee dans l''environnement de demonstration.', '15', 'Course', '192.168.1.144', 35),
(136, 'EXPORT', DATE_ADD(NOW(), INTERVAL -45 DAY), 'Operation 136 effectuee dans l''environnement de demonstration.', '16', 'User', '192.168.1.145', 36),
(137, 'LOGIN', DATE_ADD(NOW(), INTERVAL -44 DAY), 'Operation 137 effectuee dans l''environnement de demonstration.', '17', 'Activity', '192.168.1.146', 37),
(138, 'CREATE', DATE_ADD(NOW(), INTERVAL -43 DAY), 'Operation 138 effectuee dans l''environnement de demonstration.', '18', 'Report', '192.168.1.147', 38),
(139, 'UPDATE', DATE_ADD(NOW(), INTERVAL -42 DAY), 'Operation 139 effectuee dans l''environnement de demonstration.', '19', 'Quiz', '192.168.1.148', 39),
(140, 'EXPORT', DATE_ADD(NOW(), INTERVAL -41 DAY), 'Operation 140 effectuee dans l''environnement de demonstration.', '20', 'Course', '192.168.1.149', 40),
(141, 'LOGIN', DATE_ADD(NOW(), INTERVAL -40 DAY), 'Operation 141 effectuee dans l''environnement de demonstration.', '21', 'User', '192.168.1.150', 41),
(142, 'CREATE', DATE_ADD(NOW(), INTERVAL -39 DAY), 'Operation 142 effectuee dans l''environnement de demonstration.', '22', 'Activity', '192.168.1.151', 42),
(143, 'UPDATE', DATE_ADD(NOW(), INTERVAL -38 DAY), 'Operation 143 effectuee dans l''environnement de demonstration.', '23', 'Report', '192.168.1.152', 43),
(144, 'EXPORT', DATE_ADD(NOW(), INTERVAL -37 DAY), 'Operation 144 effectuee dans l''environnement de demonstration.', '24', 'Quiz', '192.168.1.153', 44),
(145, 'LOGIN', DATE_ADD(NOW(), INTERVAL -36 DAY), 'Operation 145 effectuee dans l''environnement de demonstration.', '25', 'Course', '192.168.1.154', 45),
(146, 'CREATE', DATE_ADD(NOW(), INTERVAL -35 DAY), 'Operation 146 effectuee dans l''environnement de demonstration.', '26', 'User', '192.168.1.155', 46),
(147, 'UPDATE', DATE_ADD(NOW(), INTERVAL -34 DAY), 'Operation 147 effectuee dans l''environnement de demonstration.', '27', 'Activity', '192.168.1.156', 47),
(148, 'EXPORT', DATE_ADD(NOW(), INTERVAL -33 DAY), 'Operation 148 effectuee dans l''environnement de demonstration.', '28', 'Report', '192.168.1.157', 48),
(149, 'LOGIN', DATE_ADD(NOW(), INTERVAL -32 DAY), 'Operation 149 effectuee dans l''environnement de demonstration.', '29', 'Quiz', '192.168.1.158', 49),
(150, 'CREATE', DATE_ADD(NOW(), INTERVAL -31 DAY), 'Operation 150 effectuee dans l''environnement de demonstration.', '30', 'Course', '192.168.1.159', 50),
(151, 'UPDATE', DATE_ADD(NOW(), INTERVAL -30 DAY), 'Operation 151 effectuee dans l''environnement de demonstration.', '31', 'User', '192.168.1.160', 51),
(152, 'EXPORT', DATE_ADD(NOW(), INTERVAL -29 DAY), 'Operation 152 effectuee dans l''environnement de demonstration.', '32', 'Activity', '192.168.1.161', 52),
(153, 'LOGIN', DATE_ADD(NOW(), INTERVAL -28 DAY), 'Operation 153 effectuee dans l''environnement de demonstration.', '33', 'Report', '192.168.1.162', 53),
(154, 'CREATE', DATE_ADD(NOW(), INTERVAL -27 DAY), 'Operation 154 effectuee dans l''environnement de demonstration.', '34', 'Quiz', '192.168.1.163', 54),
(155, 'UPDATE', DATE_ADD(NOW(), INTERVAL -26 DAY), 'Operation 155 effectuee dans l''environnement de demonstration.', '35', 'Course', '192.168.1.164', 55),
(156, 'EXPORT', DATE_ADD(NOW(), INTERVAL -25 DAY), 'Operation 156 effectuee dans l''environnement de demonstration.', '36', 'User', '192.168.1.165', 56),
(157, 'LOGIN', DATE_ADD(NOW(), INTERVAL -24 DAY), 'Operation 157 effectuee dans l''environnement de demonstration.', '37', 'Activity', '192.168.1.166', 57),
(158, 'CREATE', DATE_ADD(NOW(), INTERVAL -23 DAY), 'Operation 158 effectuee dans l''environnement de demonstration.', '38', 'Report', '192.168.1.167', 58),
(159, 'UPDATE', DATE_ADD(NOW(), INTERVAL -22 DAY), 'Operation 159 effectuee dans l''environnement de demonstration.', '39', 'Quiz', '192.168.1.168', 59),
(160, 'EXPORT', DATE_ADD(NOW(), INTERVAL -21 DAY), 'Operation 160 effectuee dans l''environnement de demonstration.', '40', 'Course', '192.168.1.169', 60),
(161, 'LOGIN', DATE_ADD(NOW(), INTERVAL -20 DAY), 'Operation 161 effectuee dans l''environnement de demonstration.', '41', 'User', '192.168.1.170', 61),
(162, 'CREATE', DATE_ADD(NOW(), INTERVAL -19 DAY), 'Operation 162 effectuee dans l''environnement de demonstration.', '42', 'Activity', '192.168.1.171', 62),
(163, 'UPDATE', DATE_ADD(NOW(), INTERVAL -18 DAY), 'Operation 163 effectuee dans l''environnement de demonstration.', '43', 'Report', '192.168.1.172', 63),
(164, 'EXPORT', DATE_ADD(NOW(), INTERVAL -17 DAY), 'Operation 164 effectuee dans l''environnement de demonstration.', '44', 'Quiz', '192.168.1.173', 64),
(165, 'LOGIN', DATE_ADD(NOW(), INTERVAL -16 DAY), 'Operation 165 effectuee dans l''environnement de demonstration.', '45', 'Course', '192.168.1.174', 65),
(166, 'CREATE', DATE_ADD(NOW(), INTERVAL -15 DAY), 'Operation 166 effectuee dans l''environnement de demonstration.', '46', 'User', '192.168.1.175', 66),
(167, 'UPDATE', DATE_ADD(NOW(), INTERVAL -14 DAY), 'Operation 167 effectuee dans l''environnement de demonstration.', '47', 'Activity', '192.168.1.176', 67),
(168, 'EXPORT', DATE_ADD(NOW(), INTERVAL -13 DAY), 'Operation 168 effectuee dans l''environnement de demonstration.', '48', 'Report', '192.168.1.177', 68),
(169, 'LOGIN', DATE_ADD(NOW(), INTERVAL -12 DAY), 'Operation 169 effectuee dans l''environnement de demonstration.', '49', 'Quiz', '192.168.1.178', 69),
(170, 'CREATE', DATE_ADD(NOW(), INTERVAL -11 DAY), 'Operation 170 effectuee dans l''environnement de demonstration.', '50', 'Course', '192.168.1.179', 70),
(171, 'UPDATE', DATE_ADD(NOW(), INTERVAL -10 DAY), 'Operation 171 effectuee dans l''environnement de demonstration.', '51', 'User', '192.168.1.180', 71),
(172, 'EXPORT', DATE_ADD(NOW(), INTERVAL -9 DAY), 'Operation 172 effectuee dans l''environnement de demonstration.', '52', 'Activity', '192.168.1.181', 72),
(173, 'LOGIN', DATE_ADD(NOW(), INTERVAL -8 DAY), 'Operation 173 effectuee dans l''environnement de demonstration.', '53', 'Report', '192.168.1.182', 73),
(174, 'CREATE', DATE_ADD(NOW(), INTERVAL -7 DAY), 'Operation 174 effectuee dans l''environnement de demonstration.', '54', 'Quiz', '192.168.1.183', 74),
(175, 'UPDATE', DATE_ADD(NOW(), INTERVAL -6 DAY), 'Operation 175 effectuee dans l''environnement de demonstration.', '55', 'Course', '192.168.1.184', 75),
(176, 'EXPORT', DATE_ADD(NOW(), INTERVAL -5 DAY), 'Operation 176 effectuee dans l''environnement de demonstration.', '56', 'User', '192.168.1.185', 76),
(177, 'LOGIN', DATE_ADD(NOW(), INTERVAL -4 DAY), 'Operation 177 effectuee dans l''environnement de demonstration.', '57', 'Activity', '192.168.1.186', 77),
(178, 'CREATE', DATE_ADD(NOW(), INTERVAL -3 DAY), 'Operation 178 effectuee dans l''environnement de demonstration.', '58', 'Report', '192.168.1.187', 78),
(179, 'UPDATE', DATE_ADD(NOW(), INTERVAL -2 DAY), 'Operation 179 effectuee dans l''environnement de demonstration.', '59', 'Quiz', '192.168.1.188', 79),
(180, 'EXPORT', DATE_ADD(NOW(), INTERVAL -1 DAY), 'Operation 180 effectuee dans l''environnement de demonstration.', '60', 'Course', '192.168.1.189', 80),
(181, 'LOGIN', DATE_ADD(NOW(), INTERVAL -45 DAY), 'Operation 181 effectuee dans l''environnement de demonstration.', '61', 'User', '192.168.1.190', 81),
(182, 'CREATE', DATE_ADD(NOW(), INTERVAL -44 DAY), 'Operation 182 effectuee dans l''environnement de demonstration.', '62', 'Activity', '192.168.1.191', 82),
(183, 'UPDATE', DATE_ADD(NOW(), INTERVAL -43 DAY), 'Operation 183 effectuee dans l''environnement de demonstration.', '63', 'Report', '192.168.1.192', 83),
(184, 'EXPORT', DATE_ADD(NOW(), INTERVAL -42 DAY), 'Operation 184 effectuee dans l''environnement de demonstration.', '64', 'Quiz', '192.168.1.193', 84),
(185, 'LOGIN', DATE_ADD(NOW(), INTERVAL -41 DAY), 'Operation 185 effectuee dans l''environnement de demonstration.', '65', 'Course', '192.168.1.194', 85),
(186, 'CREATE', DATE_ADD(NOW(), INTERVAL -40 DAY), 'Operation 186 effectuee dans l''environnement de demonstration.', '66', 'User', '192.168.1.195', 86),
(187, 'UPDATE', DATE_ADD(NOW(), INTERVAL -39 DAY), 'Operation 187 effectuee dans l''environnement de demonstration.', '67', 'Activity', '192.168.1.196', 87),
(188, 'EXPORT', DATE_ADD(NOW(), INTERVAL -38 DAY), 'Operation 188 effectuee dans l''environnement de demonstration.', '68', 'Report', '192.168.1.197', 88),
(189, 'LOGIN', DATE_ADD(NOW(), INTERVAL -37 DAY), 'Operation 189 effectuee dans l''environnement de demonstration.', '69', 'Quiz', '192.168.1.198', 89),
(190, 'CREATE', DATE_ADD(NOW(), INTERVAL -36 DAY), 'Operation 190 effectuee dans l''environnement de demonstration.', '70', 'Course', '192.168.1.199', 90),
(191, 'UPDATE', DATE_ADD(NOW(), INTERVAL -35 DAY), 'Operation 191 effectuee dans l''environnement de demonstration.', '71', 'User', '192.168.1.200', 91),
(192, 'EXPORT', DATE_ADD(NOW(), INTERVAL -34 DAY), 'Operation 192 effectuee dans l''environnement de demonstration.', '72', 'Activity', '192.168.1.201', 92),
(193, 'LOGIN', DATE_ADD(NOW(), INTERVAL -33 DAY), 'Operation 193 effectuee dans l''environnement de demonstration.', '73', 'Report', '192.168.1.202', 93),
(194, 'CREATE', DATE_ADD(NOW(), INTERVAL -32 DAY), 'Operation 194 effectuee dans l''environnement de demonstration.', '74', 'Quiz', '192.168.1.203', 94),
(195, 'UPDATE', DATE_ADD(NOW(), INTERVAL -31 DAY), 'Operation 195 effectuee dans l''environnement de demonstration.', '75', 'Course', '192.168.1.204', 95),
(196, 'EXPORT', DATE_ADD(NOW(), INTERVAL -30 DAY), 'Operation 196 effectuee dans l''environnement de demonstration.', '76', 'User', '192.168.1.205', 96),
(197, 'LOGIN', DATE_ADD(NOW(), INTERVAL -29 DAY), 'Operation 197 effectuee dans l''environnement de demonstration.', '77', 'Activity', '192.168.1.206', 97),
(198, 'CREATE', DATE_ADD(NOW(), INTERVAL -28 DAY), 'Operation 198 effectuee dans l''environnement de demonstration.', '78', 'Report', '192.168.1.207', 98),
(199, 'UPDATE', DATE_ADD(NOW(), INTERVAL -27 DAY), 'Operation 199 effectuee dans l''environnement de demonstration.', '79', 'Quiz', '192.168.1.208', 99),
(200, 'EXPORT', DATE_ADD(NOW(), INTERVAL -26 DAY), 'Operation 200 effectuee dans l''environnement de demonstration.', '80', 'Course', '192.168.1.209', 100),
(201, 'LOGIN', DATE_ADD(NOW(), INTERVAL -25 DAY), 'Operation 201 effectuee dans l''environnement de demonstration.', '81', 'User', '192.168.1.10', 1),
(202, 'CREATE', DATE_ADD(NOW(), INTERVAL -24 DAY), 'Operation 202 effectuee dans l''environnement de demonstration.', '82', 'Activity', '192.168.1.11', 2),
(203, 'UPDATE', DATE_ADD(NOW(), INTERVAL -23 DAY), 'Operation 203 effectuee dans l''environnement de demonstration.', '83', 'Report', '192.168.1.12', 3),
(204, 'EXPORT', DATE_ADD(NOW(), INTERVAL -22 DAY), 'Operation 204 effectuee dans l''environnement de demonstration.', '84', 'Quiz', '192.168.1.13', 4),
(205, 'LOGIN', DATE_ADD(NOW(), INTERVAL -21 DAY), 'Operation 205 effectuee dans l''environnement de demonstration.', '85', 'Course', '192.168.1.14', 5),
(206, 'CREATE', DATE_ADD(NOW(), INTERVAL -20 DAY), 'Operation 206 effectuee dans l''environnement de demonstration.', '86', 'User', '192.168.1.15', 6),
(207, 'UPDATE', DATE_ADD(NOW(), INTERVAL -19 DAY), 'Operation 207 effectuee dans l''environnement de demonstration.', '87', 'Activity', '192.168.1.16', 7),
(208, 'EXPORT', DATE_ADD(NOW(), INTERVAL -18 DAY), 'Operation 208 effectuee dans l''environnement de demonstration.', '88', 'Report', '192.168.1.17', 8),
(209, 'LOGIN', DATE_ADD(NOW(), INTERVAL -17 DAY), 'Operation 209 effectuee dans l''environnement de demonstration.', '89', 'Quiz', '192.168.1.18', 9),
(210, 'CREATE', DATE_ADD(NOW(), INTERVAL -16 DAY), 'Operation 210 effectuee dans l''environnement de demonstration.', '90', 'Course', '192.168.1.19', 10),
(211, 'UPDATE', DATE_ADD(NOW(), INTERVAL -15 DAY), 'Operation 211 effectuee dans l''environnement de demonstration.', '91', 'User', '192.168.1.20', 11),
(212, 'EXPORT', DATE_ADD(NOW(), INTERVAL -14 DAY), 'Operation 212 effectuee dans l''environnement de demonstration.', '92', 'Activity', '192.168.1.21', 12),
(213, 'LOGIN', DATE_ADD(NOW(), INTERVAL -13 DAY), 'Operation 213 effectuee dans l''environnement de demonstration.', '93', 'Report', '192.168.1.22', 13),
(214, 'CREATE', DATE_ADD(NOW(), INTERVAL -12 DAY), 'Operation 214 effectuee dans l''environnement de demonstration.', '94', 'Quiz', '192.168.1.23', 14),
(215, 'UPDATE', DATE_ADD(NOW(), INTERVAL -11 DAY), 'Operation 215 effectuee dans l''environnement de demonstration.', '95', 'Course', '192.168.1.24', 15),
(216, 'EXPORT', DATE_ADD(NOW(), INTERVAL -10 DAY), 'Operation 216 effectuee dans l''environnement de demonstration.', '96', 'User', '192.168.1.25', 16),
(217, 'LOGIN', DATE_ADD(NOW(), INTERVAL -9 DAY), 'Operation 217 effectuee dans l''environnement de demonstration.', '97', 'Activity', '192.168.1.26', 17),
(218, 'CREATE', DATE_ADD(NOW(), INTERVAL -8 DAY), 'Operation 218 effectuee dans l''environnement de demonstration.', '98', 'Report', '192.168.1.27', 18),
(219, 'UPDATE', DATE_ADD(NOW(), INTERVAL -7 DAY), 'Operation 219 effectuee dans l''environnement de demonstration.', '99', 'Quiz', '192.168.1.28', 19),
(220, 'EXPORT', DATE_ADD(NOW(), INTERVAL -6 DAY), 'Operation 220 effectuee dans l''environnement de demonstration.', '100', 'Course', '192.168.1.29', 20),
(221, 'LOGIN', DATE_ADD(NOW(), INTERVAL -5 DAY), 'Operation 221 effectuee dans l''environnement de demonstration.', '101', 'User', '192.168.1.30', 21),
(222, 'CREATE', DATE_ADD(NOW(), INTERVAL -4 DAY), 'Operation 222 effectuee dans l''environnement de demonstration.', '102', 'Activity', '192.168.1.31', 22),
(223, 'UPDATE', DATE_ADD(NOW(), INTERVAL -3 DAY), 'Operation 223 effectuee dans l''environnement de demonstration.', '103', 'Report', '192.168.1.32', 23),
(224, 'EXPORT', DATE_ADD(NOW(), INTERVAL -2 DAY), 'Operation 224 effectuee dans l''environnement de demonstration.', '104', 'Quiz', '192.168.1.33', 24),
(225, 'LOGIN', DATE_ADD(NOW(), INTERVAL -1 DAY), 'Operation 225 effectuee dans l''environnement de demonstration.', '105', 'Course', '192.168.1.34', 25),
(226, 'CREATE', DATE_ADD(NOW(), INTERVAL -45 DAY), 'Operation 226 effectuee dans l''environnement de demonstration.', '106', 'User', '192.168.1.35', 26),
(227, 'UPDATE', DATE_ADD(NOW(), INTERVAL -44 DAY), 'Operation 227 effectuee dans l''environnement de demonstration.', '107', 'Activity', '192.168.1.36', 27),
(228, 'EXPORT', DATE_ADD(NOW(), INTERVAL -43 DAY), 'Operation 228 effectuee dans l''environnement de demonstration.', '108', 'Report', '192.168.1.37', 28),
(229, 'LOGIN', DATE_ADD(NOW(), INTERVAL -42 DAY), 'Operation 229 effectuee dans l''environnement de demonstration.', '109', 'Quiz', '192.168.1.38', 29),
(230, 'CREATE', DATE_ADD(NOW(), INTERVAL -41 DAY), 'Operation 230 effectuee dans l''environnement de demonstration.', '110', 'Course', '192.168.1.39', 30),
(231, 'UPDATE', DATE_ADD(NOW(), INTERVAL -40 DAY), 'Operation 231 effectuee dans l''environnement de demonstration.', '111', 'User', '192.168.1.40', 31),
(232, 'EXPORT', DATE_ADD(NOW(), INTERVAL -39 DAY), 'Operation 232 effectuee dans l''environnement de demonstration.', '112', 'Activity', '192.168.1.41', 32),
(233, 'LOGIN', DATE_ADD(NOW(), INTERVAL -38 DAY), 'Operation 233 effectuee dans l''environnement de demonstration.', '113', 'Report', '192.168.1.42', 33),
(234, 'CREATE', DATE_ADD(NOW(), INTERVAL -37 DAY), 'Operation 234 effectuee dans l''environnement de demonstration.', '114', 'Quiz', '192.168.1.43', 34),
(235, 'UPDATE', DATE_ADD(NOW(), INTERVAL -36 DAY), 'Operation 235 effectuee dans l''environnement de demonstration.', '115', 'Course', '192.168.1.44', 35),
(236, 'EXPORT', DATE_ADD(NOW(), INTERVAL -35 DAY), 'Operation 236 effectuee dans l''environnement de demonstration.', '116', 'User', '192.168.1.45', 36),
(237, 'LOGIN', DATE_ADD(NOW(), INTERVAL -34 DAY), 'Operation 237 effectuee dans l''environnement de demonstration.', '117', 'Activity', '192.168.1.46', 37),
(238, 'CREATE', DATE_ADD(NOW(), INTERVAL -33 DAY), 'Operation 238 effectuee dans l''environnement de demonstration.', '118', 'Report', '192.168.1.47', 38),
(239, 'UPDATE', DATE_ADD(NOW(), INTERVAL -32 DAY), 'Operation 239 effectuee dans l''environnement de demonstration.', '119', 'Quiz', '192.168.1.48', 39),
(240, 'EXPORT', DATE_ADD(NOW(), INTERVAL -31 DAY), 'Operation 240 effectuee dans l''environnement de demonstration.', '120', 'Course', '192.168.1.49', 40),
(241, 'LOGIN', DATE_ADD(NOW(), INTERVAL -30 DAY), 'Operation 241 effectuee dans l''environnement de demonstration.', '1', 'User', '192.168.1.50', 41),
(242, 'CREATE', DATE_ADD(NOW(), INTERVAL -29 DAY), 'Operation 242 effectuee dans l''environnement de demonstration.', '2', 'Activity', '192.168.1.51', 42),
(243, 'UPDATE', DATE_ADD(NOW(), INTERVAL -28 DAY), 'Operation 243 effectuee dans l''environnement de demonstration.', '3', 'Report', '192.168.1.52', 43),
(244, 'EXPORT', DATE_ADD(NOW(), INTERVAL -27 DAY), 'Operation 244 effectuee dans l''environnement de demonstration.', '4', 'Quiz', '192.168.1.53', 44),
(245, 'LOGIN', DATE_ADD(NOW(), INTERVAL -26 DAY), 'Operation 245 effectuee dans l''environnement de demonstration.', '5', 'Course', '192.168.1.54', 45),
(246, 'CREATE', DATE_ADD(NOW(), INTERVAL -25 DAY), 'Operation 246 effectuee dans l''environnement de demonstration.', '6', 'User', '192.168.1.55', 46),
(247, 'UPDATE', DATE_ADD(NOW(), INTERVAL -24 DAY), 'Operation 247 effectuee dans l''environnement de demonstration.', '7', 'Activity', '192.168.1.56', 47),
(248, 'EXPORT', DATE_ADD(NOW(), INTERVAL -23 DAY), 'Operation 248 effectuee dans l''environnement de demonstration.', '8', 'Report', '192.168.1.57', 48),
(249, 'LOGIN', DATE_ADD(NOW(), INTERVAL -22 DAY), 'Operation 249 effectuee dans l''environnement de demonstration.', '9', 'Quiz', '192.168.1.58', 49),
(250, 'CREATE', DATE_ADD(NOW(), INTERVAL -21 DAY), 'Operation 250 effectuee dans l''environnement de demonstration.', '10', 'Course', '192.168.1.59', 50),
(251, 'UPDATE', DATE_ADD(NOW(), INTERVAL -20 DAY), 'Operation 251 effectuee dans l''environnement de demonstration.', '11', 'User', '192.168.1.60', 51),
(252, 'EXPORT', DATE_ADD(NOW(), INTERVAL -19 DAY), 'Operation 252 effectuee dans l''environnement de demonstration.', '12', 'Activity', '192.168.1.61', 52),
(253, 'LOGIN', DATE_ADD(NOW(), INTERVAL -18 DAY), 'Operation 253 effectuee dans l''environnement de demonstration.', '13', 'Report', '192.168.1.62', 53),
(254, 'CREATE', DATE_ADD(NOW(), INTERVAL -17 DAY), 'Operation 254 effectuee dans l''environnement de demonstration.', '14', 'Quiz', '192.168.1.63', 54),
(255, 'UPDATE', DATE_ADD(NOW(), INTERVAL -16 DAY), 'Operation 255 effectuee dans l''environnement de demonstration.', '15', 'Course', '192.168.1.64', 55),
(256, 'EXPORT', DATE_ADD(NOW(), INTERVAL -15 DAY), 'Operation 256 effectuee dans l''environnement de demonstration.', '16', 'User', '192.168.1.65', 56),
(257, 'LOGIN', DATE_ADD(NOW(), INTERVAL -14 DAY), 'Operation 257 effectuee dans l''environnement de demonstration.', '17', 'Activity', '192.168.1.66', 57),
(258, 'CREATE', DATE_ADD(NOW(), INTERVAL -13 DAY), 'Operation 258 effectuee dans l''environnement de demonstration.', '18', 'Report', '192.168.1.67', 58),
(259, 'UPDATE', DATE_ADD(NOW(), INTERVAL -12 DAY), 'Operation 259 effectuee dans l''environnement de demonstration.', '19', 'Quiz', '192.168.1.68', 59),
(260, 'EXPORT', DATE_ADD(NOW(), INTERVAL -11 DAY), 'Operation 260 effectuee dans l''environnement de demonstration.', '20', 'Course', '192.168.1.69', 60);

INSERT INTO timetable_slots (id, classroom, day_of_week, end_time, level, start_time, subject, teacher_profile_id) VALUES

(1, 'Salle 100', 'MONDAY', '09:55:00', '6eme', '08:00:00', 'ARABIC', 1),
(2, 'Salle 101', 'TUESDAY', '10:55:00', '7eme', '09:00:00', 'FRENCH', 2),
(3, 'Salle 102', 'WEDNESDAY', '11:55:00', '8eme', '10:00:00', 'ENGLISH', 3),
(4, 'Salle 103', 'THURSDAY', '12:55:00', '9eme', '11:00:00', 'MATH', 4),
(5, 'Salle 104', 'FRIDAY', '13:55:00', '1ere', '12:00:00', 'PHYSICS', 5),
(6, 'Salle 105', 'SATURDAY', '14:55:00', '2eme', '13:00:00', 'CHEMISTRY', 6),
(7, 'Salle 106', 'MONDAY', '09:55:00', 'Bac', '08:00:00', 'BIOLOGY', 7),
(8, 'Salle 107', 'TUESDAY', '10:55:00', '6eme', '09:00:00', 'HISTORY_GEOGRAPHY', 8),
(9, 'Salle 108', 'WEDNESDAY', '11:55:00', '7eme', '10:00:00', 'PHILOSOPHY', 9),
(10, 'Salle 109', 'THURSDAY', '12:55:00', '8eme', '11:00:00', 'ISLAMIC_STUDIES', 10),
(11, 'Salle 110', 'FRIDAY', '13:55:00', '9eme', '12:00:00', 'PHYSICAL_EDUCATION', 11),
(12, 'Salle 111', 'SATURDAY', '14:55:00', '1ere', '13:00:00', 'COMPUTER_SCIENCE', 12),
(13, 'Salle 112', 'MONDAY', '09:55:00', '2eme', '08:00:00', 'ECONOMICS', 13),
(14, 'Salle 113', 'TUESDAY', '10:55:00', 'Bac', '09:00:00', 'ARTS', 14),
(15, 'Salle 114', 'WEDNESDAY', '11:55:00', '6eme', '10:00:00', 'MUSIC', 15),
(16, 'Salle 115', 'THURSDAY', '12:55:00', '7eme', '11:00:00', 'ARABIC', 16),
(17, 'Salle 116', 'FRIDAY', '13:55:00', '8eme', '12:00:00', 'FRENCH', 17),
(18, 'Salle 117', 'SATURDAY', '14:55:00', '9eme', '13:00:00', 'ENGLISH', 18),
(19, 'Salle 118', 'MONDAY', '09:55:00', '1ere', '08:00:00', 'MATH', 19),
(20, 'Salle 119', 'TUESDAY', '10:55:00', '2eme', '09:00:00', 'PHYSICS', 20),
(21, 'Salle 120', 'WEDNESDAY', '11:55:00', 'Bac', '10:00:00', 'CHEMISTRY', 21),
(22, 'Salle 121', 'THURSDAY', '12:55:00', '6eme', '11:00:00', 'BIOLOGY', 22),
(23, 'Salle 122', 'FRIDAY', '13:55:00', '7eme', '12:00:00', 'HISTORY_GEOGRAPHY', 23),
(24, 'Salle 123', 'SATURDAY', '14:55:00', '8eme', '13:00:00', 'PHILOSOPHY', 24),
(25, 'Salle 124', 'MONDAY', '09:55:00', '9eme', '08:00:00', 'ISLAMIC_STUDIES', 25),
(26, 'Salle 125', 'TUESDAY', '10:55:00', '1ere', '09:00:00', 'PHYSICAL_EDUCATION', 26),
(27, 'Salle 126', 'WEDNESDAY', '11:55:00', '2eme', '10:00:00', 'COMPUTER_SCIENCE', 27),
(28, 'Salle 127', 'THURSDAY', '12:55:00', 'Bac', '11:00:00', 'ECONOMICS', 28),
(29, 'Salle 128', 'FRIDAY', '13:55:00', '6eme', '12:00:00', 'ARTS', 29),
(30, 'Salle 129', 'SATURDAY', '14:55:00', '7eme', '13:00:00', 'MUSIC', 30),
(31, 'Salle 130', 'MONDAY', '09:55:00', '8eme', '08:00:00', 'ARABIC', 31),
(32, 'Salle 131', 'TUESDAY', '10:55:00', '9eme', '09:00:00', 'FRENCH', 32),
(33, 'Salle 132', 'WEDNESDAY', '11:55:00', '1ere', '10:00:00', 'ENGLISH', 33),
(34, 'Salle 133', 'THURSDAY', '12:55:00', '2eme', '11:00:00', 'MATH', 34),
(35, 'Salle 134', 'FRIDAY', '13:55:00', 'Bac', '12:00:00', 'PHYSICS', 35),
(36, 'Salle 135', 'SATURDAY', '14:55:00', '6eme', '13:00:00', 'CHEMISTRY', 36),
(37, 'Salle 136', 'MONDAY', '09:55:00', '7eme', '08:00:00', 'BIOLOGY', 37),
(38, 'Salle 137', 'TUESDAY', '10:55:00', '8eme', '09:00:00', 'HISTORY_GEOGRAPHY', 38),
(39, 'Salle 138', 'WEDNESDAY', '11:55:00', '9eme', '10:00:00', 'PHILOSOPHY', 39),
(40, 'Salle 139', 'THURSDAY', '12:55:00', '1ere', '11:00:00', 'ISLAMIC_STUDIES', 40),
(41, 'Salle 100', 'FRIDAY', '13:55:00', '2eme', '12:00:00', 'PHYSICAL_EDUCATION', 41),
(42, 'Salle 101', 'SATURDAY', '14:55:00', 'Bac', '13:00:00', 'COMPUTER_SCIENCE', 42),
(43, 'Salle 102', 'MONDAY', '09:55:00', '6eme', '08:00:00', 'ECONOMICS', 43),
(44, 'Salle 103', 'TUESDAY', '10:55:00', '7eme', '09:00:00', 'ARTS', 44),
(45, 'Salle 104', 'WEDNESDAY', '11:55:00', '8eme', '10:00:00', 'MUSIC', 45),
(46, 'Salle 105', 'THURSDAY', '12:55:00', '9eme', '11:00:00', 'ARABIC', 46),
(47, 'Salle 106', 'FRIDAY', '13:55:00', '1ere', '12:00:00', 'FRENCH', 47),
(48, 'Salle 107', 'SATURDAY', '14:55:00', '2eme', '13:00:00', 'ENGLISH', 48),
(49, 'Salle 108', 'MONDAY', '09:55:00', 'Bac', '08:00:00', 'MATH', 49),
(50, 'Salle 109', 'TUESDAY', '10:55:00', '6eme', '09:00:00', 'PHYSICS', 50),
(51, 'Salle 110', 'WEDNESDAY', '11:55:00', '7eme', '10:00:00', 'CHEMISTRY', 51),
(52, 'Salle 111', 'THURSDAY', '12:55:00', '8eme', '11:00:00', 'BIOLOGY', 52),
(53, 'Salle 112', 'FRIDAY', '13:55:00', '9eme', '12:00:00', 'HISTORY_GEOGRAPHY', 53),
(54, 'Salle 113', 'SATURDAY', '14:55:00', '1ere', '13:00:00', 'PHILOSOPHY', 54),
(55, 'Salle 114', 'MONDAY', '09:55:00', '2eme', '08:00:00', 'ISLAMIC_STUDIES', 55),
(56, 'Salle 115', 'TUESDAY', '10:55:00', 'Bac', '09:00:00', 'PHYSICAL_EDUCATION', 56),
(57, 'Salle 116', 'WEDNESDAY', '11:55:00', '6eme', '10:00:00', 'COMPUTER_SCIENCE', 57),
(58, 'Salle 117', 'THURSDAY', '12:55:00', '7eme', '11:00:00', 'ECONOMICS', 58),
(59, 'Salle 118', 'FRIDAY', '13:55:00', '8eme', '12:00:00', 'ARTS', 59),
(60, 'Salle 119', 'SATURDAY', '14:55:00', '9eme', '13:00:00', 'MUSIC', 60),
(61, 'Salle 120', 'MONDAY', '09:55:00', '1ere', '08:00:00', 'ARABIC', 61),
(62, 'Salle 121', 'TUESDAY', '10:55:00', '2eme', '09:00:00', 'FRENCH', 62),
(63, 'Salle 122', 'WEDNESDAY', '11:55:00', 'Bac', '10:00:00', 'ENGLISH', 63),
(64, 'Salle 123', 'THURSDAY', '12:55:00', '6eme', '11:00:00', 'MATH', 64),
(65, 'Salle 124', 'FRIDAY', '13:55:00', '7eme', '12:00:00', 'PHYSICS', 65),
(66, 'Salle 125', 'SATURDAY', '14:55:00', '8eme', '13:00:00', 'CHEMISTRY', 66),
(67, 'Salle 126', 'MONDAY', '09:55:00', '9eme', '08:00:00', 'BIOLOGY', 67),
(68, 'Salle 127', 'TUESDAY', '10:55:00', '1ere', '09:00:00', 'HISTORY_GEOGRAPHY', 68),
(69, 'Salle 128', 'WEDNESDAY', '11:55:00', '2eme', '10:00:00', 'PHILOSOPHY', 69),
(70, 'Salle 129', 'THURSDAY', '12:55:00', 'Bac', '11:00:00', 'ISLAMIC_STUDIES', 70),
(71, 'Salle 130', 'FRIDAY', '13:55:00', '6eme', '12:00:00', 'PHYSICAL_EDUCATION', 71),
(72, 'Salle 131', 'SATURDAY', '14:55:00', '7eme', '13:00:00', 'COMPUTER_SCIENCE', 72),
(73, 'Salle 132', 'MONDAY', '09:55:00', '8eme', '08:00:00', 'ECONOMICS', 73),
(74, 'Salle 133', 'TUESDAY', '10:55:00', '9eme', '09:00:00', 'ARTS', 74),
(75, 'Salle 134', 'WEDNESDAY', '11:55:00', '1ere', '10:00:00', 'MUSIC', 75),
(76, 'Salle 135', 'THURSDAY', '12:55:00', '2eme', '11:00:00', 'ARABIC', 76),
(77, 'Salle 136', 'FRIDAY', '13:55:00', 'Bac', '12:00:00', 'FRENCH', 77),
(78, 'Salle 137', 'SATURDAY', '14:55:00', '6eme', '13:00:00', 'ENGLISH', 78),
(79, 'Salle 138', 'MONDAY', '09:55:00', '7eme', '08:00:00', 'MATH', 79),
(80, 'Salle 139', 'TUESDAY', '10:55:00', '8eme', '09:00:00', 'PHYSICS', 80),
(81, 'Salle 100', 'WEDNESDAY', '11:55:00', '9eme', '10:00:00', 'CHEMISTRY', 1),
(82, 'Salle 101', 'THURSDAY', '12:55:00', '1ere', '11:00:00', 'BIOLOGY', 2),
(83, 'Salle 102', 'FRIDAY', '13:55:00', '2eme', '12:00:00', 'HISTORY_GEOGRAPHY', 3),
(84, 'Salle 103', 'SATURDAY', '14:55:00', 'Bac', '13:00:00', 'PHILOSOPHY', 4),
(85, 'Salle 104', 'MONDAY', '09:55:00', '6eme', '08:00:00', 'ISLAMIC_STUDIES', 5),
(86, 'Salle 105', 'TUESDAY', '10:55:00', '7eme', '09:00:00', 'PHYSICAL_EDUCATION', 6),
(87, 'Salle 106', 'WEDNESDAY', '11:55:00', '8eme', '10:00:00', 'COMPUTER_SCIENCE', 7),
(88, 'Salle 107', 'THURSDAY', '12:55:00', '9eme', '11:00:00', 'ECONOMICS', 8),
(89, 'Salle 108', 'FRIDAY', '13:55:00', '1ere', '12:00:00', 'ARTS', 9),
(90, 'Salle 109', 'SATURDAY', '14:55:00', '2eme', '13:00:00', 'MUSIC', 10),
(91, 'Salle 110', 'MONDAY', '09:55:00', 'Bac', '08:00:00', 'ARABIC', 11),
(92, 'Salle 111', 'TUESDAY', '10:55:00', '6eme', '09:00:00', 'FRENCH', 12),
(93, 'Salle 112', 'WEDNESDAY', '11:55:00', '7eme', '10:00:00', 'ENGLISH', 13),
(94, 'Salle 113', 'THURSDAY', '12:55:00', '8eme', '11:00:00', 'MATH', 14),
(95, 'Salle 114', 'FRIDAY', '13:55:00', '9eme', '12:00:00', 'PHYSICS', 15),
(96, 'Salle 115', 'SATURDAY', '14:55:00', '1ere', '13:00:00', 'CHEMISTRY', 16),
(97, 'Salle 116', 'MONDAY', '09:55:00', '2eme', '08:00:00', 'BIOLOGY', 17),
(98, 'Salle 117', 'TUESDAY', '10:55:00', 'Bac', '09:00:00', 'HISTORY_GEOGRAPHY', 18),
(99, 'Salle 118', 'WEDNESDAY', '11:55:00', '6eme', '10:00:00', 'PHILOSOPHY', 19),
(100, 'Salle 119', 'THURSDAY', '12:55:00', '7eme', '11:00:00', 'ISLAMIC_STUDIES', 20),
(101, 'Salle 120', 'FRIDAY', '13:55:00', '8eme', '12:00:00', 'PHYSICAL_EDUCATION', 21),
(102, 'Salle 121', 'SATURDAY', '14:55:00', '9eme', '13:00:00', 'COMPUTER_SCIENCE', 22),
(103, 'Salle 122', 'MONDAY', '09:55:00', '1ere', '08:00:00', 'ECONOMICS', 23),
(104, 'Salle 123', 'TUESDAY', '10:55:00', '2eme', '09:00:00', 'ARTS', 24),
(105, 'Salle 124', 'WEDNESDAY', '11:55:00', 'Bac', '10:00:00', 'MUSIC', 25),
(106, 'Salle 125', 'THURSDAY', '12:55:00', '6eme', '11:00:00', 'ARABIC', 26),
(107, 'Salle 126', 'FRIDAY', '13:55:00', '7eme', '12:00:00', 'FRENCH', 27),
(108, 'Salle 127', 'SATURDAY', '14:55:00', '8eme', '13:00:00', 'ENGLISH', 28),
(109, 'Salle 128', 'MONDAY', '09:55:00', '9eme', '08:00:00', 'MATH', 29),
(110, 'Salle 129', 'TUESDAY', '10:55:00', '1ere', '09:00:00', 'PHYSICS', 30),
(111, 'Salle 130', 'WEDNESDAY', '11:55:00', '2eme', '10:00:00', 'CHEMISTRY', 31),
(112, 'Salle 131', 'THURSDAY', '12:55:00', 'Bac', '11:00:00', 'BIOLOGY', 32),
(113, 'Salle 132', 'FRIDAY', '13:55:00', '6eme', '12:00:00', 'HISTORY_GEOGRAPHY', 33),
(114, 'Salle 133', 'SATURDAY', '14:55:00', '7eme', '13:00:00', 'PHILOSOPHY', 34),
(115, 'Salle 134', 'MONDAY', '09:55:00', '8eme', '08:00:00', 'ISLAMIC_STUDIES', 35),
(116, 'Salle 135', 'TUESDAY', '10:55:00', '9eme', '09:00:00', 'PHYSICAL_EDUCATION', 36),
(117, 'Salle 136', 'WEDNESDAY', '11:55:00', '1ere', '10:00:00', 'COMPUTER_SCIENCE', 37),
(118, 'Salle 137', 'THURSDAY', '12:55:00', '2eme', '11:00:00', 'ECONOMICS', 38),
(119, 'Salle 138', 'FRIDAY', '13:55:00', 'Bac', '12:00:00', 'ARTS', 39),
(120, 'Salle 139', 'SATURDAY', '14:55:00', '6eme', '13:00:00', 'MUSIC', 40),
(121, 'Salle 100', 'MONDAY', '09:55:00', '7eme', '08:00:00', 'ARABIC', 41),
(122, 'Salle 101', 'TUESDAY', '10:55:00', '8eme', '09:00:00', 'FRENCH', 42),
(123, 'Salle 102', 'WEDNESDAY', '11:55:00', '9eme', '10:00:00', 'ENGLISH', 43),
(124, 'Salle 103', 'THURSDAY', '12:55:00', '1ere', '11:00:00', 'MATH', 44),
(125, 'Salle 104', 'FRIDAY', '13:55:00', '2eme', '12:00:00', 'PHYSICS', 45),
(126, 'Salle 105', 'SATURDAY', '14:55:00', 'Bac', '13:00:00', 'CHEMISTRY', 46),
(127, 'Salle 106', 'MONDAY', '09:55:00', '6eme', '08:00:00', 'BIOLOGY', 47),
(128, 'Salle 107', 'TUESDAY', '10:55:00', '7eme', '09:00:00', 'HISTORY_GEOGRAPHY', 48),
(129, 'Salle 108', 'WEDNESDAY', '11:55:00', '8eme', '10:00:00', 'PHILOSOPHY', 49),
(130, 'Salle 109', 'THURSDAY', '12:55:00', '9eme', '11:00:00', 'ISLAMIC_STUDIES', 50),
(131, 'Salle 110', 'FRIDAY', '13:55:00', '1ere', '12:00:00', 'PHYSICAL_EDUCATION', 51),
(132, 'Salle 111', 'SATURDAY', '14:55:00', '2eme', '13:00:00', 'COMPUTER_SCIENCE', 52),
(133, 'Salle 112', 'MONDAY', '09:55:00', 'Bac', '08:00:00', 'ECONOMICS', 53),
(134, 'Salle 113', 'TUESDAY', '10:55:00', '6eme', '09:00:00', 'ARTS', 54),
(135, 'Salle 114', 'WEDNESDAY', '11:55:00', '7eme', '10:00:00', 'MUSIC', 55),
(136, 'Salle 115', 'THURSDAY', '12:55:00', '8eme', '11:00:00', 'ARABIC', 56),
(137, 'Salle 116', 'FRIDAY', '13:55:00', '9eme', '12:00:00', 'FRENCH', 57),
(138, 'Salle 117', 'SATURDAY', '14:55:00', '1ere', '13:00:00', 'ENGLISH', 58),
(139, 'Salle 118', 'MONDAY', '09:55:00', '2eme', '08:00:00', 'MATH', 59),
(140, 'Salle 119', 'TUESDAY', '10:55:00', 'Bac', '09:00:00', 'PHYSICS', 60),
(141, 'Salle 120', 'WEDNESDAY', '11:55:00', '6eme', '10:00:00', 'CHEMISTRY', 61),
(142, 'Salle 121', 'THURSDAY', '12:55:00', '7eme', '11:00:00', 'BIOLOGY', 62),
(143, 'Salle 122', 'FRIDAY', '13:55:00', '8eme', '12:00:00', 'HISTORY_GEOGRAPHY', 63),
(144, 'Salle 123', 'SATURDAY', '14:55:00', '9eme', '13:00:00', 'PHILOSOPHY', 64),
(145, 'Salle 124', 'MONDAY', '09:55:00', '1ere', '08:00:00', 'ISLAMIC_STUDIES', 65),
(146, 'Salle 125', 'TUESDAY', '10:55:00', '2eme', '09:00:00', 'PHYSICAL_EDUCATION', 66),
(147, 'Salle 126', 'WEDNESDAY', '11:55:00', 'Bac', '10:00:00', 'COMPUTER_SCIENCE', 67),
(148, 'Salle 127', 'THURSDAY', '12:55:00', '6eme', '11:00:00', 'ECONOMICS', 68),
(149, 'Salle 128', 'FRIDAY', '13:55:00', '7eme', '12:00:00', 'ARTS', 69),
(150, 'Salle 129', 'SATURDAY', '14:55:00', '8eme', '13:00:00', 'MUSIC', 70),
(151, 'Salle 130', 'MONDAY', '09:55:00', '9eme', '08:00:00', 'ARABIC', 71),
(152, 'Salle 131', 'TUESDAY', '10:55:00', '1ere', '09:00:00', 'FRENCH', 72),
(153, 'Salle 132', 'WEDNESDAY', '11:55:00', '2eme', '10:00:00', 'ENGLISH', 73),
(154, 'Salle 133', 'THURSDAY', '12:55:00', 'Bac', '11:00:00', 'MATH', 74),
(155, 'Salle 134', 'FRIDAY', '13:55:00', '6eme', '12:00:00', 'PHYSICS', 75),
(156, 'Salle 135', 'SATURDAY', '14:55:00', '7eme', '13:00:00', 'CHEMISTRY', 76),
(157, 'Salle 136', 'MONDAY', '09:55:00', '8eme', '08:00:00', 'BIOLOGY', 77),
(158, 'Salle 137', 'TUESDAY', '10:55:00', '9eme', '09:00:00', 'HISTORY_GEOGRAPHY', 78),
(159, 'Salle 138', 'WEDNESDAY', '11:55:00', '1ere', '10:00:00', 'PHILOSOPHY', 79),
(160, 'Salle 139', 'THURSDAY', '12:55:00', '2eme', '11:00:00', 'ISLAMIC_STUDIES', 80),
(161, 'Salle 100', 'FRIDAY', '13:55:00', 'Bac', '12:00:00', 'PHYSICAL_EDUCATION', 1),
(162, 'Salle 101', 'SATURDAY', '14:55:00', '6eme', '13:00:00', 'COMPUTER_SCIENCE', 2),
(163, 'Salle 102', 'MONDAY', '09:55:00', '7eme', '08:00:00', 'ECONOMICS', 3),
(164, 'Salle 103', 'TUESDAY', '10:55:00', '8eme', '09:00:00', 'ARTS', 4),
(165, 'Salle 104', 'WEDNESDAY', '11:55:00', '9eme', '10:00:00', 'MUSIC', 5),
(166, 'Salle 105', 'THURSDAY', '12:55:00', '1ere', '11:00:00', 'ARABIC', 6),
(167, 'Salle 106', 'FRIDAY', '13:55:00', '2eme', '12:00:00', 'FRENCH', 7),
(168, 'Salle 107', 'SATURDAY', '14:55:00', 'Bac', '13:00:00', 'ENGLISH', 8),
(169, 'Salle 108', 'MONDAY', '09:55:00', '6eme', '08:00:00', 'MATH', 9),
(170, 'Salle 109', 'TUESDAY', '10:55:00', '7eme', '09:00:00', 'PHYSICS', 10),
(171, 'Salle 110', 'WEDNESDAY', '11:55:00', '8eme', '10:00:00', 'CHEMISTRY', 11),
(172, 'Salle 111', 'THURSDAY', '12:55:00', '9eme', '11:00:00', 'BIOLOGY', 12),
(173, 'Salle 112', 'FRIDAY', '13:55:00', '1ere', '12:00:00', 'HISTORY_GEOGRAPHY', 13),
(174, 'Salle 113', 'SATURDAY', '14:55:00', '2eme', '13:00:00', 'PHILOSOPHY', 14),
(175, 'Salle 114', 'MONDAY', '09:55:00', 'Bac', '08:00:00', 'ISLAMIC_STUDIES', 15),
(176, 'Salle 115', 'TUESDAY', '10:55:00', '6eme', '09:00:00', 'PHYSICAL_EDUCATION', 16),
(177, 'Salle 116', 'WEDNESDAY', '11:55:00', '7eme', '10:00:00', 'COMPUTER_SCIENCE', 17),
(178, 'Salle 117', 'THURSDAY', '12:55:00', '8eme', '11:00:00', 'ECONOMICS', 18),
(179, 'Salle 118', 'FRIDAY', '13:55:00', '9eme', '12:00:00', 'ARTS', 19),
(180, 'Salle 119', 'SATURDAY', '14:55:00', '1ere', '13:00:00', 'MUSIC', 20),
(181, 'Salle 120', 'MONDAY', '09:55:00', '2eme', '08:00:00', 'ARABIC', 21),
(182, 'Salle 121', 'TUESDAY', '10:55:00', 'Bac', '09:00:00', 'FRENCH', 22),
(183, 'Salle 122', 'WEDNESDAY', '11:55:00', '6eme', '10:00:00', 'ENGLISH', 23),
(184, 'Salle 123', 'THURSDAY', '12:55:00', '7eme', '11:00:00', 'MATH', 24),
(185, 'Salle 124', 'FRIDAY', '13:55:00', '8eme', '12:00:00', 'PHYSICS', 25),
(186, 'Salle 125', 'SATURDAY', '14:55:00', '9eme', '13:00:00', 'CHEMISTRY', 26),
(187, 'Salle 126', 'MONDAY', '09:55:00', '1ere', '08:00:00', 'BIOLOGY', 27),
(188, 'Salle 127', 'TUESDAY', '10:55:00', '2eme', '09:00:00', 'HISTORY_GEOGRAPHY', 28),
(189, 'Salle 128', 'WEDNESDAY', '11:55:00', 'Bac', '10:00:00', 'PHILOSOPHY', 29),
(190, 'Salle 129', 'THURSDAY', '12:55:00', '6eme', '11:00:00', 'ISLAMIC_STUDIES', 30),
(191, 'Salle 130', 'FRIDAY', '13:55:00', '7eme', '12:00:00', 'PHYSICAL_EDUCATION', 31),
(192, 'Salle 131', 'SATURDAY', '14:55:00', '8eme', '13:00:00', 'COMPUTER_SCIENCE', 32),
(193, 'Salle 132', 'MONDAY', '09:55:00', '9eme', '08:00:00', 'ECONOMICS', 33),
(194, 'Salle 133', 'TUESDAY', '10:55:00', '1ere', '09:00:00', 'ARTS', 34),
(195, 'Salle 134', 'WEDNESDAY', '11:55:00', '2eme', '10:00:00', 'MUSIC', 35),
(196, 'Salle 135', 'THURSDAY', '12:55:00', 'Bac', '11:00:00', 'ARABIC', 36),
(197, 'Salle 136', 'FRIDAY', '13:55:00', '6eme', '12:00:00', 'FRENCH', 37),
(198, 'Salle 137', 'SATURDAY', '14:55:00', '7eme', '13:00:00', 'ENGLISH', 38),
(199, 'Salle 138', 'MONDAY', '09:55:00', '8eme', '08:00:00', 'MATH', 39),
(200, 'Salle 139', 'TUESDAY', '10:55:00', '9eme', '09:00:00', 'PHYSICS', 40),
(201, 'Salle 100', 'WEDNESDAY', '11:55:00', '1ere', '10:00:00', 'CHEMISTRY', 41),
(202, 'Salle 101', 'THURSDAY', '12:55:00', '2eme', '11:00:00', 'BIOLOGY', 42),
(203, 'Salle 102', 'FRIDAY', '13:55:00', 'Bac', '12:00:00', 'HISTORY_GEOGRAPHY', 43),
(204, 'Salle 103', 'SATURDAY', '14:55:00', '6eme', '13:00:00', 'PHILOSOPHY', 44),
(205, 'Salle 104', 'MONDAY', '09:55:00', '7eme', '08:00:00', 'ISLAMIC_STUDIES', 45),
(206, 'Salle 105', 'TUESDAY', '10:55:00', '8eme', '09:00:00', 'PHYSICAL_EDUCATION', 46),
(207, 'Salle 106', 'WEDNESDAY', '11:55:00', '9eme', '10:00:00', 'COMPUTER_SCIENCE', 47),
(208, 'Salle 107', 'THURSDAY', '12:55:00', '1ere', '11:00:00', 'ECONOMICS', 48),
(209, 'Salle 108', 'FRIDAY', '13:55:00', '2eme', '12:00:00', 'ARTS', 49),
(210, 'Salle 109', 'SATURDAY', '14:55:00', 'Bac', '13:00:00', 'MUSIC', 50),
(211, 'Salle 110', 'MONDAY', '09:55:00', '6eme', '08:00:00', 'ARABIC', 51),
(212, 'Salle 111', 'TUESDAY', '10:55:00', '7eme', '09:00:00', 'FRENCH', 52),
(213, 'Salle 112', 'WEDNESDAY', '11:55:00', '8eme', '10:00:00', 'ENGLISH', 53),
(214, 'Salle 113', 'THURSDAY', '12:55:00', '9eme', '11:00:00', 'MATH', 54),
(215, 'Salle 114', 'FRIDAY', '13:55:00', '1ere', '12:00:00', 'PHYSICS', 55),
(216, 'Salle 115', 'SATURDAY', '14:55:00', '2eme', '13:00:00', 'CHEMISTRY', 56),
(217, 'Salle 116', 'MONDAY', '09:55:00', 'Bac', '08:00:00', 'BIOLOGY', 57),
(218, 'Salle 117', 'TUESDAY', '10:55:00', '6eme', '09:00:00', 'HISTORY_GEOGRAPHY', 58),
(219, 'Salle 118', 'WEDNESDAY', '11:55:00', '7eme', '10:00:00', 'PHILOSOPHY', 59),
(220, 'Salle 119', 'THURSDAY', '12:55:00', '8eme', '11:00:00', 'ISLAMIC_STUDIES', 60),
(221, 'Salle 120', 'FRIDAY', '13:55:00', '9eme', '12:00:00', 'PHYSICAL_EDUCATION', 61),
(222, 'Salle 121', 'SATURDAY', '14:55:00', '1ere', '13:00:00', 'COMPUTER_SCIENCE', 62),
(223, 'Salle 122', 'MONDAY', '09:55:00', '2eme', '08:00:00', 'ECONOMICS', 63),
(224, 'Salle 123', 'TUESDAY', '10:55:00', 'Bac', '09:00:00', 'ARTS', 64),
(225, 'Salle 124', 'WEDNESDAY', '11:55:00', '6eme', '10:00:00', 'MUSIC', 65),
(226, 'Salle 125', 'THURSDAY', '12:55:00', '7eme', '11:00:00', 'ARABIC', 66),
(227, 'Salle 126', 'FRIDAY', '13:55:00', '8eme', '12:00:00', 'FRENCH', 67),
(228, 'Salle 127', 'SATURDAY', '14:55:00', '9eme', '13:00:00', 'ENGLISH', 68),
(229, 'Salle 128', 'MONDAY', '09:55:00', '1ere', '08:00:00', 'MATH', 69),
(230, 'Salle 129', 'TUESDAY', '10:55:00', '2eme', '09:00:00', 'PHYSICS', 70),
(231, 'Salle 130', 'WEDNESDAY', '11:55:00', 'Bac', '10:00:00', 'CHEMISTRY', 71),
(232, 'Salle 131', 'THURSDAY', '12:55:00', '6eme', '11:00:00', 'BIOLOGY', 72),
(233, 'Salle 132', 'FRIDAY', '13:55:00', '7eme', '12:00:00', 'HISTORY_GEOGRAPHY', 73),
(234, 'Salle 133', 'SATURDAY', '14:55:00', '8eme', '13:00:00', 'PHILOSOPHY', 74),
(235, 'Salle 134', 'MONDAY', '09:55:00', '9eme', '08:00:00', 'ISLAMIC_STUDIES', 75),
(236, 'Salle 135', 'TUESDAY', '10:55:00', '1ere', '09:00:00', 'PHYSICAL_EDUCATION', 76),
(237, 'Salle 136', 'WEDNESDAY', '11:55:00', '2eme', '10:00:00', 'COMPUTER_SCIENCE', 77),
(238, 'Salle 137', 'THURSDAY', '12:55:00', 'Bac', '11:00:00', 'ECONOMICS', 78),
(239, 'Salle 138', 'FRIDAY', '13:55:00', '6eme', '12:00:00', 'ARTS', 79),
(240, 'Salle 139', 'SATURDAY', '14:55:00', '7eme', '13:00:00', 'MUSIC', 80);
